Time_s,RL_SpeedOverride,Reward,TrackingError_mm,EE_Velocity_mms,TorqueMag_Nm
0.0003259,0.991872131824493,-0.0068051081717431,4.67453767e-16,1.06290473995412,54.6145248559295
0.2836173,0.991872668266296,0.140677577929549,0.031885959323341,1.06290473995412,54.6145248559295
0.3363981,0.992545545101166,0.0418761746716395,0.227031527307195,7.11080437774186,54.6145248559295
0.406967,0.993114829063416,0.0550660362840912,0.776749563581151,18.3239372197278,54.6145248559295
0.6210466,0.993537783622742,0.067231260964504,1.79035790928739,33.7869454828644,51.0377067903146
0.8827858,0.993919372558594,0.0774783945508225,3.36946122883787,52.6367775431658,51.0377067903146
0.9417075,0.99422812461853,0.0852712040419308,5.59134186386934,74.0626879356716,51.0377067903146
1.1387902,0.994473516941071,0.0904652273233884,8.51052898292301,97.3062373544764,51.0377067903146
1.1895191,0.994662940502167,0.0929807408980449,12.160367761594,121.661292652655,51.0377067903146
1.2428769,0.994928181171417,0.0882901502775125,16.5545885663014,146.474026842327,62.8593751829129
1.6914204,0.994918048381805,0.110862155846984,9.52884234377983,171.142919094677,62.8593751829129
1.7436568,0.994971573352814,0.0875434278176345,15.3417272889794,195.118754739886,62.8593751829129
1.7979219,0.994907319545746,0.0866280717729573,12.4399336614235,217.90462526717,62.8593751829129
2.0625525,0.994886934757233,0.0617718218969399,19.5621936883964,239.055928324769,62.8593751829129
2.1209254,0.995036065578461,0.0357996042473282,27.3075935311807,258.180367720005,82.3044492606061
2.3761761,0.994952261447906,0.0098435978704834,35.5557321334018,274.937953419097,82.3044492606061
2.5968373,0.994600653648376,0.0497235674291852,17.4861042236071,289.041001547476,82.3044492606061
2.6611511,0.994449973106384,0.023608248558649,26.4937262197132,300.254134389442,82.3044492606061
2.713337,0.994263708591461,-0.00093932962971266,35.1786463905986,308.394280388441,82.3044492606061
2.912069,0.994133234024048,-0.0256833589664331,44.3949981813796,313.330674146859,88.9868004763919
3.1850775,0.993898272514343,-0.0504588792159505,53.8445437962744,314.984856426163,88.9868004763919
3.2379053,0.993552803993225,0.0108736389803611,28.8479832422727,313.330674146859,88.9868004763919
3.4479881,0.993833243846893,-0.0115061888316219,38.0998100340244,308.394280388429,88.9868004763919
3.4989169,0.994081854820251,-0.0324505266769948,47.1074330998856,300.254134389448,88.9868004763919
3.5507485,0.994208097457886,-0.0535214539690555,55.7786625112386,289.04100154747,81.4246414157352
3.960824,0.994393467903137,-0.0709308336698695,64.0268006693591,274.937953419098,81.4246414157352
4.0126758,0.994544267654419,-0.0862273408218068,71.7722113766008,258.180367720013,81.4246414157352
4.0654863,0.994554162025452,-0.0703473833545926,67.26598611813,239.055928324762,81.4246414157352
4.2701699,0.994574189186096,-0.0642870499682016,67.0518289009382,217.904625267176,81.4246414157352
4.3213655,0.994457483291626,-0.0531238420745453,64.5742162851962,195.118754739889,73.9538729542392
4.5912827,0.994106113910675,0.033082784791244,32.6069755252807,171.142919094677,73.9538729542392
4.7880004,0.994063556194305,0.0307677950538046,36.8365431786641,146.47402684232,73.9538729542392
4.8391727,0.993973970413208,0.0306179167784903,40.4863121440042,121.661292652648,73.9538729542392
4.8921879,0.993832170963287,0.0182295309219128,43.4054992645438,97.3062373544736,73.9538729542392
5.1034952,0.993765115737915,0.00325383802614376,45.6273799025506,74.0626879356875,84.1070379055233
5.3550886,0.992973744869232,0.104297382777464,0.000509701563640431,52.6367775431623,84.1070379055233
5.4064871,0.992703974246979,0.0728944120684452,7.73392711086644,33.7869454828709,84.1070379055233
5.6006044,0.992272138595581,0.058174852126235,8.28374505249486,18.323937219727,84.1070379055233
5.6517316,0.991745054721832,0.0434933803113953,8.47132744603636,7.11080437776777,84.1070379055233
5.7038315,0.990719556808472,0.0496842043101971,1.26208862596368,1.06290473992578,69.11499357114
6.1184316,0.99023962020874,0.026232172097556,1.27809017751804,1.6216270315681,69.11499357114
6.1715861,0.991171658039093,-0.00750041009386142,1.42379684371845,10.8486416155301,69.11499357114
6.2243185,0.992159008979797,0.00415026698477378,2.00450161262474,27.9560254117693,69.11499357114
6.4283226,0.992939651012421,0.0237605781204563,3.37301263667516,51.5472572940325,69.11499357114
6.478968,0.993389546871185,0.0411249051293576,5.68962099620297,80.3056173432992,56.9103264771947
6.7420937,0.993879497051239,0.0530928391582332,9.03160137906287,112.9941868478,56.9103264771947
6.9386293,0.994237244129181,0.0652239543702736,11.7886091155764,148.455848302967,56.9103264771947
6.9900898,0.994509100914001,0.0703956904059905,16.8162750013733,185.613285411368,56.9103264771947
7.045107,0.994642436504364,0.0863315286926528,16.9624452333468,223.468983082932,56.9103264771947
7.243911,0.994631230831146,0.0781623220552079,24.5593959932761,261.105227434602,45.2957541551127
7.5088858,0.994681477546692,0.042430759457072,33.490024166998,297.68410579073,45.2957541551127
7.5743437,0.994665563106537,0.00541656773739181,43.463449367481,332.447506682767,45.2957541551127
7.8173825,0.994443237781525,0.00555483208144757,38.9023156350314,364.717119849403,45.2957541551127
7.8703003,0.994296967983246,-0.0334554181180264,50.7189731270587,393.894436236565,45.2957541551127
7.923314,0.994256198406219,-0.0752317010297005,63.302680652229,419.460747997334,59.4857289571229
8.3545896,0.993985652923584,-0.115274097996344,76.5319150447594,440.977148492033,59.4857289571229
8.4055743,0.993646919727325,-0.155262029162639,90.2743926938348,458.0845322883,59.4857289571229
8.4578297,0.992969393730164,-0.13781365735574,81.2708660561712,470.503595160767,59.4857289571229
8.6633108,0.992417693138123,-0.167521733761976,91.9072955479352,478.034834091466,59.4857289571229
8.7144566,0.991269290447235,-0.189612177615983,99.8313744832756,480.558547269535,32.677694842732
8.9811919,0.991165697574615,-0.22548774501549,114.172073167963,478.034834091466,32.677694842732
9.180271,0.991608738899231,-0.259758055648471,128.286915753419,470.503595160767,32.677694842732
9.2321952,0.991987407207489,-0.291706844697265,142.029244110727,458.0845322883,32.677694842732
9.2850631,0.991531789302826,-0.180347957879529,98.30138151002,440.977148492033,32.677694842732
9.5268881,0.992024540901184,-0.205789460981366,110.88520394994,419.460747997334,45.7001807339804
9.7844167,0.992226183414459,-0.229063688648579,122.702037037037,393.894436236567,45.7001807339804
9.8368156,0.991819739341736,-0.148180470165467,92.8442467873416,364.717119849399,45.7001807339804
10.0380435,0.991750538349152,-0.139251113835789,92.6760354921959,332.447506682767,45.7001807339804
10.1021149,0.991639018058777,-0.432979917250907,94.0541520375451,297.684105790768,45.7001807339804
10.1550385,0.991274178028107,-0.380614208205539,76.5092922718656,261.1052274346,50.7431423707571
10.5834547,0.990888833999634,-0.351922095296962,69.8498629079019,223.468983082898,50.7431423707571
10.6353549,0.990584135055542,-0.350091975597051,74.5848063159674,185.613285411368,50.7431423707571
10.689543,0.990172028541565,-0.368483296779715,78.80579933368,148.455848302967,50.7431423707571
10.8898595,0.989629209041595,-0.393197740956034,82.1562709782495,112.9941868478,50.7431423707571
10.9406851,0.989143848419189,-0.415610311015326,84.0200377743325,80.3056173432992,60.6552903641532
11.1992025,0.987576007843018,-0.352785945593834,50.7299352673119,51.5472572940325,60.6552903641532
11.3966124,0.986270606517792,-0.358382183133376,44.7428417059993,27.9560254117674,60.6552903641532
11.4477858,0.984674036502838,-0.36683559391758,39.2833652289324,10.8486416155339,60.6552903641532
11.5003823,0.982853472232819,-0.390272067580588,39.331991073516,1.6216270315662,60.6552903641532
11.7368825,0.981224596500397,-0.349688067183365,14.1887239399529,1.6216270315662,68.9213907638176
12.0044069,0.982393622398376,-0.334331438379218,8.184180940587,10.8486416155339,68.9213907638176
12.0568102,0.984370529651642,-0.310011449319164,7.34521117823397,27.9560254117674,68.9213907638176
12.2680994,0.985949218273163,-0.282886559352228,5.79879345941299,51.5472572940325,68.9213907638176
12.3197065,0.987208306789398,-0.255042158177999,3.38962493911401,80.3056173432992,68.9213907638176
12.372551,0.988524198532104,-0.244085762172386,6.67401567887866,112.9941868478,76.7483996033299
12.7951544,0.98944765329361,-0.235908015517428,11.1276907227077,148.455848302967,76.7483996033299
12.8448675,0.990214824676514,-0.231905485406562,16.6960890825054,185.613285411368,76.7483996033299
12.8985805,0.990797340869904,-0.223198542370423,19.8217155130521,223.468983082932,76.7483996033299
13.0907913,0.991296231746674,-0.22902534364956,25.3890315699525,261.1052274346,76.7483996033299
13.1415751,0.992647051811218,0.0441223146045843,31.1937198072161,297.684105790734,135.967904489331
13.4069893,0.992942571640015,0.0128505558302191,39.009449367481,332.447506682767,135.967904489331
13.6139089,0.993202090263367,-0.0251803105581895,49.950962962963,364.717119849399,135.967904489331
13.6642539,0.993406414985657,-0.0640920756834162,61.76779605006,393.894436236567,135.967904489331
13.716793,0.993481695652008,-0.085502335533206,67.033747377262,419.460747997334,135.967904489331
13.9295944,0.993850588798523,-0.132438077608532,80.2630176776388,440.977148492033,155.871676636853
14.1835601,0.993661403656006,-0.111496306334038,69.4467173669914,458.0845322883,155.871676636853
14.2356215,0.993616223335266,-0.133298510106991,76.429946768213,470.503595160767,155.871676636853
14.4487719,0.993610739707947,-0.172041630839919,90.770991790957,478.034834091466,155.871676636853
14.500087,0.993570744991302,-0.209694771055593,105.18259120972,480.558547269535,155.871676636853
14.5530399,0.993730366230011,-0.244826935804072,119.523636232383,478.034834091466,140.565065988745
14.9633585,0.994210004806519,-0.220800618951578,110.101723551682,470.503595160767,140.565065988745
15.0149725,0.994761526584625,-0.235094340068259,116.718350315258,458.0845322883,140.565065988745
15.0787782,0.995276570320129,-0.264440518103282,129.946660841141,440.977148492033,140.565065988745
15.2918467,0.99569845199585,-0.290902576390453,142.529701277202,419.460747997334,140.565065988745
15.342336,0.996038436889648,-0.311184961238198,154.34591611274,393.894436236565,140.565065988745
15.665509,0.995912730693817,-0.182298790264199,105.186550632519,364.717119849403,140.565065988745
15.8672734,0.996136784553528,-0.198524038717414,115.159975833003,332.447506682797,140.565065988745
15.9178483,0.996293306350708,-0.209855477154614,123.692837117102,297.684105790734,140.565065988745
15.9704709,0.996338844299316,-0.196800445428113,122.892775509014,261.105227434602,140.565065988745
16.1774944,0.996420323848724,-0.204440279451304,129.596729970099,223.468983082898,146.065238518179
16.4416623,0.996183395385742,-0.117743006875703,100.037024230111,185.613285411368,146.065238518179
16.4941851,0.996100842952728,-0.13653033737195,104.489593557004,148.455848302967,146.065238518179
16.7010504,0.995654463768005,-0.0574596938477808,65.9090965180466,112.9941868478,146.065238518179
16.7541807,0.995365738868713,-0.0658906281772478,62.2251465620211,80.3056173432992,146.065238518179
16.8091007,0.994449436664581,-0.0841657180246374,63.7713679554745,51.5472572940325,92.5798472344975
17.2589577,0.993955373764038,-0.10637179309971,64.609946173462,27.9560254117693,92.5798472344975
17.3096856,0.993321359157562,-0.128815167627668,64.9353663418252,10.8486416155301,92.5798472344975
17.3611617,0.992520928382874,-0.151928370302572,64.9840093448066,1.6216270315681,92.5798472344975
17.5887137,0.991543471813202,-0.0929304794539979,39.8062082526532,0.459460992266258,92.5798472344975
17.651251,0.990797996520996,-0.0115243349510796,33.616230647171,3.07378179106668,59.8927164731435
17.9246194,0.990598082542419,0.0956551510488321,0.507890843989781,7.92087386666746,59.8927164731435
18.16245,0.990881860256195,0.101259275385527,0.866630510787109,14.6050562333329,59.8927164731435
18.2134707,0.99112743139267,0.105874591421119,1.48642375456921,22.7532582472672,59.8927164731435
18.2654114,0.991326868534088,0.111258295541999,1.64282352212399,32.0150196068662,59.8927164731435
18.4699539,0.992409944534302,0.119130545165238,2.8671642333479,42.0624903525,114.594484448015
18.7267938,0.992523372173309,0.124486350057363,2.83941115869598,52.5904308665664,114.594484448015
18.778541,0.992632389068604,0.12441161771364,4.738897514901,63.3162118735006,114.594484448015
18.9847102,0.992718398571014,0.121154242325187,6.958291948095,73.9798144397999,114.594484448015
19.0345995,0.992783010005951,0.111055223622133,9.48860684731599,84.3438299740332,114.594484448015
19.0873175,0.992734730243683,0.101794642566363,12.31441065412,94.1934602268001,108.347275037618
19.5066645,0.992760956287384,0.0910085951646113,15.414506172839,103.336517290633,108.347275037618
19.5591488,0.992769420146942,0.079969403778389,18.76260888085,111.603423600367,108.347275037618
19.611686,0.992761135101318,0.0687493857035949,22.328025238828,118.8472119326,108.347275037618
19.8172029,0.992547333240509,0.0954908058976364,10.66104500101,124.943525406066,108.347275037618
19.868602,0.992718279361725,0.0818023174819502,14.55476352546,129.790617481667,122.175679938278
20.1227624,0.992485582828522,0.106543620769431,4.007565086184,133.309351962234,122.175679938278
20.33408,0.99241977930069,0.0956142128080843,8.062626174104,135.443202992567,122.175679938278
20.3859822,0.992342591285706,0.0849219663439805,12.147373825896,136.158255059733,122.175679938278
20.4387193,0.992402255535126,0.074700132229362,16.210669915673,135.443202992567,122.175679938278
20.6352463,0.992595255374908,0.0647443300557287,20.20995047454,133.309351962233,122.175679938278
20.9665538,0.992473363876343,0.115321879576515,0.000331001009996612,129.790617481666,122.175679938278
21.0180727,0.992637097835541,0.10699775210602,3.747974761172,124.943525406067,122.175679938278
21.2229087,0.992816269397736,0.0921398516964128,10.2878477367213,118.8472119326,122.175679938278
21.2740551,0.992937028408051,0.0855573691306891,13.6359446457904,111.603423600333,122.175679938278
21.3274625,0.991640686988831,0.0863232779042508,13.76158934588,103.336517290667,35.9811961384619
21.7426182,0.991729915142059,0.0821043415732597,16.587393152684,94.1934602267997,35.9811961384619
21.7958181,0.991618454456329,0.109099695441375,6.78225048707799,84.3438299740332,35.9811961384619
21.8485087,0.991628587245941,0.110294261669811,7.57510248509941,73.9798144398137,35.9811961384619
22.1045784,0.991626560688019,0.10908462223243,9.4745888413041,63.3162118734897,35.9811961384619
22.1553592,0.992803156375885,0.111123777035632,10.1748289106404,52.5904308665569,112.274675686122
22.422485,0.99274355173111,0.106111035268747,11.4367034950645,42.0624903525033,112.274675686122
22.63596,0.992653250694275,0.0991019511982601,12.3971540044658,32.01501960688,112.274675686122
22.6900639,0.992420315742493,0.114154322034149,4.26862726883446,22.7532582472733,112.274675686122
22.7696599,0.992228984832764,0.114195568550533,2.0813765004996,14.6050562333035,112.274675686122
22.9824258,0.991860210895538,0.106852590553921,2.2825220173148,7.92087386666983,101.689231140146
23.2433071,0.991626024246216,0.100529514348958,2.37473547101525,3.07378179107,101.689231140146
23.2964537,0.991353392601013,0.0939696285142618,2.38851930077893,0.459460992273364,101.689231140146
23.5027204,0.991194427013397,0.0888189311563573,0.0272258466033242,0.753572057083389,101.689231140146
23.5534255,0.991545975208282,0.0708505490629938,0.178021565073379,5.04137697486387,101.689231140146
23.606672,0.990960896015167,0.0751658387809404,0.567702922654239,12.9911990656499,41.7433308317512
24.0242613,0.991400480270386,0.0855187784483838,0.718163226242607,23.9540732608007,41.7433308317512
24.0770385,0.991782128810883,0.0928435995283994,1.83045693821638,37.3181182099642,41.7433308317512
24.1287157,0.992096364498138,0.100161875968299,2.69490651239033,52.5085362808062,41.7433308317512
24.3400395,0.992368519306183,0.103942227461868,4.73653894781252,68.9876135594076,41.7433308317512
24.3911914,0.993647694587708,0.106850621206826,7.32418053605505,86.2547198499043,116.11938483971
24.6486475,0.993779480457306,0.113659317666692,7.77276613525568,103.846308674705,116.11938483971
24.8561489,0.993907928466797,0.108302720269111,11.4128436515824,121.335917274449,116.11938483971
24.9077996,0.994006931781769,0.091871247172405,15.5079704363011,138.33416660796,116.11938483971
24.9611846,0.994080007076263,0.0746978405595734,20.1426332709959,154.488761352196,116.11938483971
25.1636968,0.994145572185516,0.0582988289502958,25.227167964111,169.484489902487,117.499506216878
25.4431701,0.994171857833862,0.0401999742454502,30.7184646924731,183.043224372205,117.499506216878
25.4948657,0.994022250175476,0.0605511290607888,20.8838847312837,194.923920593038,117.499506216878
25.6980923,0.994008302688599,0.0420496026401333,27.0315420470037,204.92261811479,117.499506216878
25.7489721,0.993975937366486,0.0235086233753895,33.4177014725957,212.8724402056,117.499506216878
25.8024688,0.993163347244263,0.0433697180241841,24.9401637551157,218.643593851665,72.3565763359813
26.2162375,0.99308830499649,0.02555972465498,31.6044648476029,222.143369757544,72.3565763359813
26.2669914,0.99291980266571,0.00798812875244082,38.3039491178213,223.316142345834,72.3565763359813
26.3188451,0.992871046066284,0.00971731791747975,37.4924696110002,222.143369757544,72.3565763359813
26.524213,0.993118822574615,-0.00620809915232381,44.0517135339894,218.643593851665,72.3565763359813
26.5758392,0.993795454502106,0.00208185450569709,39.7025774174988,212.8724402056,115.264278424799
26.8471727,0.993979632854462,-0.0114301574685991,45.8501565470712,204.92261811479,115.264278424799
27.0575393,0.994004607200623,0.00956193390149113,38.2467904545022,194.923920593038,115.264278424799
27.1102546,0.994139790534973,-0.0013148304060716,43.7380871776916,183.043224372205,115.264278424799
27.1619186,0.994246959686279,-0.0105484849765103,48.8226218689803,169.484489902487,115.264278424799
27.3617962,0.994354724884033,-0.0164904270704912,53.4572847052311,154.488761352196,117.816328829691
27.6196117,0.994402408599854,-0.022212638119024,57.6073097001953,138.334166607962,117.816328829691
27.6735849,0.994418799877167,-0.026087327076799,61.2473872159217,121.335917274446,117.816328829691
27.8926833,0.994402706623077,-0.0280790132488937,64.3627764742425,103.846308674708,117.816328829691
27.9418985,0.994352519512177,-0.0281816232202348,66.9504180682804,86.2547198499033,117.816328829691
27.9929104,0.994211435317993,-0.0370159664167259,69.0200464739742,68.9876135594058,113.202041472407
28.4099801,0.994085550308228,-0.0484853899307341,70.5953025616128,52.5085362808062,113.202041472407
28.4631908,0.993918299674988,-0.059458649492645,71.7148461073745,37.3181182099684,113.202041472407
28.5153158,0.993706345558167,-0.0700564479164269,72.4334683048631,23.9540732608253,113.202041472407
28.7181858,0.992736876010895,0.0708223152986198,11.5555016793198,12.9911990656493,113.202041472407
28.7689868,0.992425203323364,0.0600029108345846,11.7067429885504,5.04137697483706,115.46431141399
29.0261364,0.992016017436981,0.0492449494708222,11.7293501502608,0.753572057083248,115.46431141399
29.2255783,0.991477906703949,0.0609810290421427,0.552240007910221,1.09598542667976,115.46431141399
29.2775782,0.992119967937469,0.040077365257427,0.764236586512903,7.33211329017817,115.46431141399
29.3308402,0.992739021778107,0.0481167300840033,1.32258039635987,18.8942314370686,115.46431141399
29.5321309,0.992904543876648,0.0645513201314195,2.3627091692497,34.8384934880815,90.9849936104869
29.8030565,0.993353486061096,0.0750426104946785,3.98836803397231,54.2749871426411,90.9849936104869
29.8562192,0.993682503700256,0.0929559068131688,2.29683428949048,76.3677341790324,90.9849936104869
30.0661602,0.993988931179047,0.0983301068477724,5.30068517575812,100.334690454428,90.9849936104869
30.1178455,0.994237780570984,0.100939926403075,9.0641189525109,125.447745904722,90.9849936104869
30.182655,0.994246900081635,0.115101801991147,7.26291236456173,151.03272454468,79.9038952251013
30.5886245,0.994406819343567,0.107256499201433,12.5569828139957,176.469384467886,79.9038952251013
30.6413768,0.99452668428421,0.083153020468819,18.5927204128014,201.191417846759,79.9038952251013
30.6945465,0.994506061077118,0.0865321346016438,13.8736468901134,224.68645093245,79.9038952251013
30.902104,0.994559049606323,0.0607750395757695,21.2685266034942,246.496044055069,79.9038952251013
30.9523679,0.994622647762299,0.0352414159330896,29.2549965284884,266.215691623422,83.5166979667523
31.2215694,0.99460905790329,0.0112117778072369,36.6623362627723,283.494822125203,83.5166979667523
31.425076,0.994580745697021,-0.0156978196505594,45.5772400831697,298.036798126878,83.5166979667523
31.4769585,0.994461297988892,-0.0414424334106538,54.3554530550516,309.598916273805,83.5166979667523
31.5293248,0.994162321090698,-0.0330018832739763,49.6493591601236,317.992407290064,83.5166979667523
31.7280374,0.993469476699829,-0.0461363590348644,53.3283592992317,323.082435978659,49.7234497971032
31.9830885,0.993233680725098,-0.0715110656738693,63.0717921683851,324.788101221306,49.7234497971032
32.0355547,0.993105947971344,-0.0566669217723857,56.8974385513028,323.082435978659,49.7234497971032
32.2872292,0.99344927072525,-0.0796347955918353,66.3657159241085,317.992407290064,49.7234497971032
32.3377603,0.993748068809509,-0.0994781697859701,74.9523568508738,309.598916273808,49.7234497971032
32.3902236,0.994460582733154,-0.120089117503533,83.8934589902701,298.036798126879,87.1501340506101
32.8076605,0.994204163551331,-0.0139325622133777,42.2848439199318,283.494822125214,87.1501340506101
32.8712818,0.99439400434494,-0.0296849515365888,50.2710696855069,266.215691623408,87.1501340506101
32.923974,0.994543433189392,-0.0431158775814148,57.6657846746576,246.496044055069,87.1501340506101
33.1314266,0.994597613811493,-0.0391232373376684,58.3730581342937,224.686450932449,87.1501340506101
33.1824303,0.994493663311005,-0.0497372305402503,64.4088006678158,201.191417846773,71.8126232118019
33.4406269,0.99413800239563,0.0434744055422042,29.7007944463043,176.46938446788,71.8126232118019
33.6517012,0.994115114212036,0.0406792712929912,34.2310931711507,151.032724544667,71.8126232118019
33.7036607,0.993952333927155,0.0620061798556588,29.2993993065946,125.447745904738,71.8126232118019
33.7565108,0.993788480758667,0.0565090536704474,29.3748948032406,100.334690454419,71.8126232118019
33.9616722,0.9932000041008,0.0408926439925691,31.6659268285058,76.3677341790387,42.969287715609
34.2222546,0.99291980266571,0.025032722368639,33.2941764427184,54.2749871426369,42.969287715609
34.2744189,0.992190361022949,0.0808713506352583,5.46610877103009,34.8384934880718,42.969287715609
34.4791056,0.991717100143433,0.0658125274702165,6.03293326000027,18.8942314370875,42.969287715609
34.5295269,0.991136193275452,0.0505943486430664,6.25289582618198,7.33211329018324,42.969287715609
34.5815756,0.990353584289551,0.0397444667913173,6.285775269544,1.09598542666141,38.9634625876191
34.9934541,0.989873588085175,0.0175916639876076,5.78445941353264,1.6216270315681,38.9634625876191
35.0453351,0.990788757801056,-0.0137452935973853,5.76409444395301,10.8486416155301,38.9634625876191
35.0967029,0.991746187210083,0.0112468216606063,1.17189917885972,27.9560254117693,38.9634625876191
35.3111313,0.992567837238312,0.0304277202772623,2.71020655458042,51.5472572940325,38.9634625876191
35.3623085,0.993159592151642,0.0463154655196773,5.11937506829413,80.3056173432992,35.2136020447834
35.6265923,0.993608593940735,0.0708827425785966,3.39020066631997,112.9941868478,35.2136020447834
35.8286121,0.993994414806366,0.0788579241659459,7.82065311601153,148.455848302967,35.2136020447834
35.8796544,0.99427741765976,0.0826991636071487,13.389051678102,185.613285411368,35.2136020447834
35.9308224,0.994439661502838,0.090736745619197,16.726344170238,223.468983082932,35.2136020447834
36.1336299,0.994614541530609,0.0780001004162025,24.5595009932761,261.105227434602,40.5448399033782
36.3892468,0.9946568608284,0.0423179001169812,33.490024166998,297.68410579073,40.5448399033782
36.4408984,0.99463164806366,0.00529575117722353,43.463449367481,332.447506682767,40.5448399033782
36.6948451,0.994311571121216,0.0277835831108476,29.853709964152,364.717119849403,40.5448399033782
36.7487708,0.994150042533875,-0.0112069316703778,41.6705430509118,393.894436236565,40.5448399033782
36.8001066,0.993871331214905,-0.0408278760637539,50.0017057602399,419.460747997334,40.1268189645557
37.2264935,0.993568122386932,-0.0808184835396174,63.2309381434169,440.977148492033,40.1268189645557
37.2772627,0.993190109729767,-0.120820190653506,76.973418730416,458.0845322883,40.1268189645557
37.3314782,0.992263376712799,-0.0681892711290526,53.7055208001908,470.503595160767,40.1268189645557
37.5567024,0.991687595844269,-0.106923578798413,68.011621790957,478.034834091466,40.1268189645557
37.6078665,0.991116344928741,-0.144554514853088,82.428378209043,480.558547269535,45.4495553946517
37.8754063,0.990694344043732,-0.133188156483545,77.5429790141175,478.034834091466,45.4495553946517
38.0748667,0.99105978012085,-0.154096053356597,86.2998850019265,470.503595160767,45.4495553946517
38.126688,0.991351187229156,-0.170295671759935,93.6723866444769,458.0845322883,45.4495553946517
38.1794946,0.991273462772369,-0.130638610236584,78.9828570644188,440.977148492033,45.4495553946517
38.3902663,0.991240084171295,-0.158721922958179,91.5639688962717,419.460747997334,28.533038725205
38.6575448,0.991443932056427,-0.182129147301369,103.378857318265,393.894436236567,28.533038725205
38.7106983,0.991236805915833,-0.143837459280797,90.770550632519,364.717119849399,28.533038725205
38.9113548,0.991296470165253,-0.160038281750793,100.743975833002,332.447506682767,28.533038725205
38.9636671,0.991269946098328,-0.471337221670307,109.237368166341,297.684105790768,28.533038725205
39.0159015,0.991004467010498,-0.461170776688641,108.601505633952,261.1052274346,26.6663476623931
39.4258352,0.990804314613342,-0.465486425852039,115.305352396512,223.468983082898,26.6663476623931
39.4767499,0.9899982213974,-0.389641256086842,90.0048133724421,185.613285411368,26.6663476623931
39.5296834,0.989556849002838,-0.408471667806789,94.4567925310083,148.455848302967,26.6663476623931
39.7303749,0.988400161266327,-0.358218740271845,67.3859082965451,112.9941868478,26.6663476623931
39.7813214,0.987536251544952,-0.366864125225115,64.4437213737959,80.3056173432992,27.9191038197861
40.0513023,0.986194849014282,-0.352457451779417,50.808211178234,51.5472572940325,27.9191038197861
40.2577371,0.984916627407074,-0.375006745892601,51.646891940587,27.9560254117674,27.9191038197861
40.321277,0.983324110507965,-0.397666965964179,51.9226342886782,10.8486416155339,27.9191038197861
40.3741652,0.981178641319275,-0.407897427083188,46.5586896324213,1.6216270315662,27.9191038197861
40.5766271,0.9801185131073,-0.429107471810078,46.5100419434318,1.6216270315662,33.3915340013964
40.8986488,0.98153018951416,-0.4279835760868,46.1845902616308,10.8486416155339,33.3915340013964
40.951876,0.982400596141815,-0.297721037208195,2.58930194069981,27.9560254117674,33.3915340013964
41.1588066,0.98416543006897,-0.26965646377932,0.529325145590897,51.5472572940325,33.3915340013964
41.2094497,0.985729575157166,-0.256500004933123,4.07454850550881,80.3056173432992,33.3915340013964
41.2617666,0.988219678401947,-0.249036636292086,8.18420066631995,112.9941868478,80.96478398655
41.6846962,0.98917555809021,-0.240506627189977,12.637876115409,148.455848302967,80.96478398655
41.7360261,0.98997175693512,-0.236494370102605,18.20627467775,185.613285411368,80.96478398655
41.7899447,0.990506649017334,-0.216374809427573,16.726344170238,223.468983082932,80.96478398655
41.9965104,0.991066753864288,-0.227748221877869,24.5279320019302,261.1052274346,80.96478398655
42.0477742,0.992045521736145,0.0367858483326405,33.1491599036551,297.684105790734,111.628204240794
42.3029351,0.992195606231689,0.0403720437174514,26.8421584566562,332.447506682767,111.628204240794
42.5577055,0.992495179176331,0.00255703684642798,37.678874962963,364.717119849399,111.628204240794
42.609692,0.992735207080841,-0.0363429298809292,49.49579605006,393.894436236567,111.628204240794
42.6625611,0.992881119251251,-0.0675879068439169,58.7378995856395,419.460747997334,111.628204240794
42.8963534,0.993213653564453,-0.103691564610714,68.9980776100389,440.977148492033,127.81074964171
43.1629503,0.993088841438293,-0.0970402326692243,63.9642750425336,458.0845322883,127.81074964171
43.2159588,0.992926299571991,-0.0914938120202619,59.8663134448713,470.503595160767,127.81074964171
43.430559,0.992905914783478,-0.123610619502008,71.5418790951979,478.034834091466,127.81074964171
43.4825403,0.99285489320755,-0.156242039357209,83.9245513550305,480.558547269535,127.81074964171
43.5355315,0.993422627449036,-0.187360658632769,96.769423231787,478.034834091466,140.511313296821
43.9536785,0.99417507648468,-0.221492383693746,110.88453108661,470.503595160767,140.511313296821
44.0042149,0.994804799556732,-0.253348864499723,124.627067055259,458.0845322883,140.511313296821
44.0567957,0.995326340198517,-0.282674067994448,137.85638151002,440.977148492033,140.511313296821
44.2664874,0.995529055595398,-0.233484811556539,119.887841026393,419.460747997334,140.511313296821
44.3189598,0.995782792568207,-0.257763356364745,131.702223142493,393.894436236565,127.983012456266
44.5882642,0.996074795722961,-0.277639872567065,142.641829366111,364.717119849403,127.983012456266
44.7869364,0.996296346187592,-0.293811516853586,152.613754203225,332.447506682797,127.983012456266
44.8381025,0.996454179286957,-0.306125427326584,161.543091106661,297.684105790734,127.983012456266
44.8898248,0.996146678924561,-0.150688520126094,103.166655829763,261.105227434602,127.983012456266
45.0930972,0.995630204677582,-0.152784294490235,109.87072532225,223.468983082898,61.2054422797027
45.3495626,0.995612621307373,-0.152806300950098,115.439123884591,185.613285411368,61.2054422797027
45.4125546,0.995521247386932,-0.171667466757385,119.89279933368,148.455848302967,61.2054422797027
45.6166722,0.995351433753967,-0.196351772301953,123.282624939114,112.9941868478,61.2054422797027
45.6682453,0.995095252990723,-0.219933439366567,125.691793459413,80.3056173432992,61.2054422797027
45.7216065,0.995208919048309,-0.242657912477784,127.238211178234,51.5472572940325,106.312380286661
46.1378776,0.994782865047455,-0.265064226969112,128.076891940587,27.9560254117693,106.312380286661
46.1906246,0.994235336780548,-0.28747620913024,128.402351189053,10.8486416155301,106.312380286661
46.2434965,0.993543803691864,-0.310550033476629,128.451,1.6216270315681,106.312380286661
46.4454312,0.99289482831955,-0.3270030084575,128.460897232925,1.27436225162969,106.312380286661
46.496285,0.993239104747772,-0.307865285934294,128.527382370881,8.52544949422814,93.9471817546619
46.7491943,0.99385142326355,-0.285342454393406,128.70089311051,21.9693571927219,93.9471817546619
46.9546648,0.994352638721466,-0.268130276444313,129.029039471811,40.5086234941767,93.9471817546619
47.0036582,0.994762182235718,-0.252476369985478,129.561317407281,63.1084986514687,93.9471817546619
47.0545822,0.995095670223236,-0.238512144612959,130.353151918513,88.7969450234314,93.9471817546619
47.2618514,0.994335889816284,0.0782152361948895,9.15175975991119,116.66463707484,96.3026710125954
47.5300926,0.994625508785248,0.0813708644596397,13.5277085802405,145.864961376261,96.3026710125954
47.58476,0.99481189250946,0.0951492059953845,13.1449015963237,175.614016604116,96.3026710125954
47.812139,0.995002090930939,0.0862055858749212,19.2497982144458,205.19061354079,96.3026710125954
47.8747077,0.995143413543701,0.0607323828811261,25.2372536841549,233.936275074528,96.3026710125954
47.9285195,0.994806587696075,0.0341372096378773,33.0749095724436,261.255236199473,52.314392569452
48.3355183,0.994792520999908,0.0341429866159914,29.6102934261754,286.614444015605,52.314392569452
48.3879923,0.994852542877197,0.00359808747963979,38.8598353110983,309.543557728744,52.314392569452
48.4402925,0.994792401790619,-0.00137082391194752,38.183039103352,329.634948650786,52.314392569452
48.6507649,0.994797706604004,-0.0327020565086698,48.5791850039957,346.54370019923,52.314392569452
48.7013295,0.994420111179352,-0.036265604218477,47.5987546119219,359.987607897753,29.7687703009602
48.969877,0.994305908679962,-0.0493598352443273,51.4639903984805,369.747179375671,29.7687703009602
49.1665697,0.994236350059509,-0.0798218158880681,62.7339594287506,375.665634368298,29.7687703009602
49.2177143,0.994134485721588,-0.106832217310863,73.0084718979194,377.648904716837,29.7687703009602
49.270406,0.994332849979401,-0.135217182570667,84.2784373496354,375.665634368298,29.7687703009602
49.471733,0.995076596736908,-0.105798524381583,71.9347714086355,369.747179375669,76.1720206213025
49.7233481,0.995250105857849,-0.0665759955613924,56.8021515961174,359.987607897748,76.1720206213025
49.7767198,0.995578944683075,-0.0871398053976538,66.157345663285,346.543700199246,76.1720206213025
49.9816026,0.995862722396851,-0.107854312637818,76.003946833131,329.634948650769,76.1720206213025
50.0329508,0.996092975139618,-0.12459679396928,84.6526826221202,309.543557728748,76.1720206213025
50.0850514,0.996117651462555,-0.0806328747771605,68.4972171463621,286.614444015599,75.5207624220726
50.5517672,0.996029138565063,-0.00225795683728573,39.502671116136,261.255236199482,75.5207624220726
50.6045808,0.996099174022675,-0.00549833339365007,43.9100021727461,233.936275074552,75.5207624220726
50.6580476,0.996115505695343,-0.00888463378278928,48.7857544804437,205.19061354078,75.5207624220726
50.8790449,0.99610036611557,-0.0122489360218144,54.0541749785215,175.614016604109,75.5207624220726
50.9306964,0.995952844619751,-0.0108011067117113,57.7586839170995,145.864961376251,65.0597116750286
51.1847734,0.995536208152771,0.0813850150905035,17.9751576629913,116.66463707485,65.0597116750286
51.389748,0.995347082614899,0.0700676996960419,17.4038003504899,88.7969450234353,65.0597116750286
51.4414518,0.995111286640167,0.05506129675497,17.8717085468431,63.108498651451,65.0597116750286
51.4927744,0.994818329811096,0.0375870909131951,18.9163341078281,40.5086234941747,65.0597116750286
51.6947632,0.994460880756378,0.0215234843334789,19.5754148235619,21.9693571927449,65.9767820119569
51.9634917,0.99400520324707,0.00390248598590428,19.8311783083717,8.52544949425659,65.9767820119569
52.0162877,0.993523836135864,-0.0126418867522647,19.8694091759166,1.27436225158741,71.7302141943075
3.58e-05,0.992521166801453,0.0426563924667628,2.07191035e-16,0,57.5211633024419
0.2794344,0.992470502853394,0.107527894674872,0.0217564096602236,0.725213655340795,57.5211633024419
0.3328811,0.992832541465759,0.0844168578518738,0.159086031330984,4.85166002318678,57.5211633024419
0.4030193,0.993210554122925,0.0816303854250635,0.520909588952021,12.5023146402753,57.5211633024419
0.6259314,0.993421912193298,0.0906566862223187,1.18541078546861,23.0526342726185,49.2464172940317
0.8877824,0.993689060211182,0.0976250789060268,2.26282366429445,35.9137638709452,49.2464172940317
0.944924,0.993884563446045,0.108546939748037,1.51605150669922,50.5325365708057,49.2464172940317
1.1517922,0.994060873985291,0.112086018646259,3.50788687012679,66.3914736925665,49.2464172940317
1.2026941,0.994197070598602,0.114000269806779,5.91929040678942,83.0087847413777,49.2464172940317
1.2557822,0.994395732879639,0.121272145515119,5.4883566933989,99.9383674072201,60.4197963211918
1.6841364,0.994461953639984,0.116138672023789,8.99145339965246,116.769807564871,60.4197963211918
1.7366966,0.994497001171112,0.100277341502161,12.9449872729455,133.128379273855,60.4197963211918
1.7882973,0.99442446231842,0.104759737700787,8.89550153833909,148.675044778605,60.4197963211918
2.0076111,0.99439924955368,0.0887904768014186,13.3558914489619,163.10645450825,60.4197963211918
2.0598582,0.994381427764893,0.0721043584301756,18.6317192863618,176.154947076776,63.0010445647072
2.3174912,0.994308650493622,0.0543601844062214,24.259378089145,187.588549282989,63.0010445647072
2.5198276,0.994209945201874,0.0369166628722405,30.0002973096591,197.210976110444,63.0010445647072
2.5857931,0.994077861309052,0.0219702830623363,34.9620855233819,204.861630727564,63.0010445647072
2.6401062,0.99393492937088,0.00426313658268134,41.2745518419482,210.415604487509,63.0010445647072
2.8455049,0.993482232093811,-0.0129064342475663,47.6880607970564,213.783676928256,41.0277166690448
3.1154626,0.993289947509766,-0.0297207040865381,54.1354292334203,214.912315772667,41.0277166690448
3.1685629,0.992943406105042,0.0273747700236744,30.8991525581809,213.783676928256,41.0277166690448
3.3766702,0.993085026741028,0.0231932254450973,32.7470405428392,210.415604487509,41.0277166690448
3.4286778,0.993190288543701,0.0237506625140579,32.8905322451019,204.861630727561,41.0277166690448
3.4829929,0.993399143218994,0.0468308375308198,24.8394816158379,197.210976110447,56.5275691777877
3.9015086,0.993525683879852,0.0351160033139594,30.4159822696169,187.58854928299,56.5275691777877
3.9533723,0.993627429008484,0.0247468508477227,35.6733517332866,176.154947076775,56.5275691777877
4.0056559,0.993583679199219,0.0436062686539036,29.3472375714422,163.10645450825,56.5275691777877
4.219045,0.993569076061249,0.0511451574690795,27.827348361863,148.675044778605,56.5275691777877
4.27113,0.993338704109192,0.0605056379121769,24.7127536712257,133.128379273863,43.667393276682
4.5421568,0.993328332901001,0.0568259973611471,28.2158017965626,116.769807564863,43.667393276682
4.7864655,0.993284344673157,0.054890618282646,31.2139215802951,99.9383674072231,43.667393276682
4.8376891,0.993125259876251,0.0719162110108938,26.7649954680203,83.0087847413615,43.667393276682
4.8899365,0.992785453796387,0.109297953292221,10.1991898935318,66.3914736925812,43.667393276682
5.1478689,0.992615103721619,0.103493442756611,9.54108172132911,50.5325365708139,45.0911936919506
5.4017099,0.992396891117096,0.0942621630131002,10.0738410844735,35.9137638709262,45.0911936919506
5.4568,0.992022573947906,0.105016601523722,2.26888043073485,23.0526342726406,45.0911936919506
5.6981395,0.991701543331146,0.0950149536438408,2.64394525788717,12.5023146402707,45.0911936919506
5.7497391,0.991296112537384,0.088840533927378,1.21214123020333,4.85166002317298,45.0911936919506
5.8050672,0.991060495376587,0.0777030822897664,1.23429252949252,0.725213655346221,56.7043569072003
6.2781851,0.990837931632996,0.0562130282163316,0.0486488109470429,1.6216270315681,56.7043569072003
6.3295794,0.991700708866119,0.00173096377597388,0.362108059413004,10.8486416155301,56.7043569072003
6.3826648,0.992632746696472,0.00732398662237217,1.16378882176605,27.9560254117693,56.7043569072003
6.5972079,0.993369340896606,0.0265024519101279,2.70000254058698,51.5472572940325,56.7043569072003
6.6484331,0.993683695793152,0.0447748448547355,4.64084807142137,80.3056173432992,36.3225607393483
6.9077492,0.994147658348083,0.0582809592024333,7.34520066632001,112.9941868478,36.3225607393483
7.1120379,0.994507551193237,0.066300031504169,11.7597401180986,148.455848302967,36.3225607393483
7.1632051,0.99476820230484,0.0718281149178889,16.6437523369208,185.613285411368,36.3225607393483
7.2158728,0.994898974895477,0.0877133481061119,16.8090021796462,223.468983082932,36.3225607393483
7.4189197,0.995345652103424,0.07711140697245,24.5595009932761,261.105227434602,69.5452147878201
7.6901687,0.995393991470337,0.0415107458272815,33.490024166998,297.68410579073,69.5452147878201
7.7543416,0.995329856872559,0.0221972364385998,36.3029764821449,332.447506682767,69.5452147878201
7.9713993,0.995199143886566,-0.00512699346134633,42.860824509513,364.717119849403,69.5452147878201
8.022709,0.994947254657745,-0.0306048606903619,49.1756319245652,393.894436236565,69.5452147878201
8.0749147,0.99425745010376,-0.0364960204108764,47.3662232588927,419.460747997334,44.7032690090741
8.4865455,0.993869662284851,-0.0713367080491015,58.544932944741,440.977148492033,44.7032690090741
8.5392754,0.993424415588379,-0.111271368863956,72.2542919376804,458.0845322883,44.7032690090741
8.5923679,0.992788374423981,-0.128116895601298,77.123578514584,470.503595160767,44.7032690090741
8.7995734,0.992170453071594,-0.167049735903507,91.4644277419876,478.034834091466,44.7032690090741
8.8502677,0.991026937961578,-0.174596880811378,93.6502371542304,480.558547269535,30.2485323898232
9.1236765,0.990273416042328,-0.122364941778169,72.2499590048349,478.034834091466,30.2485323898232
9.3241891,0.990681767463684,-0.153814048141133,85.304180104631,470.503595160767,30.2485323898232
9.3774514,0.991060733795166,-0.185203844615496,98.8165520553392,458.0845322883,30.2485323898232
9.4306131,0.991398334503174,-0.214598121975205,112.04338151002,440.977148492033,30.2485323898232
9.6443749,0.99179220199585,-0.238994458749248,124.619953952193,419.460747997334,36.335120175869
9.9060721,0.991880834102631,-0.234790356712666,125.327470709222,393.894436236567,36.335120175869
9.9592962,0.991736710071564,-0.193816767899486,111.637364761822,364.717119849399,36.335120175869
10.1585574,0.99174553155899,-0.186700284628655,112.186282681535,332.447506682767,36.335120175869
10.2230875,0.991699039936066,-0.177541581039262,112.406699188131,297.684105790768,36.335120175869
10.2767353,0.9912189245224,-0.109522842443971,88.7307584863288,261.1052274346,34.6800964026448
10.7024947,0.99080228805542,-0.0604901304439248,73.8630048322782,223.468983082898,34.6800964026448
10.755056,0.990566074848175,-0.0550360065845042,77.1547525594413,185.613285411368,34.6800964026448
10.8078784,0.990196585655212,-0.067058809056053,78.80579933368,148.455848302967,34.6800964026448
11.0170344,0.989729046821594,-0.0918383151392561,82.195624939114,112.9941868478,34.6800964026448
11.0691433,0.989332258701324,-0.114540421518315,84.5879914695749,80.3056173432992,45.3992795373983
11.3277724,0.988003730773926,-0.0724786624362238,59.7302857319971,51.5472572940325,45.3992795373983
11.5367603,0.986782431602478,-0.0797053885469536,54.3930622842613,27.9560254117674,45.3992795373983
11.5883531,0.98522412776947,-0.0849680182921041,47.6440470915182,10.8486416155339,45.3992795373983
11.6418886,0.983469545841217,-0.108376373966292,47.6926695282116,1.6216270315662,45.3992795373983
11.839766,0.981578588485718,-0.0611653817570504,19.2899052281112,1.6216270315662,47.7758963999128
12.1109257,0.982499957084656,-0.0274360107453172,5.89714141458296,10.8486416155339,47.7758963999128
12.1644424,0.984406650066376,-0.00045925692379007,3.95521117823398,27.9560254117674,47.7758963999128
12.3728484,0.985931575298309,0.0267621497545375,2.36130746680997,51.5472572940325,47.7758963999128
12.4249488,0.98713630437851,0.05320027225674,0.513561627495772,80.3056173432992,47.7758963999128
12.4774354,0.989271759986877,0.0553987281531414,7.34415066631999,112.9941868478,91.7615667928045
12.8953495,0.990049421787262,0.0638197430388382,11.798876115409,148.455848302967,91.7615667928045
12.9474353,0.990680694580078,0.0678392442535384,17.3427566795737,185.613285411368,91.7615667928045
12.999941,0.991124451160431,0.0795258142553367,19.2485726254369,223.468983082932,91.7615667928045
13.205929,0.991515398025513,0.0739421994565401,24.7008642003557,261.1052274346,91.7615667928045
13.2567433,0.992283403873444,0.0451353723084959,30.7553643924716,297.684105790734,119.68688914826
13.529214,0.992537200450897,0.0126033488732844,39.009449367481,332.447506682767,119.68688914826
13.7420717,0.992766261100769,-0.025440034490527,49.950962962963,364.717119849399,119.68688914826
13.792802,0.992956280708313,-0.0643609370077979,61.76779605006,393.894436236567,119.68688914826
13.8446276,0.993010580539703,-0.0820401200292027,65.5251899978866,419.460747997334,119.68688914826
14.0668107,0.993520438671112,-0.119239368052177,75.5313433304768,440.977148492033,149.97288374335
14.3253288,0.993381142616272,-0.105328933364185,67.5838704325187,458.0845322883,149.97288374335
14.377561,0.993399679660797,-0.131730644294814,76.429549768213,470.503595160767,149.97288374335
14.5904422,0.993454039096832,-0.170478534689442,90.770621790957,478.034834091466,149.97288374335
14.6423738,0.993485808372498,-0.208014284749792,105.150425255476,480.558547269535,149.97288374335
14.6951053,0.994490385055542,-0.226212219397165,112.064162084351,478.034834091466,203.431801572806
15.1418036,0.995178997516632,-0.260212469352876,126.179099360656,470.503595160767,203.431801572806
15.194746,0.995543420314789,-0.220111645340825,110.8533874411,458.0845322883,203.431801572806
15.2594256,0.995837390422821,-0.174041112502264,93.6014080672685,440.977148492033,203.431801572806
15.4637758,0.996229588985443,-0.184692402536963,99.7723628747837,419.460747997334,203.431801572806
15.5148819,0.995957791805267,-0.192691535192672,106.170884807332,393.894436236565,126.672963214536
15.7760531,0.996175050735474,-0.183037531846249,105.186550632519,364.717119849403,126.672963214536
15.9788957,0.996380209922791,-0.199180020308781,115.137644854998,332.447506682797,126.672963214536
16.0299293,0.996523380279541,-0.210534417820619,123.677489110974,297.684105790734,126.672963214536
16.082647,0.996554374694824,-0.193722728883113,121.358654832934,261.105227434602,126.672963214536
16.3068035,0.996650815010071,-0.186923026643471,122.613247913444,223.468983082898,139.76650106404
16.5793607,0.9964359998703,-0.103869543842273,94.5322858203541,185.613285411368,139.76650106404
16.6322599,0.996142566204071,-0.038452984489273,64.9246847232725,148.455848302967,139.76650106404
16.8457213,0.995992541313171,-0.0630620421457974,68.3133970064078,112.9941868478,139.76650106404
16.8966521,0.995768904685974,-0.0866283207592947,70.721839151385,80.3056173432992,139.76650106404
16.9491643,0.994886040687561,-0.0520844811301621,50.8783986594394,51.5472572940325,99.3943441901856
17.3574875,0.994429528713226,-0.074104518431583,51.646891940587,27.9560254117693,99.3943441901856
17.4084756,0.993844330310822,-0.0964634592329717,51.9454922072235,10.8486416155301,99.3943441901856
17.4603954,0.993028938770294,-0.103133520966803,45.3439060194818,1.6216270315681,99.3943441901856
17.6607654,0.992393314838409,-0.0918962362585399,40.4264520334398,0.324325406299882,99.3943441901856
17.7232398,0.992571592330933,-0.000333661675128101,33.7211751450093,2.16972832313331,125.910104907488
17.9953327,0.992332339286804,0.107415521047661,0.454952422286301,5.5912050823333,125.910104907488
18.2009586,0.992497205734253,0.111503681297929,0.666636954679461,10.3094514588003,125.910104907488
18.2525534,0.992641985416412,0.114763010047531,1.09925430670029,16.0611234686665,125.910104907488
18.3065359,0.992755055427551,0.119872005418174,0.677651133263993,22.5988373695666,125.910104907488
18.5126187,0.992846310138702,0.123945872525541,1.568375223082,29.6911696606003,124.730289230964
18.7692606,0.99292004108429,0.128600902970907,1.11405493555,37.1226570822666,124.730289230964
18.8223005,0.992983996868134,0.131304647176974,1.34086883404801,44.6937966166,124.730289230964
19.1039256,0.993045449256897,0.129178216633168,2.83610119931101,52.2210454868997,124.730289230964
19.1581725,0.993086040019989,0.123772110643555,3.92660485661712,59.5368211581667,124.730289230964
19.2126597,0.992251336574554,0.117862818237047,5.347289873496,66.4895013365334,67.3744340228137
19.651943,0.992208421230316,0.123648751047327,2.21065759595941,72.9434239698999,67.3744340228137
19.7046386,0.992221355438232,0.115918337091043,4.551959210012,78.7788872473001,67.3744340228137
19.7572136,0.992222249507904,0.108003921211622,7.06872369799601,83.8921495994668,67.3744340228137
19.9623627,0.992210984230042,0.100108907729392,9.67824859202407,88.1954296984101,67.3744340228137
20.0151692,0.992672502994537,0.0942373623512932,11.6951506091278,91.6169064576565,98.9741952593071
20.2772112,0.992564558982849,0.102015898019279,8.2167423536425,94.10071903215,98.9741952593071
20.4899453,0.992523074150085,0.0947616031368235,10.8875094569258,95.6069668182934,98.9741952593071
20.5426659,0.992475986480713,0.0872170844720942,13.7708607198701,96.1117094539134,98.9741952593071
20.5941129,0.992422699928284,0.0998243631590352,8.6197143463575,95.6069668182934,98.9741952593071
20.8107657,0.992813527584076,0.0914740765922226,11.442906217322,94.10071903215,115.471381561526
21.0797449,0.99283093214035,0.107790980517047,5.05772716644072,91.6169064576565,115.471381561526
21.1328083,0.992919147014618,0.107611514650998,5.3942763020041,88.1954296984134,115.471381561526
21.3388606,0.993020296096802,0.102488671135596,7.84061059853055,83.8921495994668,115.471381561526
21.391674,0.993098139762878,0.0997984100268769,9.41087947340899,78.7788872473101,115.471381561526
21.4436655,0.992278575897217,0.11092263601442,7.0687326265039,72.9434239698833,59.6537373419703
21.8574457,0.992340385913849,0.107915913111359,9.0634176666005,66.4895013365533,59.6537373419703
21.9070176,0.992382526397705,0.105457793524948,10.8495223013449,59.5368211581468,59.6537373419703
21.9615445,0.992302596569061,0.123431215463808,4.46722443334937,52.2210454869196,59.6537373419703
22.1674692,0.992290794849396,0.125020077029659,4.82782948953738,44.6937966165836,59.6537373419703
22.2192679,0.992204427719116,0.125498241589124,5.80765137691819,37.1226570822733,55.6839413516793
22.4906453,0.992160320281982,0.121735429837562,6.698359866736,29.6911696605934,55.6839413516793
22.692957,0.992091834545135,0.116959206664671,7.30621450030046,22.59883736956,55.6839413516793
22.7450184,0.991986513137817,0.114735279938886,6.77254756950732,16.0611234686634,55.6839413516793
22.8093041,0.991793394088745,0.124019913612914,1.4694631356468,10.3094514588032,55.6839413516793
23.0217317,0.991716027259827,0.116869039151541,1.63717838811741,5.59120508235343,59.5088997739841
23.2821966,0.991525411605835,0.116389031169684,0.0652702378107008,2.16972832310987,59.5088997739841
23.3346218,0.991330564022064,0.111925622489494,0.00999999999999801,0.324325406310066,59.5088997739841
23.5348203,0.991113543510437,0.107459134126977,0.0166038621893989,0.324325406313382,59.5088997739841
23.5868414,0.991345107555389,0.107380067356183,0.0748292118826015,2.16972832310655,59.5088997739841
23.6386414,0.992046713829041,0.112486574472471,0.242557764353201,5.59120508235343,88.7653318660172
24.0764374,0.992216885089874,0.117073470919138,0.308841308117294,10.3094514588032,88.7653318660172
24.1286253,0.992368757724762,0.12029709245162,0.7565220121772,16.0611234686634,88.7653318660172
24.1803845,0.992501854896545,0.122685553198824,1.434487133264,22.59883736956,88.7653318660172
24.4034438,0.992613196372986,0.125050792990419,2.01477072400523,29.6911696605934,88.7653318660172
24.4544195,0.992702662944794,0.128623855896986,2.51162915406885,37.1226570822733,89.1969004912477
24.715804,0.992766380310059,0.129830738081327,3.3448688340475,44.6937966165834,89.1969004912477
24.9255755,0.992819607257843,0.127527443556878,4.9115001986551,52.2210454869201,89.1969004912477
24.9766151,0.992851674556732,0.121609899085609,6.20755566578043,59.5368211581466,89.1969004912477
25.0298721,0.992840528488159,0.121278087683396,5.34728987349609,66.4895013365533,89.1969004912477
25.2917449,0.992923855781555,0.111568335923684,7.34152454973714,72.9434239698835,94.4014872347466
25.5727999,0.992858707904816,0.116515604284656,4.5519561100119,78.7788872473099,94.4014872347466
25.6267416,0.992842674255371,0.10860722463865,7.0687236979959,83.8921495994668,94.4014872347466
25.8553875,0.992815136909485,0.100617012567098,9.71458658894829,88.1954296984131,94.4014872347466
25.9068537,0.992776870727539,0.0926291142014569,12.463093782678,91.6169064576567,94.4014872347466
25.9583865,0.992120504379272,0.105013133094264,8.22225415386877,94.10071903215,61.1313908226074
26.372155,0.992058634757996,0.0974349685788368,11.0853243581913,95.6069668182934,61.1313908226074
26.4233599,0.991987407207489,0.0900538210182798,13.8993172580052,96.1117094539134,61.1313908226074
26.4780575,0.991901814937592,0.104223211629974,8.11239648711642,95.6069668182933,61.1313908226074
26.6795586,0.992011189460754,0.101695016471735,9.19619012280694,94.10071903215,61.1313908226074
26.7317227,0.992106378078461,0.0965476136684928,11.326518011216,91.6169064576567,59.9919433987631
27.0020257,0.992215991020203,0.090681033531687,13.9692763020041,88.1954296984134,59.9919433987631
27.2048374,0.992311894893646,0.0853902158651986,16.4860407899881,83.8921495994667,59.9919433987631
27.256268,0.992386639118195,0.081941729031917,18.3618894876987,78.77888724731,59.9919433987631
27.3080304,0.992303609848022,0.106654856661387,8.9465544122636,72.9434239698833,59.9919433987631
27.5222146,0.992559790611267,0.106534205546661,9.39808198287792,66.489501336553,74.5630589504281
27.7795154,0.992586076259613,0.104963121740622,10.8494998013449,59.5368211581473,74.5630589504281
27.8325034,0.992500722408295,0.122580946992264,4.60757715400846,52.221045486921,74.5630589504281
28.069791,0.99246609210968,0.127138858459565,3.76423392456836,44.6937966165813,74.5630589504281
28.1217471,0.992438852787018,0.127099628724506,4.87791181509013,37.122657082275,74.5630589504281
28.1738361,0.992613315582275,0.120765812729641,5.76864595402625,29.691169660591,88.9713963195834
28.6005727,0.992473483085632,0.13005153416737,0.695980730496036,22.5988373695623,88.9713963195834
28.6528292,0.992383182048798,0.125387234541433,1.16016109188268,16.0611234686617,88.9713963195834
28.7044988,0.992270648479462,0.120818819531138,1.46944463564681,10.3094514588041,88.9713963195834
28.9119782,0.992133975028992,0.116504864303941,1.56802210930394,5.59120508235368,88.9713963195834
28.9628884,0.992013514041901,0.115462957363485,0.930936325716318,2.16972832310868,91.9040297814689
29.2227269,0.991821110248566,0.112546525402585,0.243,0.324325406310777,91.9040297814689
29.4243191,0.99165415763855,0.102949522914995,0.20412515937882,0.64865081262733,91.9040297814689
29.4755119,0.992046177387238,0.0836425315408426,0.164523687265278,4.33945664621527,91.9040297814689
29.5281546,0.99242228269577,0.0864506421095142,0.485113899572349,11.1824101647054,91.9040297814689
29.729406,0.992687702178955,0.0946999102526273,0.96472940916322,20.6189029176087,88.1607585871881
29.9992568,0.992962181568146,0.101812399896177,1.58234837135433,32.122246937321,88.1607585871881
30.0537263,0.993180692195892,0.110497762513955,1.35627868652805,45.197674739124,88.1607585871881
30.2861497,0.993379890918732,0.113713985498805,3.12261286616356,59.3823393211837,88.1607585871881
30.3395866,0.993538200855255,0.116907503114348,4.68620759055389,74.2453141645513,88.1607585871881
30.4063243,0.993530809879303,0.117134233604531,6.690735898095,89.3875932331633,77.9335995686011
30.8191385,0.993570983409882,0.128401011801789,3.39887241987628,104.442090973843,77.9335995686011
30.8721702,0.993652045726776,0.114776353873827,6.705684266799,119.07364231629,77.9335995686011
30.9247446,0.993711590766907,0.0999939609075475,10.6945797469923,132.97900267311,77.9335995686011
31.1260556,0.993748128414154,0.0848878273831302,15.0211827931121,145.886847939763,77.9335995686011
31.1781008,0.993606328964233,0.0708155214381028,18.7338144473195,157.557774494623,66.5991091486793
31.4500172,0.993499398231506,0.078804560122367,14.1364473959919,167.784299198933,66.5991091486793
31.6652034,0.993477642536163,0.0629905228457784,19.3781204895138,176.39085939682,66.5991091486793
31.7177381,0.993439078330994,0.0470275113173847,24.8751348744059,183.233812915313,66.5991091486793
31.7696709,0.993253707885742,0.0601232551346303,18.8125789422802,188.201438064307,66.5991091486793
31.9669697,0.993132174015045,0.050163980214414,22.7137185086859,191.213933636583,64.4443990974965
32.2265686,0.993041574954987,0.036430887401693,27.9383512836174,192.223418907827,64.4443990974965
32.2797045,0.993072092533112,0.035242305067553,28.3245614756903,191.213933636584,64.4443990974965
32.4815769,0.993335545063019,0.0215307301888138,33.9705690860608,188.201438064307,64.4443990974965
32.5315402,0.993574261665344,0.00877694121456393,39.4675586467933,183.23381291531,64.4443990974965
32.5822945,0.993802428245544,-0.0028066059324105,44.7592662898569,176.390859396823,65.6485065724889
32.9998537,0.993738114833832,0.0425057314969854,27.2050815799761,167.784299198934,65.6485065724889
33.0644559,0.993856430053711,0.0331562042623968,31.9318148148148,157.557774494623,65.6485065724889
33.1179903,0.993844330310822,0.0505913782535899,26.0545196586972,145.886847939764,65.6485065724889
33.322627,0.993857562541962,0.057303601322957,24.7074036747313,132.97900267311,65.6485065724889
33.3758863,0.993824005126953,0.0638014845789132,23.2720066334776,119.0736423163,63.8529276222136
33.6335531,0.993835985660553,0.0604641266599207,26.4052301773099,104.442090973834,63.8529276222136
33.8740838,0.993817329406738,0.0587462923254973,29.0868311417123,89.3875932331667,63.8529276222136
33.9255727,0.993766784667969,0.0586550494070729,31.3141717733453,74.2453141645333,63.8529276222136
33.9789757,0.993449568748474,0.104402453023117,11.5105706093856,59.3823393212001,63.8529276222136
34.1954778,0.99349570274353,0.103849155187646,9.56502253857097,45.1976747391332,79.081547630127
34.4637395,0.99331921339035,0.0981252126260512,9.010317383765,32.1222469372998,79.081547630127
34.5196444,0.993054091930389,0.10269674992203,4.08245036025678,20.6189029176334,79.081547630127
34.7297358,0.992806971073151,0.0937541082087259,4.41791978812121,11.1824101647002,79.081547630127
34.7806936,0.992511868476868,0.0847666728276444,4.54810248533622,4.33945664619984,79.081547630127
34.8329275,0.992114126682281,0.0841488796464371,1.104,0.648650812633396,78.7682723831059
35.2562466,0.992056667804718,0.0596570199941367,1.10507135824188,1.6216270315681,78.7682723831059
35.3076015,0.99273419380188,0.00115881733242469,1.16566411976938,10.8486416155301,78.7682723831059
35.3626923,0.993542551994324,0.00744131318776862,1.16378882176605,27.9560254117693,78.7682723831059
35.6152854,0.994188070297241,0.0268894682602557,2.57610154366243,51.5472572940325,78.7682723831059
35.6678085,0.994321346282959,0.0464127065039731,4.14652406509833,80.3056173432992,46.2930454969756
35.9385835,0.994744062423706,0.0586404918608653,7.34520066632001,112.9941868478,46.2930454969756
36.1431804,0.995068728923798,0.0666884498095754,11.7430771214131,148.455848302967,46.2930454969756
36.1946832,0.99530416727066,0.0724248018645923,16.5387105104937,185.613285411368,46.2930454969756
36.2476564,0.995424687862396,0.0880930043322459,16.7885551759203,223.468983082932,46.2930454969756
36.4521143,0.995721936225891,0.0760701686687329,24.5594569932761,261.105227434602,68.8691098606255
36.7098699,0.995710432529449,0.0404176677031053,33.490024166998,297.68410579073,68.8691098606255
36.7631906,0.995578467845917,0.024414540024969,34.9451541128464,332.447506682767,68.8691098606255
37.0085788,0.995408654212952,1.12232703586644e-05,40.3221122465632,364.717119849403,68.8691098606255
37.0592777,0.995182514190674,-0.0266768133840029,47.1366326751082,393.894436236565,68.8691098606255
37.1114384,0.994688272476196,-0.0668687401222564,59.7202954740508,419.460747997334,45.7380719128184
37.5833869,0.994228184223175,-0.0712213176019201,58.544932944741,440.977148492033,45.7380719128184
37.6364709,0.993831157684326,-0.111132105677677,72.2650949241983,458.0845322883,45.7380719128184
37.6894925,0.993261635303497,-0.127897330774935,77.1122273130862,470.503595160767,45.7380719128184
37.9013249,0.992718100547791,-0.166805493995694,91.4530762341588,478.034834091466,45.7380719128184
37.952709,0.991671741008759,-0.175307556655833,94.6622171400227,480.558547269535,28.9518785755892
38.2325396,0.990997672080994,-0.118748935095668,71.5220563308451,478.034834091466,28.9518785755892
38.4579166,0.991436958312988,-0.151524944346675,85.1025311045916,470.503595160767,28.9518785755892
38.5097583,0.991842091083527,-0.183398614244334,98.814067055259,458.0845322883,28.9518785755892
38.5624284,0.992202699184418,-0.212791194829514,112.04338151002,440.977148492033,28.9518785755892
38.7883134,0.992558240890503,-0.238978350889108,124.504079621925,419.460747997334,31.8248768082961
39.0599198,0.992818713188171,-0.262293741379768,136.320912650772,393.894436236567,31.8248768082961
39.1140336,0.992510080337524,-0.177129100650648,104.764865690847,364.717119849399,31.8248768082961
39.3311058,0.992562711238861,-0.172001118057671,106.136786423402,332.447506682767,31.8248768082961
39.382927,0.992548286914825,-0.162890216218795,106.389586243331,297.684105790768,31.8248768082961
39.4351646,0.992238521575928,-0.0929079394974096,81.8083663056374,261.1052274346,37.1582179012948
39.8942038,0.992172479629517,-0.097126965768797,88.5110536951427,223.468983082898,37.1582179012948
39.9463254,0.991755247116089,-0.0509642926501329,75.2759984984514,185.613285411368,37.1582179012948
39.9993776,0.99146443605423,-0.0675376020407845,78.80579933368,148.455848302967,37.1582179012948
40.2493563,0.991059005260468,-0.0921825776330587,82.1468110164677,112.9941868478,37.1582179012948
40.3009087,0.990555465221405,-0.113372879331856,83.8504613452711,80.3056173432992,40.1800879880275
40.5748656,0.989234566688538,-0.0513665268536397,50.9527599276756,51.5472572940325,40.1800879880275
40.7839754,0.98809403181076,-0.0531604966625358,43.4401218778653,27.9560254117674,40.1800879880275
40.8477689,0.986698389053345,-0.0594940386853058,37.1532328583919,10.8486416155339,40.1800879880275
40.9015136,0.984656512737274,-0.0378086805068749,18.9010872670932,1.6216270315662,40.1800879880275
41.1089537,0.983879327774048,-0.050918138092536,15.6451247891971,1.6216270315662,51.0698930530728
41.3656135,0.984837830066681,-0.0322328587304899,8.19309196934697,10.8486416155339,51.0698930530728
41.4198606,0.986518025398254,-0.00795396197985117,7.34521117823397,27.9560254117674,51.0698930530728
41.6294767,0.987838625907898,0.0191996093021956,5.75126146791427,51.5472572940325,51.0698930530728
41.6819247,0.988860070705414,0.0482928223370532,2.80648136364604,80.3056173432992,51.0698930530728
41.7343129,0.989984691143036,0.0719280320175567,0.583358330624186,112.9941868478,65.8708198375698
42.1511623,0.990809619426727,0.0633052665296012,11.798876115409,148.455848302967,65.8708198375698
42.2031419,0.991383492946625,0.0672966308110591,17.3598466778637,185.613285411368,65.8708198375698
42.2558474,0.991786241531372,0.0777048058770788,19.7749979556979,223.468983082932,65.8708198375698
42.4631153,0.992125809192657,0.0723866587739029,25.1151099314901,261.1052274346,65.8708198375698
42.5153298,0.993232250213623,0.0436042035479397,31.5148585129761,297.684105790734,122.682579337256
42.7715027,0.993443787097931,0.00691642315630762,41.4882819475494,332.447506682767,122.682579337256
42.9727254,0.993583261966705,-0.0249165318291835,49.9165459786104,364.717119849399,122.682579337256
43.0250879,0.993709206581116,-0.0629030504406304,61.3451669316413,393.894436236567,122.682579337256
43.0799869,0.99380886554718,-0.102456746981966,73.928989051288,419.460747997334,122.682579337256
43.3412753,0.993895649909973,-0.142319347499014,87.158303269066,440.977148492033,123.685803839797
43.607118,0.993947625160217,-0.182159311043152,100.900839057344,458.0845322883,123.685803839797
43.6597536,0.993980169296265,-0.221634952643517,115.015946771777,470.503595160767,123.685803839797
43.8803478,0.993994951248169,-0.26037857377997,129.356991683262,478.034834091466,123.685803839797
43.9293324,0.993993163108826,-0.298018769676986,143.773748011873,480.558547269535,123.685803839797
43.9800772,0.99313873052597,-0.333478241392677,158.1147929618,478.034834091466,27.7047543217794
44.4605333,0.991952300071716,0.0582248417399049,0.000468913390022863,470.503595160767,27.7047543217794
44.5119634,0.992887020111084,0.0265008775307007,13.742067055259,458.0845322883,27.7047543217794
44.5643671,0.993666708469391,-0.00273282687383011,26.97138151002,440.977148492033,27.7047543217794
44.7684049,0.994308531284332,-0.0291174281091731,39.55520394994,419.460747997334,27.7047543217794
44.8209668,0.995668172836304,-0.0561626901024268,51.3720370370369,393.894436236565,113.430232572383
45.0944068,0.996014654636383,-0.0757121578116874,62.313550632519,364.717119849403,113.430232572383
45.3246454,0.996622920036316,-0.23351655281339,129.49155683738,332.447506682797,113.430232572383
45.3759095,0.996799409389496,-0.244993030524931,138.129543393136,297.684105790734,113.430232572383
45.4277699,0.996836483478546,-0.228388598064564,135.898448085275,261.105227434602,113.430232572383
45.6608381,0.997015297412872,-0.224576251494156,137.984868246563,223.468983082898,140.497185318645
45.9153056,0.996826350688934,-0.14327595283888,110.628191581575,185.613285411368,140.497185318645
45.9787889,0.996556878089905,-0.0748026832598026,79.7887864075492,148.455848302967,140.497185318645
46.1840106,0.996372580528259,-0.0791621044085221,74.9883186741364,112.9941868478,140.497185318645
46.2393939,0.996118903160095,-0.0834644413525892,69.6137421823154,80.3056173432992,140.497185318645
46.2965339,0.995291948318481,-0.0525795529758394,51.3018282567273,51.5472572940325,97.1955542355663
46.7651264,0.994867622852325,-0.0735485888313752,51.646891940587,27.9560254117693,97.1955542355663
46.8173786,0.994328260421753,-0.0959112955491598,51.9542201975052,10.8486416155301,97.1955542355663
46.8699339,0.993576288223267,-0.102527283841324,45.3406101038728,1.6216270315681,97.1955542355663
47.074051,0.992903351783752,-0.09957254317033,41.1194253519719,0.725213655346221,97.1955542355663
47.1256031,0.993498563766479,-0.037605164238132,36.3294906611618,4.85166002317298,130.570848998365
47.3854506,0.993462800979614,0.0748737741515093,0.806635039393974,12.5023146402707,130.570848998365
47.6050652,0.993778824806213,0.0834677138492421,1.44058927012357,23.0526342726406,130.570848998365
47.6567232,0.994051098823547,0.0905093659948369,2.50109677203904,35.9137638709262,130.570848998365
47.7121699,0.994260966777802,0.102023574964921,1.51572129684733,50.5325365708139,130.570848998365
47.9268946,0.994050860404968,0.105948073855372,3.50746545978625,66.3914736925812,95.8816152576851
48.194212,0.994234144687653,0.107677197005095,5.99772898691162,83.0087847413615,95.8816152576851
48.2476743,0.994355320930481,0.116245555166138,5.48835917980503,99.9383674072231,95.8816152576851
48.4526709,0.994483530521393,0.111349722480106,8.88609480993425,116.769807564863,95.8816152576851
48.5159921,0.994580090045929,0.0978462729790931,11.8948906127715,133.128379273863,95.8816152576851
48.5668723,0.99476683139801,0.0960906387137331,11.9569036525336,148.675044778605,108.86485364731
48.9765149,0.994829833507538,0.0790990924759755,16.8500972877811,163.10645450825,108.86485364731
49.0287856,0.994874894618988,0.0616813046427028,22.1347457000843,176.154947076775,108.86485364731
49.0816985,0.994806826114655,0.0715685498940809,16.6076835458134,187.58854928299,108.86485364731
49.2953589,0.994789779186249,0.0622622699578935,19.0815313794278,197.210976110447,108.86485364731
49.3464263,0.994586944580078,0.0528891692104391,23.2038070521154,204.861630727561,92.1884510701785
49.6258043,0.994568467140198,0.0358468189630579,29.2865193882277,210.415604487509,92.1884510701785
49.9182416,0.994535505771637,0.0193126429719872,35.3724614655198,213.783676928256,92.1884510701785
49.9733409,0.994492888450623,0.00246225055691778,41.8198307747827,214.912315772667,92.1884510701785
50.0293396,0.99435830116272,0.0522041799655291,21.5865662543405,213.783676928256,92.1884510701785
50.3235527,0.994627118110657,0.0363243991789205,26.0379642118192,210.415604487509,93.7332666015156
50.587192,0.994863867759705,0.0231737949621705,31.7329650839139,204.861630727561,93.7332666015156
50.6410634,0.994953811168671,0.0463454455097276,22.9893632217475,197.210976110447,93.7332666015156
50.9429867,0.995091557502747,0.0498651982108866,22.3988512491938,187.588549282989,93.7332666015156
50.9935787,0.995194315910339,0.0520147465636715,22.6018042948359,176.154947076776,93.7332666015156
51.0475358,0.995187699794769,0.0544190515214335,21.7191190665481,163.10645450825,88.3296389078129
51.5397371,0.995148956775665,0.0803387563356973,12.7656468078195,148.675044778605,88.3296389078129
51.5917726,0.995160639286041,0.084830892477749,12.7134498843264,133.128379273858,88.3296389078129
51.6449009,0.995143413543701,0.0916274610753004,11.9574432072318,116.769807564871,88.3296389078129
51.8649351,0.995132267475128,0.0898541167903356,14.8989125999791,99.9383674072189,88.3296389078129
51.9165938,0.995306611061096,0.0923156578100254,16.6041918743729,83.0087847413765,110.58460955255
52.1757055,0.995238840579987,0.0839144885598897,18.5959358428765,66.391473692565,110.58460955255
52.3806329,0.995047926902771,0.100530757463145,8.91845533216155,50.5325365708063,110.58460955255
52.4319585,0.994907140731812,0.0918961809301618,9.23148448172354,35.9137638709473,110.58460955255
52.48466,0.99473649263382,0.0817111455124921,9.92306340782781,23.0526342726182,110.58460955255
52.7083106,0.994084775447845,0.0882248890972391,3.65875477502522,12.5023146402771,78.3410552159338
52.9894906,0.993774592876434,0.0873596338459104,0.145948787039435,4.85166002318864,78.3410552159338
53.0425377,0.993457496166229,0.078784295566129,0.167302481163111,0.725213655335628,78.8400255199592
3.77e-05,0.993076086044312,0.0839553741279668,7.50674479e-17,0,73.9513757507045
0.2771445,0.993097364902496,0.112933981493538,0.0268916420681175,0.896388068937254,73.9513757507045
0.3297667,0.993505418300629,0.0705468108612596,0.193248195551132,5.99681228728364,73.9513757507045
0.3971638,0.993926465511322,0.0670824202444056,0.64386124696617,15.453274486747,73.9513757507045
0.6037822,0.994157731533051,0.0753751124631082,1.42172189800197,28.4938185693598,63.6794347228378
0.8623222,0.994445085525513,0.085381933011246,2.1869686011463,44.3906002142753,63.6794347228378
0.9145495,0.99466460943222,0.0973547187259454,1.87543091516082,62.4598868775821,63.6794347228378
1.1224808,0.994856774806976,0.101725821738274,4.3360637879165,82.0620577924765,63.6794347228378
1.1739691,0.995006084442139,0.103842808022831,7.41411480170529,102.601603969118,63.6794347228378
1.2267349,0.995093643665314,0.116529009417326,5.68602879593146,123.527128194703,65.8093221438578
1.6511608,0.995153546333313,0.115039846378894,8.03570503443563,144.331345033497,65.8093221438578
1.702226,0.995196580886841,0.0954042045225609,12.9320672398458,164.551080826727,65.8093221438578
1.7559878,0.99514776468277,0.0937660092636989,10.8357586134386,183.767273692656,65.8093221438578
1.9707374,0.995128452777863,0.0736525846241254,16.4982735904231,201.604973526595,65.8093221438578
2.0216715,0.995202958583832,0.053609858141066,23.0292198241853,217.733342000878,77.6078535951057
2.2819095,0.995134294033051,0.0317059882369744,29.9851928374732,231.865652564811,77.6078535951057
2.4873432,0.995040059089661,0.00981571702417512,37.2183797565998,243.759290444847,77.6078535951057
2.5531184,0.994915008544922,-0.0100507063951347,43.9194607049964,253.215752644272,77.6078535951057
2.6067597,0.994630396366119,0.00801315330530349,35.556782749449,260.080647943592,77.6078535951057
2.8096839,0.994294941425323,0.000340796122438714,37.2314403801935,264.243696900189,68.2044719625618
3.0817903,0.994034767150879,-0.00419819584692344,38.6077317006369,265.638731848569,68.2044719625618
3.1343332,0.993975043296814,-0.00689437395103386,39.5688493002371,264.243696900192,68.2044719625618
3.3460393,0.99414449930191,-0.0133439779110575,42.3256124990395,260.080647943589,68.2044719625618
3.3976885,0.994280338287354,-0.0153674250014915,43.5977425274312,253.215752644272,68.2044719625618
3.451333,0.994211792945862,0.0186858078420737,30.6718759527392,243.759290444841,64.0373703712993
3.9549584,0.994364023208618,0.00407287253042161,37.5953612878273,231.865652564814,64.0373703712993
4.0069072,0.994487881660461,-0.00880108822670676,44.1162969849936,217.733342000866,64.0373703712993
4.0608702,0.994473099708557,0.00967688524933452,38.2581020581398,201.60497352662,64.0373703712993
4.2779065,0.994485259056091,0.015031359770543,37.9799096988826,183.767273692641,64.0373703712993
4.328726,0.994451463222504,0.0261338162112282,35.5186391293784,164.551080826727,64.1155344528423
4.6028262,0.994333922863007,0.0523717236633138,27.3595521857411,144.331345033497,64.1155344528423
4.8181808,0.994297087192535,0.0500904142648367,31.0374831801929,123.527128194713,64.1155344528423
4.8694423,0.994215428829193,0.0515354568206511,33.4794686159075,102.601603969129,64.1155344528423
4.9233113,0.993929386138916,0.0826171636049833,19.1298045199891,82.062057792465,64.1155344528423
5.1420545,0.993792176246643,0.0795113997018475,17.1965953911573,62.4598868775772,69.5245233871827
5.4004531,0.993509888648987,0.0814527735971751,12.4510480641882,44.3906002142892,69.5245233871827
5.4526497,0.993169724941254,0.0830496288581055,7.55858061508084,28.4938185693494,69.5245233871827
5.6585544,0.992793679237366,0.0780237322164223,5.04947044802349,15.4532744867642,69.5245233871827
5.711206,0.992352247238159,0.0711883688148496,2.97002109417956,5.99681228728085,69.5245233871827
5.7638074,0.99164605140686,0.061698146777657,1.5256474035635,0.896388068921724,58.2204036583193
6.1794093,0.991324782371521,0.0414833418455555,0.0486488109470429,1.6216270315681,58.2204036583193
6.2306984,0.992137372493744,-0.00267611738990027,0.352074059412985,10.8486416155301,58.2204036583193
6.2838763,0.993020296096802,0.00565972003988573,1.16378882176605,27.9560254117693,58.2204036583193
6.5113329,0.993716955184937,0.0249952863234053,2.63060554133702,51.5472572940325,58.2204036583193
6.5621118,0.994212329387665,0.0450840350832167,4.393106072131,80.3056173432992,54.3215489757114
6.8215647,0.994638323783875,0.0580310164242589,7.34520066632001,112.9941868478,54.3215489757114
7.0208385,0.994966566562653,0.0659848971586049,11.7814681160814,148.455848302967,54.3215489757114
7.0727211,0.995204389095306,0.0711477249062476,16.8091570210924,185.613285411368,54.3215489757114
7.1254405,0.995320737361908,0.0872824242079684,16.8708921966592,223.468983082932,54.3215489757114
7.3248762,0.995639801025391,0.0764732514280313,24.5593959932761,261.105227434602,77.7746024323274
7.5927818,0.99568122625351,0.0408340462269749,33.490024166998,297.68410579073,77.7746024323274
7.6575275,0.995618224143982,0.0209195317855276,36.5451337370953,332.447506682767,77.7746024323274
7.8628465,0.995513558387756,-0.00406539704970532,42.1644113676836,364.717119849403,77.7746024323274
7.9149756,0.995356619358063,-0.030466361944933,48.8718709192128,393.894436236565,77.7746024323274
7.9668029,0.994789779186249,-0.0343918826018842,46.5888530744985,419.460747997334,51.6323301378742
8.4004522,0.994533956050873,-0.0711151422266613,58.544932944741,440.977148492033,51.6323301378742
8.4527853,0.994227170944214,-0.110913825168204,72.2169390053941,458.0845322883,51.6323301378742
8.5072507,0.993752360343933,-0.125810546855262,76.3214784934789,470.503595160767,51.6323301378742
8.7098627,0.993244588375092,-0.151112794205816,85.1646639683857,478.034834091466,51.6323301378742
8.7624353,0.992397904396057,-0.167544531019924,90.732599032908,480.558547269535,37.6882640167655
9.0337833,0.991790890693665,-0.121393288297159,71.7875949001966,478.034834091466,37.6882640167655
9.234967,0.992106020450592,-0.153797718539326,85.2098803884609,470.503595160767,37.6882640167655
9.2872686,0.992388010025024,-0.185443008955907,98.814141055259,458.0845322883,37.6882640167655
9.340138,0.992628812789917,-0.214872349267074,112.04338151002,440.977148492033,37.6882640167655
9.536288,0.992943525314331,-0.239746945338144,124.596363985034,419.460747997334,45.8131216153007
9.7940585,0.992944240570068,-0.232133186915463,123.917274457822,393.894436236567,45.8131216153007
9.8472286,0.99271434545517,-0.183505582611576,107.104599847131,364.717119849399,45.8131216153007
10.0510387,0.992641389369965,-0.174345216468425,106.820793341436,332.447506682767,45.8131216153007
10.1148278,0.99252724647522,-0.165051653311172,106.978123251917,297.684105790768,45.8131216153007
10.1673761,0.992054283618927,-0.101438325553759,85.1074034020294,261.1052274346,44.6293953626726
10.5913496,0.991641640663147,-0.0580836853191239,72.5328840107984,223.468983082898,44.6293953626726
10.6437505,0.991373062133789,-0.353275342342303,76.0771089034674,185.613285411368,44.6293953626726
10.6983581,0.991030871868134,-0.372211674894215,80.5307744520938,148.455848302967,44.6293953626726
10.8977687,0.990568161010742,-0.396996456954902,83.9205932262855,112.9941868478,44.6293953626726
10.9474402,0.989953100681305,-0.419487185501967,86.3297572177042,80.3056173432992,44.2399480768182
11.2077281,0.988760769367218,-0.387346613739755,65.5382473562778,51.5472572940325,44.2399480768182
11.4046886,0.987733066082001,-0.409790044246728,66.3768174705022,27.9560254117674,44.2399480768182
11.4564224,0.986441552639008,-0.432467818263657,66.7022345300931,10.8486416155339,44.2399480768182
11.5086293,0.983702003955841,-0.349705514855523,23.602020364763,1.6216270315662,44.2399480768182
11.7639202,0.982817888259888,-0.358418848321874,17.9372034536513,1.6216270315662,55.3650860566985
12.0333716,0.983711779117584,-0.327622980311668,5.60717126126324,10.8486416155339,55.3650860566985
12.0865591,0.98550671339035,-0.301372470567194,3.95521117823398,27.9560254117674,55.3650860566985
12.2877011,0.986945152282715,-0.274236882177152,2.38242546024116,51.5472572940325,55.3650860566985
12.3416529,0.988093912601471,-0.247881756999118,0.557720278701978,80.3056173432992,55.3650860566985
12.3949175,0.990153014659882,-0.241705006783925,7.34520066631995,112.9941868478,101.584778882497
12.846102,0.990914106369019,-0.233304298037727,11.798876115409,148.455848302967,101.584778882497
12.9003114,0.991547703742981,0.070710534236179,17.3426346795738,185.613285411368,101.584778882497
12.9558351,0.991996765136719,0.0858203024396995,17.8662472180125,223.468983082932,101.584778882497
13.1891625,0.992412984371185,0.0813733648184552,22.8601256477647,261.1052274346,101.584778882497
13.2423775,0.993076801300049,0.0479252957203188,29.759633928443,297.684105790734,122.485182095305
13.5169304,0.993380069732666,0.0128964679782076,39.009449367481,332.447506682767,122.485182095305
13.7224841,0.993642389774323,-0.0251320738290547,49.950962962963,364.717119849399,122.485182095305
13.7731936,0.993858754634857,-0.0633403369823375,61.4840207545206,393.894436236567,122.485182095305
13.8257653,0.993943333625793,-0.0790511094998204,64.4496488291243,419.460747997334,122.485182095305
14.0784249,0.994478762149811,-0.112785530659751,73.6518123858515,440.977148492033,158.42201522952
14.3374537,0.994392514228821,-0.0994008792039842,65.932633488834,458.0845322883,158.42201522952
14.3913348,0.994448363780975,-0.129907231446026,76.429576768213,470.503595160767,158.42201522952
14.5966556,0.994495034217834,-0.168643861233138,90.770621790957,478.034834091466,158.42201522952
14.6483734,0.994457364082336,-0.206249028232459,105.168400219,480.558547269535,158.42201522952
14.7011216,0.994552433490753,-0.231165274530508,114.213961162166,478.034834091466,143.837335249401
15.1194791,0.994989812374115,-0.213679201329265,107.425555494848,470.503595160767,143.837335249401
15.1722514,0.995462417602539,-0.2268578087015,113.586714884297,458.0845322883,143.837335249401
15.2368948,0.995695054531097,-0.181631385187932,96.6887426775859,440.977148492033,143.837335249401
15.4449522,0.996032357215881,-0.190828505226469,102.264988731115,419.460747997334,143.837335249401
15.4972935,0.996227622032166,-0.197722891328123,108.110618087476,393.894436236565,133.390556414102
15.7562483,0.996481776237488,-0.217620810244069,119.051783632706,364.717119849403,133.390556414102
15.9673567,0.996595680713654,-0.199438619015288,115.145060841325,332.447506682797,133.390556414102
16.01821,0.996733486652374,-0.210944387804942,123.734981381521,297.684105790734,133.390556414102
16.0699716,0.996770024299622,-0.19639346661512,122.328525690565,261.105227434602,133.390556414102
16.287012,0.996849358081818,-0.189949652252851,123.47738141546,223.468983082898,144.58388266895
16.5586349,0.996656596660614,-0.110289238338883,96.7700077704547,185.613285411368,144.58388266895
16.6119116,0.99635249376297,-0.0326638732320208,62.2265288425395,148.455848302967,144.58388266895
16.848214,0.996172964572906,-0.0423069952302545,59.5652756887507,112.9941868478,144.58388266895
16.9011059,0.995926737785339,-0.0538150015712041,57.1019921282089,80.3056173432992,144.58388266895
16.9536224,0.994975388050079,-0.0529942873336197,50.8135171807237,51.5472572940325,83.2645647089081
17.3660269,0.994527757167816,-0.0751491045541919,51.646891940587,27.9560254117693,83.2645647089081
17.4189475,0.993952751159668,-0.0974444444427118,51.9212002440802,10.8486416155301,83.2645647089081
17.4707608,0.993135035037994,-0.100541461392074,43.874814145283,1.6216270315681,83.2645647089081
17.6847553,0.99249666929245,-0.0897175570791974,38.5915961392309,0.405406757899603,83.2645647089081
17.7487338,0.993121445178986,-0.00268500519394307,31.9944695394192,2.71216040386738,136.651271017752
18.0221544,0.992962539196014,0.100681727390836,0.481431327223142,6.98900635296601,136.651271017752
18.2299301,0.993151187896729,0.105654227105366,0.78466699679004,12.8868143235006,136.651271017752
18.2824768,0.993314683437347,0.109855903099461,1.27182844439086,20.0764043358002,136.651271017752
18.3345809,0.99344927072525,0.114491918563745,1.44955016658,28.2485467119661,136.651271017752
18.5505194,0.993247151374817,0.120735915012693,2.52564402958863,37.1139620757333,112.889530806212
18.8092642,0.993338167667389,0.125225876245198,2.505068669438,46.4033213528666,112.889530806212
18.8625762,0.993398487567902,0.131339350883425,1.68438304255898,55.8672457707,112.889530806212
19.0712431,0.993469059467316,0.128474979049852,3.634375248319,65.2763068586675,112.889530806212
19.1256378,0.993522822856903,0.119562484539679,5.86700604174899,74.4210264476663,112.889530806212
19.1805405,0.993393898010254,0.124416022163804,3.04399832304104,83.1118766707003,104.772336016241
19.6185688,0.99341207742691,0.116288259529532,5.22874074074099,91.1792799623659,104.772336016241
19.6718542,0.993421375751495,0.106726175959555,8.11030801824998,98.4736090591336,104.772336016241
19.725268,0.993361234664917,0.109530537649378,6.11292262279936,104.865186999334,104.772336016241
19.9313451,0.993345439434052,0.099598167692047,9.407251236185,110.244287123,104.772336016241
19.9831995,0.992343902587891,0.0845944885770804,12.842867228347,114.521133072067,38.7225100859371
20.2415813,0.992132604122162,0.106696107869267,3.52866719205299,117.6258987902,38.7225100859371
20.4636736,0.992076218128204,0.0970373765995002,7.113905447739,119.508708522867,38.7225100859371
20.5168397,0.992008566856384,0.0876941512699075,10.681206555048,120.1396368174,38.7225100859371
20.5699082,0.991975069046021,0.0958006141633017,7.34193786508832,119.508708522867,38.7225100859371
20.7948823,0.992644011974335,0.0924025101023453,10.718157771653,117.6258987902,69.8653994683112
21.0612883,0.992801487445831,0.0845827010038907,14.153766763815,114.521133072067,69.8653994683112
21.1135867,0.992883086204529,0.0897102002562388,12.4295180843547,110.244287123003,69.8653994683112
21.3164916,0.992962956428528,0.0925520760173036,11.7501239801411,104.865186999334,69.8653994683112
21.3684784,0.99303275346756,0.0945767136100727,11.5315492853653,98.4736090591364,69.8653994683112
21.4220337,0.9931401014328,0.0908322711146766,12.1426376581298,91.1792799623536,72.9995313139632
21.8347932,0.993100702762604,0.109616246031884,5.41141909712775,83.1118766706931,72.9995313139632
21.8862474,0.993121683597565,0.111844403364,5.49869061223785,74.4210264476834,72.9995313139632
21.9398697,0.993135869503021,0.11167269971954,6.68391395744069,65.2763068586533,72.9995313139632
22.148574,0.993134498596191,0.110843550421574,8.26447724879722,55.8672457707265,72.9995313139632
22.1999878,0.993578255176544,0.11601431428359,8.51947082172924,46.4033213528433,108.074387800504
22.4695846,0.993472516536713,0.124879510542647,4.1814498334199,37.1139620757371,108.074387800504
22.6803175,0.993400990962982,0.118806180812572,4.99242923626916,28.2485467119533,108.074387800504
22.7308813,0.993292689323425,0.115537011458521,4.52688937440533,20.0764043358267,108.074387800504
22.7937506,0.99313485622406,0.117433075258712,1.83680279455849,12.8868143235062,108.074387800504
23.0038086,0.992693960666656,0.112364357670954,2.04647298514681,6.98900635294374,88.3655096501226
23.2632377,0.992485582828522,0.111367410829591,0.290837797263393,2.71216040388633,88.3655096501226
23.3153351,0.992266118526459,0.106313005634791,0.0120000000000005,0.405406757886813,88.3655096501226
23.5206736,0.992023110389709,0.100741342152313,0.0195622027368074,0.405406757893445,88.3655096501226
23.5715848,0.992282211780548,0.100631155582331,0.0935041148532889,2.71216040388301,88.3655096501226
23.6255606,0.992675125598907,0.108256923705853,0.303181905441505,6.98900635294043,98.9579875745177
24.0650814,0.992870330810547,0.113843421082747,0.386801635146696,12.8868143235062,98.9579875745177
24.1171217,0.993043541908264,0.117850117985853,0.95350126522149,20.0764043358267,98.9579875745177
24.1699976,0.993190407752991,0.121700831978427,1.44955016658,28.24854671195,98.9579875745177
24.4296812,0.993319869041443,0.123780470373227,2.52668882958854,37.1139620757404,98.9579875745177
24.480878,0.993460476398468,0.124417944543632,3.32355839686739,46.4033213528467,101.668744460818
24.7417441,0.993543684482574,0.126390839868823,4.1810860425594,55.8672457707265,101.668744460818
24.9479984,0.993618965148926,0.123602578921588,6.10311334953828,65.27630685865,101.668744460818
24.9999576,0.993679046630859,0.114691497045052,8.33574414264218,74.4210264476834,101.668744460818
25.0529589,0.993681013584137,0.11571745910799,6.68436234187021,83.1118766706934,101.668744460818
25.257104,0.993371367454529,0.102689424908463,9.41868114074069,91.1792799623498,75.9936824234594
25.5372183,0.993293941020966,0.114663799304816,3.61913520714462,98.47360905914,75.9936824234594
25.5914238,0.993294179439545,0.106437166116053,6.0995296224949,104.865186999333,75.9936824234594
25.8797655,0.99328750371933,0.0969479088633186,9.20985589047496,110.244287123013,75.9936824234594
25.9328851,0.993271708488464,0.0869739346522219,12.6454898678873,114.521133072073,75.9936824234594
25.986665,0.993101716041565,0.0954676605840199,10.2716407920532,117.62589879019,70.6079264428575
26.4159827,0.99306458234787,0.0858080235197415,13.8569054477391,119.508708522863,70.6079264428575
26.4689982,0.993017137050629,0.076613387433328,17.3667612870342,120.139636817393,70.6079264428575
26.5222258,0.992961466312408,0.0928184851699055,10.7489754047445,119.508708522863,70.6079264428575
26.7334443,0.993106186389923,0.0903132657269224,11.8329629963324,117.62589879019,70.6079264428575
26.7855802,0.993313610553741,0.0849660670593879,14.1776372670954,114.521133072073,75.005559625133
27.0554517,0.993454992771149,0.0777097912923747,17.4607234775051,110.244287123013,75.005559625133
27.3434361,0.99357932806015,0.0710975790215814,20.6066790874851,104.865186999333,75.005559625133
27.3942752,0.99368554353714,0.0652793663218081,23.5608873592592,98.4736090591367,75.005559625133
27.4490312,0.993772745132446,0.0603218909213591,26.2962657581298,91.1792799623534,75.005559625133
27.8282545,0.993793129920959,0.0964984873277381,11.3047397597318,83.1118766706933,85.5493224643998
28.1028375,0.99374932050705,0.115064951239866,4.78074057075025,74.4210264476844,85.5493224643998
28.1590785,0.993775248527527,0.113122370519312,6.68391215744068,65.2763068586517,85.5493224643998
28.5767848,0.993777990341187,0.112448923597375,8.20334867501482,55.8672457707267,85.5493224643998
28.6314396,0.993747115135193,0.115333153483918,8.40668011230244,46.4033213528433,85.5493224643998
28.6879005,0.993752062320709,0.109292841985886,9.52009872415683,37.113962075739,89.1872248453503
29.2250728,0.993584752082825,0.126613707573321,0.84772991477855,28.2485467119533,89.1872248453503
29.2780879,0.993492782115936,0.120738554965167,1.45019894485335,20.0764043358266,89.1872248453503
29.3324649,0.993358969688416,0.118616251753282,0.386802794558508,12.8868143235053,89.1872248453503
29.6321454,0.993213951587677,0.11308263665314,0.572464649146763,6.98900635294184,89.1872248453503
29.6853333,0.993089854717255,0.110676832702466,0.653829461263353,2.71216040388633,92.5275810766183
29.9459903,0.992887020111084,0.105785380998911,0.303,0.405406757888233,92.5275810766183
30.1958499,0.992705106735229,0.0937692173625459,0.264372009473525,0.810813515784163,92.5275810766183
30.2475593,0.993132710456848,0.0696317669081386,0.213124704606598,5.4243208077691,92.5275810766183
30.3003798,0.993539571762085,0.0731416706365791,0.606394410883106,13.9780127058817,92.5275810766183
30.5338162,0.993917286396027,0.0839796128042199,1.23212692680336,25.7736286470107,94.983221397487
30.8026994,0.99421352148056,0.0918129353079385,2.43671118620644,40.1528086716513,94.983221397487
30.8559302,0.994466185569763,0.0977590532253195,4.13162398861038,56.4970934239053,94.983221397487
31.0925124,0.994680881500244,0.101726341516965,6.35846171299705,74.2279241514793,94.983221397487
31.1440676,0.994830071926117,0.110413231978736,6.41268973931973,92.8066427056894,94.983221397487
31.2081583,0.994881153106689,0.113074981725999,8.3631720851188,111.734491541456,88.0073612188509
31.6340896,0.994930028915405,0.125105685632126,5.08243881716049,130.5526137173,88.0073612188509
31.687,0.995006561279297,0.109771780348072,8.53047804665142,148.842052895367,88.0073612188509
31.7389873,0.995066821575165,0.0916525009904615,13.3687246837403,166.223753341383,88.0073612188509
31.9558279,0.995106637477875,0.0726108179108104,18.8394814814815,182.358559924707,88.0073612188509
32.0085843,0.995214760303497,0.0560184147339412,23.6632494321881,196.94721811828,97.7205470473921
32.2798533,0.995116829872131,0.0666138751816648,17.6708092449898,209.730373998663,97.7205470473921
32.5025666,0.995101749897003,0.0467477755128729,24.2613082751314,220.48857424603,97.7205470473921
32.5556214,0.99506664276123,0.0281611214887109,30.582164250405,229.04226614414,97.7205470473921
32.6097893,0.994899809360504,0.0440153752870985,23.2262624548134,235.251797580383,97.7205470473921
32.8427506,0.994539082050323,0.0213136226288927,30.3967792643779,239.01741704573,70.239998446302
33.1011702,0.994438230991364,0.0091829016064809,34.9221891045217,240.27927363478,70.239998446302
33.1557851,0.994523108005524,-0.00886623810537267,42.0927116158937,239.017417045733,70.239998446302
33.3775581,0.994618892669678,0.00572526417708761,36.3410850154099,235.25179758038,70.239998446302
33.4292305,0.994763076305389,0.00341802949688355,37.6774272379393,229.04226614414,70.239998446302
33.4827527,0.994906485080719,0.0304695056539519,27.8407129959155,220.488574246023,80.992864539327
33.9250668,0.995053887367249,0.0172032745243292,34.1326241714677,209.730373998667,80.992864539327
33.9878138,0.995176136493683,0.00553646870896257,40.0410406860207,196.947218118267,80.992864539327
34.0412764,0.995181441307068,0.0237852657702755,34.1267240786806,182.358559924734,80.992864539327
34.2579485,0.995206773281097,0.0299024765364289,33.359635455273,166.223753341366,80.992864539327
34.3094699,0.995272636413574,0.0386584369043189,31.7133814961843,148.842052895367,88.1629693345485
34.5735509,0.995201230049133,0.0613964086755473,24.747827914881,130.5526137173,88.1629693345485
34.8363349,0.995186626911163,0.0592711922231335,28.099862661125,111.734491541466,88.1629693345485
34.8877778,0.995140254497528,0.0591645503598262,30.884061942296,92.8066427057009,88.1629693345485
34.9404364,0.994914591312408,0.0925242569209736,15.7906529002006,74.2279241514666,88.1629693345485
35.166393,0.994554698467255,0.0909320148538644,13.0964721247102,56.4970934239,69.8222264954444
35.4377966,0.994388699531555,0.0792009565372555,14.3010464747115,40.1528086716667,69.8222264954444
35.4916839,0.994063138961792,0.0964990545237923,3.45785416654527,25.7736286469992,69.8222264954444
35.7391413,0.993798196315765,0.0853453807673207,3.87718864486219,13.9780127059007,69.8222264954444
35.7919864,0.993478417396545,0.0741273603656165,4.03991630846241,5.42432080776602,69.8222264954444
35.846661,0.993223905563354,0.0689949014627984,1.38,0.810813515766995,80.9255408773015
36.2737185,0.993073225021362,0.0448516970408359,1.38085723621472,1.6216270315681,80.9255408773015
36.3256398,0.993678748607635,-0.00386214970376566,1.42981007134434,10.8486416155301,80.9255408773015
36.3803574,0.994387030601501,0.00402160377997781,1.83718717778037,27.9560254117693,80.9255408773015
36.6248853,0.994943857192993,0.0251159187410926,2.57256054366662,51.5472572940325,80.9255408773015
36.6771138,0.995136022567749,0.0485727345041967,4.14591406517994,80.3056173432992,55.830179200452
36.9478038,0.995500266551971,0.0608166762450997,7.34520066632001,112.9941868478,55.830179200452
37.1805668,0.995780646800995,0.0689051253480041,11.719640126204,148.455848302967,55.830179200452
37.2345707,0.995984375476837,0.0749295473591611,16.3935686339418,185.613285411368,55.830179200452
37.2885505,0.996091485023499,0.0903829991272175,16.726300170238,223.468983082932,55.830179200452
37.5221623,0.996338605880737,0.0763875377731,24.5595009932761,261.105227434602,75.3633181510113
37.7794237,0.996324360370636,0.0649862047478722,23.6893088910874,297.68410579073,75.3633181510113
37.8313518,0.996327340602875,0.027971021560981,33.6626289955409,332.447506682767,75.3633181510113
38.1084842,0.996289193630219,-0.0101703432662935,44.6040813565607,364.717119849403,75.3633181510113
38.1604989,0.99618673324585,-0.0492098984165368,56.420874986366,393.894436236565,75.3633181510113
38.2134318,0.995384335517883,-0.0309583245268289,44.9297806689793,419.460747997334,25.5921610633662
38.6797949,0.994901597499847,-0.00748047541299469,32.5467322794844,440.977148492033,25.5921610633662
38.7327629,0.994538068771362,-0.0401990787162796,43.3731360535903,458.0845322883,25.5921610633662
38.7864484,0.994103252887726,-0.0703891440528662,53.670576768213,470.503595160767,25.5921610633662
39.0340324,0.993643999099731,-0.109287636213331,68.011621790957,478.034834091466,25.5921610633662
39.0844765,0.993225693702698,-0.142801471700034,81.2813321587602,480.558547269535,33.6754206852181
39.3542965,0.992641448974609,-0.0757626185687963,53.8543212035184,478.034834091466,33.6754206852181
39.5962178,0.992983043193817,-0.101487211511795,64.5761441504219,470.503595160767,33.6754206852181
39.6476417,0.993291020393372,-0.125204349791775,74.9817656732249,458.0845322883,33.6754206852181
39.7055565,0.993554472923279,-0.144657966148829,84.18538151002,440.977148492033,33.6754206852181
39.9520389,0.993965208530426,-0.170131367347892,96.710103041954,419.460747997334,45.2254817068134
40.2238025,0.994052469730377,-0.161282419093168,95.5438064550138,393.894436236567,45.2254817068134
40.2761372,0.993929505348206,-0.107675031800956,76.7564045580492,364.717119849399,45.2254817068134
40.499299,0.993986785411835,-0.106318850100529,79.6291011349189,332.447506682767,45.2254817068134
40.5497844,0.9939906001091,-0.101595677257996,81.65797772224,297.684105790768,45.2254817068134
40.6046927,0.993928492069244,-0.062165643351334,69.8768075208338,261.1052274346,55.2281068512674
41.0309525,0.99379175901413,-0.047214783622209,68.7904533240891,223.468983082898,55.2281068512674
41.0829546,0.993658781051636,-0.0474032898590144,74.352123884591,185.613285411368,55.2281068512674
41.1363011,0.993440389633179,-0.0663060477873952,78.80579933368,148.455848302967,55.2281068512674
41.3376134,0.993124485015869,-0.0909723814203398,82.1683559593721,112.9941868478,55.2281068512674
41.3884947,0.992569506168365,-0.112565029707195,83.9499105764042,80.3056173432992,47.3666254990572
41.6563593,0.991503655910492,-0.0466525240873671,49.5427131449037,51.5472572940325,47.3666254990572
41.8617097,0.990600824356079,-0.0485785681958934,42.1101123510294,27.9560254117674,47.3666254990572
41.9254298,0.98950457572937,-0.0561734425278628,36.3763702146913,10.8486416155339,47.3666254990572
41.9779969,0.987882375717163,-0.0337033354098513,17.8727176208717,1.6216270315662,47.3666254990572
42.1884445,0.987242221832275,-0.0486811229623857,14.7873216700085,1.6216270315662,57.1910580350038
42.4486503,0.9880211353302,-0.0321393643228357,8.18436394058699,10.8486416155339,57.1910580350038
42.5028956,0.98935467004776,-0.00793595585292778,7.34521117823397,27.9560254117674,57.1910580350038
42.792993,0.990402400493622,0.0192186541862513,5.7088414874546,51.5472572940325,57.1910580350038
42.8456987,0.991211831569672,0.04866223437298,2.5895026961673,80.3056173432992,57.1910580350038
42.9009056,0.992135643959045,0.071582381609557,0.800338822379511,112.9941868478,73.4915264163839
43.3343397,0.992787003517151,0.0634366433365959,11.798876115409,148.455848302967,73.4915264163839
43.384932,0.993242919445038,0.0674414526397838,17.3333876806,185.613285411368,73.4915264163839
43.4379728,0.993610024452209,0.067194366351315,24.0374571722931,223.468983082932,73.4915264163839
43.6404916,0.993903815746307,0.0556924491842954,31.870613994826,261.1052274346,73.4915264163839
43.6914269,0.994570672512054,0.0998234986633005,8.93002416699801,297.684105790734,136.609066758651
43.9471109,0.994915843009949,0.0132189797040209,39.009449367481,332.447506682767,136.609066758651
44.1451723,0.995043933391571,-0.0247969914836583,49.950962962963,364.717119849399,136.609066758651
44.1954246,0.995139837265015,-0.0633156670899531,61.5931203168144,393.894436236567,136.609066758651
44.2474612,0.995156526565552,-0.0859838704902871,67.3539658887006,419.460747997334,136.609066758651
44.4627335,0.995393991470337,-0.121564171512527,76.3159538023595,440.977148492033,159.318235253855
44.7350807,0.995252251625061,-0.106958789908251,68.054226622812,458.0845322883,159.318235253855
44.7887629,0.995221436023712,-0.132213665777171,76.429576768213,470.503595160767,159.318235253855
45.0295756,0.995221674442291,-0.170957805749525,90.770621790957,478.034834091466,159.318235253855
45.0803035,0.995207726955414,-0.208578008313354,105.17459521408,480.558547269535,159.318235253855
45.1332743,0.995386779308319,-0.232286494996297,114.409777102866,478.034834091466,151.684817174962
45.5461251,0.995795786380768,-0.216446298631401,108.296246663198,470.503595160767,151.684817174962
45.5977057,0.996238708496094,-0.233570632817466,116.047480865542,458.0845322883,151.684817174962
45.6495011,0.996465146541595,-0.186555861629252,98.4236743041087,440.977148492033,151.684817174962
45.8634135,0.996780753135681,-0.196478382277612,104.292127959594,419.460747997334,151.684817174962
45.9145167,0.996899604797363,-0.198985306526807,108.09147314159,393.894436236565,135.969241846515
46.1879635,0.997095882892609,-0.218906151514261,119.032639545069,364.717119849403,135.969241846515
46.4012046,0.997179746627808,-0.200770742136567,115.137797851477,332.447506682797,135.969241846515
46.453809,0.997285544872284,-0.212168173500505,123.680325829474,297.684105790734,135.969241846515
46.5057221,0.997310698032379,-0.198462918358032,122.61152094045,261.105227434602,135.969241846515
46.7104539,0.997379422187805,-0.191686569156732,125.576440267429,223.468983082898,147.131477992863
46.9618823,0.997361838817596,-0.191842431428316,131.144649333365,185.613285411368,147.131477992863
47.0252755,0.997301340103149,-0.210684724564185,135.598184422581,148.455848302967,147.131477992863
47.224891,0.997194528579712,-0.235340241803716,138.987909224674,112.9941868478,147.131477992863
47.2740343,0.997036457061768,-0.258881773836217,141.397009041589,80.3056173432992,147.131477992863
47.3258775,0.996819734573364,-0.281604205597502,142.943383880826,51.5472572940325,147.131477992863
47.8000942,0.996535122394562,-0.303894681438839,143.78204177372,27.9560254117693,147.131477992863
47.8502352,0.996170163154602,-0.326239532933004,144.107492219133,10.8486416155301,147.131477992863
47.9011082,0.995709478855133,-0.349229615464183,144.156139717638,1.6216270315681,147.131477992863
48.1008103,0.995295703411102,-0.359461971374498,144.164351267353,0.896388068951718,147.131477992863
48.1524206,0.995481073856354,-0.315969631314379,144.219403271747,5.99681228728171,147.131477992863
48.466071,0.995773077011108,-0.292376484813558,144.362204104041,15.4532744867334,147.131477992863
48.6692406,0.996017873287201,-0.280400202207892,144.629036717237,28.4938185693494,147.131477992863
48.7196379,0.996222138404846,-0.269546233529115,145.053795390554,44.3906002142892,147.131477992863
48.7711466,0.995473265647888,0.0732231932460929,10.9559482381888,62.4598868775772,147.131477992863
48.9722485,0.994811832904816,0.0801290960652673,12.6703198956922,82.062057792465,61.5583851316065
49.2334435,0.994988739490509,0.0838359222761702,15.1631569451304,102.601603969129,61.5583851316065
49.2872277,0.99505752325058,0.107504344562655,9.24603563856633,123.527128194713,61.5583851316065
49.4883609,0.995176255702972,0.10131043153972,13.4934867305548,144.331345033497,61.5583851316065
49.5502722,0.995261669158936,0.0835035245524133,17.6584278861089,164.551080826727,61.5583851316065
49.6030903,0.995568931102753,0.0869926421944163,14.8896599395127,183.767273692641,93.8858659670851
50.0168319,0.995609521865845,0.0662857824007816,20.8278304396406,201.604973526589,93.8858659670851
50.0684251,0.995630621910095,0.0447996477913451,27.3380175635415,217.733342000897,93.8858659670851
50.1215279,0.995558977127075,0.0478035430751187,24.2276044711912,231.865652564814,93.8858659670851
50.3523969,0.995506644248962,0.0381065976978071,26.5469370854465,243.759290444841,93.8858659670851
50.4049102,0.995470643043518,0.0248517427444344,30.1383850085458,253.215752644272,96.6471603227921
50.6773383,0.995410561561584,0.00730740251688887,36.1999718607062,260.080647943592,96.6471603227921
50.9012666,0.995348930358887,-0.0140484335945735,44.0930123936343,264.243696900189,96.6471603227921
50.9528951,0.995270192623138,-0.0336100806166502,51.5471080278355,265.638731848569,96.6471603227921
51.004723,0.995259046554565,-0.0216126793323966,46.5638987868577,264.243696900192,96.6471603227921
51.2075078,0.995655119419098,-0.0261453334267991,47.8281562922758,260.080647943589,117.846176898336
51.4693905,0.995757639408112,-0.00364439609454655,39.2233804438214,253.215752644272,117.846176898336
51.5223057,0.995952725410461,-0.0199277263502165,46.5359743305918,243.759290444844,117.846176898336
51.7282613,0.996094107627869,-0.0344900358194841,53.4543453550846,231.865652564817,117.846176898336
51.7795044,0.996205449104309,-0.0459952837246876,59.4212014698734,217.733342000872,117.846176898336
51.8317474,0.996192634105682,-0.0154480471005761,48.4266554461757,201.604973526598,118.410432895906
52.2629648,0.99608188867569,0.0441285633558515,26.2233609246729,183.767273692656,118.410432895906
52.3156637,0.996126234531403,0.0373166722296027,31.1598856620435,164.55108082673,118.410432895906
52.3676763,0.996143579483032,0.0327039570651716,35.4898210307974,144.3313450335,118.410432895906
52.5676695,0.996133089065552,0.0303393633170447,39.1956314867498,123.5271281947,118.410432895906
52.6169458,0.996084153652191,0.0362378827166881,40.8279695861949,102.601603969116,118.410432895906
52.9350091,0.995779633522034,0.109854566482689,9.29178435659761,82.0620577924753,118.410432895906
53.1353797,0.995670795440674,0.096391502074736,11.1193483293504,62.4598868775833,118.410432895906
53.1866203,0.995525181293488,0.0833583822723314,12.4510465264801,44.3906002142771,118.410432895906
53.2401204,0.995287120342255,0.0870493602247152,6.72103344877847,28.4938185693597,118.410432895906
53.4418762,0.994653403759003,0.0853685209946635,3.36618963603824,15.4532744867488,83.7989708336881
53.7092641,0.994328022003174,0.0781551133361282,1.4987557614956,5.99681228728686,83.7989708336881
53.7618973,0.993512570858002,0.0695192376732025,0.0265309009077727,0.896388068930295,50.2950124761566
0.0002742,0.993519365787506,0.071271826574508,7.98108324e-17,0,78.5930840380097
0.2678924,0.993528127670288,0.109755268770575,0.0280874040964255,0.936246803214187,78.5930840380097
0.3191421,0.993927419185638,0.0677260186532994,0.206582250354764,6.26346615705652,78.5930840380097
0.3862624,0.994338393211365,0.064065926184666,0.690794814262407,16.1404187969676,78.5930840380097
0.5945402,0.994399428367615,0.0734362246088192,1.53599369886346,29.7608228746814,53.7699195252787
0.8543526,0.994683921337128,0.0839602683288552,2.28421420641757,46.3644697905935,53.7699195252787
0.9093456,0.994900286197662,0.0963115859919083,2.01906216544548,65.2372241934421,53.7699195252787
1.1128578,0.995086908340454,0.101024296669714,4.52807896925406,85.7110239805041,53.7699195252787
1.1649363,0.995230376720428,0.103231178719269,7.74300308578925,107.163880297403,53.7699195252787
1.2183448,0.995405972003937,0.112303850151155,7.02870651449106,129.019877538445,64.9973839654465
1.6390928,0.995448470115662,0.11347034530758,8.39380746208188,150.749173346223,64.9973839654465
1.6902708,0.99548202753067,0.0929538240112485,13.508594431838,171.867998611741,64.9973839654465
1.7429183,0.995430529117584,0.089122821007922,12.1737312448851,191.938657474728,64.9973839654465
1.9693701,0.995395541191101,0.0695598184700875,17.5010194533602,210.569527323118,64.9973839654465
2.022752,0.995328903198242,0.0475730267862291,24.3234711824263,227.415058793447,63.8876234774307
2.2817073,0.995242655277252,0.0253502945820428,31.3192997878172,242.175775770768,63.8876234774307
2.4927868,0.995131134986877,0.00237762988831881,38.9167338401531,254.598275388343,63.8876234774307
2.5564177,0.994988739490509,-0.0193007950017748,46.2895469628069,264.475228028251,63.8876234774307
2.6098298,0.994725465774536,-0.014137689878873,43.0991383542848,271.645377320767,63.8876234774307
2.8119314,0.99448561668396,-0.0224762016415204,45.8364438146852,275.993540144698,64.2057380632142
3.0818169,0.994136333465576,-0.0111338801966462,40.7464515914925,277.450606627474,64.2057380632142
3.1334852,0.994119465351105,-0.030872552623815,48.6050541149837,275.993540144698,64.2057380632142
3.3447133,0.994319260120392,-0.0505736707159042,56.7147902967682,271.645377320769,64.2057380632142
3.395953,0.994491040706635,-0.0676767972465878,64.0999578068971,264.475228028249,64.2057380632142
3.4488446,0.994562923908234,-0.0591137510075987,60.9993374883559,254.598275388341,65.6795071869002
3.8565786,0.994448244571686,-0.00823502857325096,41.4911988355392,242.17577577077,65.6795071869002
3.9100087,0.994525790214539,-0.0135539515177674,45.0143744922764,227.415058793447,65.6795071869002
3.9642025,0.994541466236115,-0.00770430929068966,44.3250271761774,210.569527323118,65.6795071869002
4.1606654,0.994590103626251,-0.0166023348462486,49.8866308976286,191.93865747473,65.6795071869002
4.2120744,0.994932591915131,-0.0228635382899368,55.0408213143219,171.867998611779,95.6410610226064
4.4812659,0.994919776916504,-0.0276002128691742,59.5632965147075,150.749173346186,95.6410610226064
4.7131684,0.994873702526093,-0.029959807391317,63.3802553921164,129.019877538444,95.6410610226064
4.7674413,0.994787931442261,-0.0285965635814867,65.9906151642141,107.163880297403,95.6410610226064
4.8242367,0.994554996490479,-0.00819341321966573,55.8896690891041,85.7110239805023,95.6410610226064
5.0534149,0.994392096996307,-0.0194716633962931,57.8466921924937,65.237224193444,95.6410610226064
5.3725281,0.994182884693146,-0.0331037162783315,59.2375635087985,46.3644697905929,95.6410610226064
5.4254015,0.993922233581543,-0.0462684145776384,60.1303494293525,29.7608228746813,95.6410610226064
5.6350233,0.993603587150574,-0.0591897460346179,60.6145414467787,16.1404187969688,95.6410610226064
5.6881651,0.993219554424286,-0.0721482415111019,60.8024375463386,6.26346615705881,95.6410610226064
5.7416855,0.991842091083527,0.0247318887782097,14.5973958094061,0.936246803210586,75.2240873130529
6.1617054,0.991350591182709,0.0218067894562618,6.22227016282557,1.6216270315681,75.2240873130529
6.2144304,0.992172360420227,-0.0129506403372024,3.7148554987808,10.8486416155301,75.2240873130529
6.2664273,0.993013322353363,0.00424108665552825,1.21284982416473,27.9560254117693,75.2240873130529
6.4606009,0.993712544441223,0.023367113899843,2.759206540587,51.5472572940325,75.2240873130529
6.5114759,0.99408221244812,0.0440400557944939,5.15854806088601,80.3056173432992,60.2453059481113
6.7706385,0.994498550891876,0.0626727318871725,5.79920066631996,112.9941868478,60.2453059481113
6.9726528,0.99483734369278,0.0707647704449617,10.1785021221273,148.455848302967,60.2453059481113
7.024765,0.995082974433899,0.0764016863792867,15.0160050616927,185.613285411368,60.2453059481113
7.077299,0.995219528675079,0.0884411318387002,16.73258617024,223.468983082932,60.2453059481113
7.2811486,0.995591938495636,0.0764562476506705,24.5657429932774,261.105227434602,88.1535908823808
7.5510295,0.995639264583588,0.0408487622273157,33.490024166998,297.684105790732,88.1535908823808
7.616337,0.995591938495636,0.0177542102464059,37.833929933784,332.447506682767,88.1535908823808
7.809437,0.995499670505524,-0.00874566351432466,44.0661346751422,364.717119849399,88.1535908823808
7.8622481,0.995354235172272,-0.0357547988258865,51.0204939831104,393.894436236567,88.1535908823808
7.9142086,0.994843721389771,-0.0762817226109723,63.6042125673479,419.460747997334,53.9289951691252
8.3340421,0.994407892227173,-0.0709978201161438,58.544932944741,440.977148492033,53.9289951691252
8.3869961,0.994036138057709,-0.110790550185743,72.2206009847383,458.0845322883,53.9289951691252
8.4410515,0.993501722812653,-0.127894206998841,77.2098566777357,470.503595160767,53.9289951691252
8.6409558,0.992932975292206,-0.154148423734221,86.4299486155909,478.034834091466,53.9289951691252
8.6929649,0.991996109485626,-0.173819378605725,93.5767695957799,480.558547269535,37.5638153071887
8.9636413,0.991396248340607,-0.121789079986179,72.2701226649097,478.034834091466,37.5638153071887
9.1864461,0.991833329200745,-0.153458184230948,85.3945744820268,470.503595160767,37.5638153071887
9.237371,0.992242574691772,-0.184626870268116,98.8211300557439,458.0845322883,37.5638153071887
9.2907647,0.992617070674896,-0.214018217037007,112.050444510448,440.977148492033,37.5638153071887
9.5048543,0.993163526058197,-0.239368208677232,124.568287060499,419.460747997334,52.4980704201617
9.763113,0.993301033973694,-0.230574937690183,123.440919612493,393.894436236567,52.4980704201617
9.8168623,0.993247151374817,-0.184725205893245,107.809334121175,364.717119849399,52.4980704201617
10.0132616,0.99333930015564,-0.177590348557016,108.33989812266,332.447506682767,52.4980704201617
10.077359,0.993477642536163,-0.189940743193433,117.268291477169,297.684105790768,52.4980704201617
10.1302179,0.993108093738556,-0.107619715955375,87.7975337871175,261.1052274346,50.8883170884783
10.5435896,0.99286299943924,-0.0617135878878582,74.2206464390606,223.468983082898,50.8883170884783
10.5955771,0.992733895778656,-0.0558646270995107,77.3581068431363,185.613285411368,50.8883170884783
10.6482241,0.992492139339447,-0.0673393932729963,78.80579933368,148.455848302967,50.8883170884783
10.8540569,0.992169082164764,-0.0920705301869489,82.195624939114,112.994186847799,50.8883170884783
10.90576,0.991809606552124,-0.114808552711802,84.5513095301357,80.3056173433002,56.735762423362
11.1672142,0.990768253803253,-0.0666551196019253,57.2985002271105,51.5472572940335,56.735762423362
11.3696793,0.989819228649139,-0.071317616423892,50.956875570403,27.9560254117664,56.735762423362
11.4208395,0.988622903823853,-0.076934655310112,44.4057160699842,10.8486416155339,56.735762423362
11.4737415,0.986814618110657,-0.0485783365200915,23.491905080004,1.6216270315662,56.735762423362
11.6709699,0.986059129238129,-0.0602106473985601,18.3016861343275,1.6216270315662,66.2028665221853
11.9413908,0.986773371696472,-0.0289862623176202,5.78300993045183,10.8486416155339,66.2028665221853
11.9939357,0.988210022449493,-0.00235424953310469,3.95521117823401,27.9560254117664,66.2028665221853
12.1935242,0.989345669746399,0.0247384606954489,2.35633346663143,51.5472572940335,66.2028665221853
12.2444989,0.990232229232788,0.0507248957588579,0.643841219347255,80.3056173433002,66.2028665221853
12.2980366,0.991911113262177,0.0535838343503105,7.34440966631999,112.994186847799,115.668484571898
12.713787,0.992453038692474,0.0618685190771904,11.798876115409,148.455848302967,115.668484571898
12.7654823,0.992877960205078,0.0658355879973661,17.3353706804942,185.613285411368,115.668484571898
12.8194863,0.993156969547272,0.076819174855053,19.5000908338458,223.468983082932,115.668484571898
13.0244322,0.993386566638947,0.071455369862602,24.8436501862553,261.1052274346,115.668484571898
13.0763115,0.993912816047668,0.0385517404319744,33.7741696070879,297.684105790734,141.192281565352
13.345832,0.994007766246796,0.0134221125613714,39.009449367481,332.447506682767,141.192281565352
13.542504,0.994116544723511,-0.0246278335186756,49.9343679654054,364.717119849399,141.192281565352
13.5943867,0.994195699691772,-0.0627559494311678,61.4164549901501,393.894436236567,141.192281565352
13.6482856,0.99419116973877,-0.0853525756563846,67.1452666403807,419.460747997334,141.192281565352
13.856641,0.994458675384521,-0.123568221357023,77.2687341944556,440.977148492033,162.783607687759
14.1165293,0.994283437728882,-0.109959417939828,69.4050054629534,458.0845322883,162.783607687759
14.1696348,0.99422961473465,-0.131874200938847,76.429916768213,470.503595160767,162.783607687759
14.3799841,0.994229257106781,-0.170610811389423,90.770621790957,478.034834091466,162.783607687759
14.431649,0.994213938713074,-0.208263452957819,105.187378209043,480.558547269535,162.783607687759
14.4850525,0.994427502155304,-0.238363303309905,116.838141808332,478.034834091466,152.816216827678
14.9050219,0.994956612586975,-0.232305398069221,114.679446505476,470.503595160767,152.816216827678
14.9560881,0.995489895343781,-0.249738583711048,122.569964155887,458.0845322883,152.816216827678
15.0196386,0.995768070220947,-0.213872861860346,109.459735179664,440.977148492033,152.816216827678
15.22601,0.996078908443451,-0.219117034135776,113.44506998734,419.460747997334,152.816216827678
15.2784186,0.996424913406372,-0.223524522841233,117.49911131453,393.894436236567,165.143714331471
15.5389769,0.996441304683685,-0.150240588857973,90.8263287506686,364.717119849399,165.143714331471
15.7617735,0.996630609035492,-0.166360424407691,100.743937833002,332.447506682767,165.143714331471
15.8124143,0.996764838695526,-0.178687040152298,109.674499006725,297.684105790766,165.143714331471
15.8651944,0.996847093105316,-0.187015576682979,117.507655829763,261.105227434602,165.143714331471
16.1025379,0.996724843978882,-0.17065978205459,115.611400525916,223.468983082898,148.827671028613
16.3724949,0.996563673019409,-0.108597101377446,96.0238617788453,185.613285411368,148.827671028613
16.4255514,0.996285438537598,-0.0452547574549092,67.2511322122298,148.455848302967,148.827671028613
16.6307577,0.9960857629776,-0.0491253463575506,62.2505810507949,112.9941868478,148.827671028613
16.6835289,0.9958136677742,-0.053853953565584,57.0455573451823,80.3056173432992,148.827671028613
16.7383862,0.995099186897278,-0.0170936510189558,35.5180545017513,51.5472572940325,125.320553376732
17.1633058,0.994629621505737,-0.0303999960499,32.7438919405871,27.9560254117693,125.320553376732
17.2173952,0.99406510591507,-0.0526954212656827,33.0234342121778,10.8486416155301,125.320553376732
17.2732703,0.993274629116058,-0.0584372161015869,26.0504915968107,1.6216270315681,125.320553376732
17.4844243,0.992668986320496,-0.0468911460951637,21.3674639770183,0.270271171926595,125.320553376732
17.5490765,0.992631137371063,0.0490982088121611,15.5023478140338,1.80810693592359,139.606867635256
17.8190521,0.992592692375183,0.112036613787741,0.425127194241153,4.65933756862664,139.606867635256
18.0269916,0.992725491523743,0.115529612227507,0.547220995097893,8.59120954900637,139.606867635256
18.0779379,0.992843270301819,0.118262078626683,0.900572644206876,13.384269557217,139.606867635256
18.1295703,0.99294650554657,0.120310245186284,1.44114365392183,18.8323644746333,139.606867635256
18.3310475,0.992648780345917,0.124336286322251,1.9573652192348,24.7426413838265,113.525860124648
18.5898301,0.992729485034943,0.125046519412498,2.88543164629171,30.9355475685635,113.525860124648
18.6436685,0.992762207984924,0.132152366653518,1.1169656617063,37.2448305138197,113.525860124648
18.8487727,0.992818057537079,0.130226615033265,2.42258349887931,43.5175379057668,113.525860124648
18.9004893,0.992861449718475,0.124462129469159,3.84051592977066,49.6140176317866,113.525860124648
18.9531331,0.992447137832642,0.129479723669668,3.1502415612468,55.4079177804634,85.7836845911202
19.378076,0.99247145652771,0.123250763512351,4.9738271604938,60.7861866415666,85.7836845911202
19.4306184,0.99248468875885,0.116934147423168,6.87288334600782,65.6490727060936,85.7836845911202
19.4835476,0.992426931858063,0.122418603005288,4.07796758211953,69.9101246662233,85.7836845911202
19.6912203,0.992421805858612,0.115812244538224,6.27148882412359,73.496191415343,85.7836845911202
19.7438972,0.992408394813538,0.109161402494218,8.56191148556501,76.3474220480471,85.8081648534885
19.9946202,0.992276549339294,0.12370498136909,2.3524294613688,78.4172658601264,85.8081648534885
20.2245947,0.992246687412262,0.117267720412856,4.7426036318261,79.6724723485767,85.8081648534885
20.2756036,0.99221009016037,0.110980794336505,7.14539636817391,80.0930912115935,85.8081648534885
20.3271871,0.992224633693695,0.110789141595633,7.1835705386312,79.6724723485767,85.8081648534885
20.5317681,0.992863774299622,0.0993032116990036,9.4659086215107,78.4172658601264,119.594600651436
20.8004774,0.992887437343597,0.111753672706593,4.64611117587641,76.3474220480471,119.594600651436
20.8536741,0.99298620223999,0.106850665580802,6.8473969183367,73.496191415343,119.594600651436
21.0588233,0.993072509765625,0.102617513963944,8.87457606587058,69.9101246662233,119.594600651436
21.1113921,0.993139326572418,0.100442458275219,10.156388556438,65.6490727060901,119.594600651436
21.164364,0.99252986907959,0.115033520680006,5.89075843875321,60.7861866415701,78.8727346811281
21.5942889,0.992582142353058,0.112505864542127,7.55299597216711,55.4079177804634,78.8727346811281
21.6453317,0.992618143558502,0.110495847745909,9.02599450132693,49.6140176317899,78.8727346811281
21.6985389,0.992556929588318,0.125194294538532,3.82166695970954,43.5175379057666,78.8727346811281
21.8963739,0.992547452449799,0.126825503266307,3.9975563834945,37.2448305138169,78.8727346811281
21.9489719,0.992644429206848,0.125501216202831,4.8393648807652,30.9355475685633,86.3207494144015
22.2185902,0.99261075258255,0.122374860834121,5.58163322228,24.7426413838267,86.3207494144015
22.4230944,0.992558002471924,0.118340248762366,6.11083315925913,18.8323644746333,86.3207494144015
22.4754973,0.992473542690277,0.11698704836997,5.46443085340477,13.3842695572199,86.3207494144015
22.5386709,0.992325246334076,0.124288387460735,1.2238786297057,8.59120954900353,86.3207494144015
22.743828,0.992139041423798,0.119278701551112,1.3636486567645,4.65933756862664,81.6596344945132
23.000628,0.991988599300385,0.11891984453171,0.0538918648421998,1.80810693592335,81.6596344945132
23.0546747,0.991835415363312,0.115202916764774,0.00800000000000267,0.270271171926595,81.6596344945132
23.2628143,0.991665303707123,0.111485675336003,0.0130405351577991,0.270271171926595,81.6596344945132
23.3144033,0.991846919059753,0.111414637606563,0.0623399432355001,1.80810693592335,81.6596344945132
23.3677527,0.992473900318146,0.114995376511112,0.202131470294297,4.65933756862664,110.650819152819
23.79312,0.992608666419983,0.118829244965809,0.257867756764504,8.59120954900684,110.650819152819
23.8461715,0.992729306221008,0.121590560567036,0.599806743480997,13.3842695572165,110.650819152819
23.898909,0.992833435535431,0.124070457405241,0.966366777719998,18.8323644746333,110.650819152819
24.1050641,0.992925763130188,0.125524030773814,1.65809452035687,24.7426413838267,110.650819152819
24.1573248,0.99304211139679,0.129285057924918,2.03123315453521,30.9355475685633,113.624709460041
24.4216462,0.993105530738831,0.130148677920628,2.7880573617063,37.2448305138202,113.624709460041
24.6299767,0.993161559104919,0.128320316765828,4.05806239933777,43.5175379057666,113.624709460041
24.6822137,0.993199169635773,0.124148448560738,4.83282566704752,49.6140176317866,113.624709460041
24.7345931,0.99321174621582,0.123038144918467,4.4562415612468,55.4079177804634,113.624709460041
24.9392784,0.993205904960632,0.115183347112026,6.12531977993311,60.7861866415668,111.446845990177
25.2224136,0.993174076080322,0.11931874184971,3.7932993416766,65.6490727060934,111.446845990177
25.2769917,0.99314272403717,0.121408700512123,2.37792879432942,69.9101246662233,111.446845990177
25.4798231,0.99314022064209,0.115456461175943,4.3047153241236,73.4961914153433,111.446845990177
25.5313297,0.993133008480072,0.108814077388751,6.592906385565,76.3474220480467,111.446845990177
25.5832293,0.993021249771118,0.116188629129923,4.27494732502097,78.4172658601266,108.42236091589
26.0003142,0.992977440357208,0.114497357647276,4.7426036318261,79.6724723485767,108.42236091589
26.0516323,0.99294900894165,0.108391279014342,7.07602827238078,80.0930912115933,108.42236091589
26.1043963,0.992940425872803,0.113911557459083,4.80432573901845,79.6724723485767,108.42236091589
26.3093349,0.993059813976288,0.108226232105466,7.145088514435,78.4172658601266,108.42236091589
26.3610867,0.993060767650604,0.0990454298249946,9.4355111758764,76.3474220480467,100.731549864138
26.6318844,0.993052840232849,0.117486609317762,2.2043944183367,73.4961914153433,100.731549864138
26.8314237,0.993143498897552,0.1131116852046,4.27782385875832,69.9101246662234,100.731549864138
26.8834109,0.993215441703796,0.110576866770728,5.70545648646326,65.64907270609,100.731549864138
26.9372626,0.993261635303497,0.111328809022278,5.89075843875322,60.7861866415707,100.731549864138
27.1409628,0.993437647819519,0.109747299220222,7.55299597216708,55.407917780462,110.693796955629
27.3979794,0.993397235870361,0.122299205779505,3.15024873112076,49.6140176317893,110.693796955629
27.4492566,0.993408024311066,0.120916157710324,4.45592459829379,43.5175379057677,110.693796955629
27.668366,0.993404448032379,0.120204622982128,5.57326951370832,37.2448305138177,110.693796955629
27.7193823,0.993385970592499,0.12016687628315,6.50133594076519,30.9355475685623,110.693796955629
27.7720012,0.993278205394745,0.133348718979803,2.78763392227997,24.742641383826,108.96962323792
28.1986983,0.99322772026062,0.129249123931067,3.35260294651903,18.8323644746353,108.96962323792
28.2507236,0.99315994977951,0.125482049872989,3.68483181777974,13.3842695572179,108.96962323792
28.3032031,0.993076086044312,0.121678741793812,3.94256810395277,8.5912095490033,108.96962323792
28.5470605,0.992935478687286,0.126223345475637,0.729815130313785,4.65933756862806,108.96962323792
28.5993162,0.991674363613129,0.118858607053955,0.360041419009692,1.80810693592406,37.6685140906401
28.8551108,0.991513609886169,0.115748034997681,0.202,0.270271171925647,37.6685140906401
29.0614695,0.991369426250458,0.107762722322491,0.163506813315683,0.54054234385611,37.6685140906401
29.1133275,0.991708815097809,0.0916687095205643,0.133078265961065,3.61621387184606,37.6685140906401
29.1677151,0.992037236690521,0.0940026441139968,0.404262940588316,9.31867513725447,37.6685140906401
29.3976458,0.993321657180786,0.100584920375339,0.853943966228915,17.1824190980072,105.420018590582
29.6706468,0.993535578250885,0.106116918596881,1.65700013966194,26.7685391144342,105.420018590582
29.7237966,0.993701219558716,0.114189372698094,1.12973355544004,37.66472894927,105.420018590582
29.976958,0.993856191635132,0.117003809908497,2.54546709920055,49.4852827676533,105.420018590582
30.0301473,0.993978679180145,0.120275313625249,3.6006769672338,61.871095137126,105.420018590582
30.0964241,0.99397873878479,0.12085731625254,5.57511472341251,74.4896610276363,96.9216835294505
30.5415497,0.994011461734772,0.130607544009941,2.68526419507989,87.035075811533,96.9216835294505
30.5935305,0.994079113006592,0.118889378686302,5.5879680556659,99.22803526358,96.9216835294505
30.645568,0.994128823280334,0.106569669332917,8.9124831224936,110.815835560923,96.9216835294505
30.84586,0.994161009788513,0.0939651365884735,12.5244938133645,121.572373283137,96.9216835294505
30.8989341,0.993972897529602,0.0825444008367153,15.4334607440749,131.298145412183,81.0364620566885
31.1689878,0.993894577026367,0.0887864502338078,11.7812061633265,139.820249332443,81.0364620566885
31.3719681,0.993881404399872,0.0755632247626381,16.1672786500884,146.992382830687,81.0364620566885
31.4236297,0.993849337100983,0.0635965733837762,20.2080435610854,152.694844096097,81.0364620566885
31.4764283,0.993702530860901,0.0758036670521101,14.6351822082249,156.834531720253,81.0364620566885
31.6849847,0.993644833564758,0.0656216174996117,18.5465072736837,159.344944697153,81.2594170101039
31.945303,0.993581831455231,0.0532273440426301,23.2817927363478,160.186182423187,81.2594170101039
31.998237,0.993655264377594,0.0411933146557887,28.0621410772624,159.344944697153,81.2594170101039
32.1988735,0.993768274784088,0.0514333415326143,24.022844616264,156.834531720257,81.2594170101039
32.2506918,0.993906855583191,0.0528196358996385,23.7386327302704,152.694844096093,81.2594170101039
32.3029347,0.994047403335571,0.0665173044076519,18.4776860367741,146.992382830683,86.7357382391371
32.7271929,0.994196653366089,0.0576913181320745,22.6704013166468,139.820249332447,86.7357382391371
32.7909193,0.994323074817657,0.050157241254901,26.5170645265019,131.298145412183,86.7357382391371
32.8431949,0.994335472583771,0.0676712685517194,20.4197326302088,121.572373283137,86.7357382391371
33.0438442,0.994371950626373,0.074233528167816,18.9061831199184,110.815835560927,86.7357382391371
33.0958541,0.99440324306488,0.0794945316626274,17.6983238676203,99.2280352635765,87.8356510319189
33.3553918,0.994399964809418,0.0861475814161224,16.4988852765876,87.0350758115364,87.8356510319189
33.55605,0.994405746459961,0.0847824389293135,18.7096970099026,74.4896610276337,87.8356510319189
33.6076101,0.994378566741943,0.0862748562091041,19.9348195898113,61.8710951371265,87.8356510319189
33.660922,0.994214713573456,0.109330680129898,9.5392888526773,49.4852827676501,87.8356510319189
33.8621873,0.993987321853638,0.108184507354943,7.58316215052507,37.6647289492733,78.3858570195036
34.135245,0.993872702121735,0.100357653897068,8.38621761175145,26.7685391144331,78.3858570195036
34.1867484,0.993666291236877,0.106396784695676,3.37884150657742,17.1824190980071,78.3858570195036
34.3926898,0.993459343910217,0.104046709906392,1.59586091069426,9.31867513725659,78.3858570195036
34.4443584,0.99322909116745,0.0983874491803756,0.969097198798312,3.61621387185001,78.3858570195036
34.4983255,0.993059992790222,0.0887950715526157,0.920000000000002,0.540542343849874,84.7901998616409
34.9485406,0.993066847324371,0.0661312986747085,0.0486488109470429,1.6216270315681,84.7901998616409
34.9999043,0.993649959564209,0.000514358567093869,0.359032059412925,10.8486416155301,84.7901998616409
35.0530258,0.994359135627747,0.00301373543349984,1.16378882176605,27.9560254117693,84.7901998616409
35.2622891,0.994914591312408,0.0223472024976602,2.61040254134278,51.5472572940325,84.7901998616409
35.3134877,0.995157659053802,0.0445615625809719,4.2588900679884,80.3056173432992,66.0760020873146
35.5853866,0.995500087738037,0.0571005171168655,7.34520066632001,112.9941868478,66.0760020873146
35.7848564,0.995757341384888,0.0650497288843704,11.7732291168537,148.455848302967,66.0760020873146
35.8362061,0.995936572551727,0.0703027966642872,16.755873034622,185.613285411368,66.0760020873146
35.8880049,0.996011734008789,0.0862432474529471,16.8889582005361,223.468983082932,66.0760020873146
36.0974345,0.996253371238708,0.0773191385508026,24.559822993276,261.105227434602,88.7567484417731
36.3538622,0.996263384819031,0.0416569654122563,33.490346166998,297.684105790732,88.7567484417731
36.407363,0.99618124961853,0.0223041234666411,36.310177980144,332.447506682767,88.7567484417731
36.6275419,0.996070742607117,-0.00502176271921399,42.8757720195302,364.717119849399,88.7567484417731
36.6792604,0.995908677577972,-0.0310136631352967,49.4174933261972,393.894436236567,88.7567484417731
36.7323186,0.995312869548798,-0.0363529853664528,47.1843532995605,419.460747997334,54.7699890864926
37.1646578,0.995063245296478,-0.0715893055770528,58.544932944741,440.977148492033,54.7699890864926
37.2175016,0.99478155374527,-0.111549432531678,72.28746891339,458.0845322883,54.7699890864926
37.2703968,0.994454205036163,-0.151152568814839,86.402576768213,470.503595160767,54.7699890864926
37.4964695,0.994082272052765,-0.190030908644904,100.743621790957,478.034834091466,54.7699890864926
37.5469023,0.993667960166931,-0.226305397579221,115.160378209043,480.558547269535,54.7699890864926
37.8765237,0.992907047271729,-0.0972029948972343,62.6252300292714,478.034834091466,54.7699890864926
38.0774127,0.993326723575592,-0.125337073798207,74.3415471416099,470.503595160767,54.7699890864926
38.1284462,0.993730902671814,-0.157293310298495,88.084052366499,458.0845322883,54.7699890864926
38.1810321,0.994058787822723,-0.179228141385421,98.30138151002,440.977148492033,54.7699890864926
38.3877701,0.994239985942841,-0.205357819130825,110.755116412543,419.460747997334,43.8096951852631
38.6625311,0.994369268417358,-0.192116578693505,107.787148538667,393.894436236567,43.8096951852631
38.7170245,0.994341135025024,-0.145879560056029,92.0043971011924,364.717119849399,43.8096951852631
38.9121726,0.994439244270325,-0.142256818231403,93.9502363880336,332.447506682767,43.8096951852631
38.9644061,0.994485378265381,-0.136213503557617,95.4509102492162,297.684105790768,43.8096951852631
39.0171183,0.994423449039459,-0.0859562790920557,79.7124148992625,261.1052274346,52.9754840417136
39.4323025,0.994259297847748,-0.0516946577404198,70.820594911783,223.468983082898,52.9754840417136
39.4846821,0.99415534734726,-0.0489294251015895,75.1997308883674,185.613285411368,52.9754840417136
39.5373604,0.993970513343811,-0.0657219805785779,78.80579933368,148.455848302967,52.9754840417136
39.7949938,0.99370002746582,-0.0903929695371344,82.1771759475049,112.994186847799,52.9754840417136
39.8452786,0.99332582950592,-0.113675562320338,83.9469193399701,80.3056173433002,53.7328311582194
40.1145013,0.992364406585693,-0.0450262472656565,48.4378416136422,51.5472572940335,53.7328311582194
40.3282803,0.991570472717285,-0.0489957607241581,41.8442470752375,27.9560254117664,53.7328311582194
40.3909713,0.990585505962372,-0.0560291172897962,35.8975031243794,10.8486416155339,53.7328311582194
40.4457687,0.989135921001434,-0.0344601800251721,17.7861394801704,1.6216270315662,53.7328311582194
40.662634,0.98888623714447,-0.0502498626042392,14.8034940531565,1.6216270315662,77.5551158510448
40.9194098,0.989562749862671,-0.0337905634995984,8.18652994266466,10.8486416155339,77.5551158510448
40.9729872,0.990719318389893,-0.00961251198358378,7.345211178234,27.9560254117664,77.5551158510448
41.1815914,0.991623282432556,0.0172662763654775,5.79879345941299,51.5472572940335,77.5551158510448
41.2316734,0.992322742938995,0.044908260166127,3.38962493911399,80.3056173433002,77.5551158510448
41.2840962,0.993042290210724,0.0555599838593683,6.81564726014679,112.994186847799,84.9500157264535
41.7085156,0.99352753162384,0.0622475886475442,11.798876115409,148.455848302967,84.9500157264535
41.7596099,0.993905246257782,0.0661458519480809,17.3562906781853,185.613285411368,84.9500157264535
41.8125656,0.994161665439606,0.0755335162378471,20.1598170346835,223.468983082932,84.9500157264535
42.0134436,0.994366407394409,0.0697785256700713,25.6586227414277,261.1052274346,84.9500157264535
42.0645339,0.995166659355164,0.0427023734864437,32.1568873632849,297.684105790734,146.339167255225
42.3225768,0.99524861574173,0.0136503622603377,39.009449367481,332.447506682767,146.339167255225
42.5220219,0.995319426059723,-0.0244034819635093,49.9343679654182,364.717119849399,146.339167255225
42.5736265,0.995357692241669,-0.062652253975905,61.4605827682184,393.894436236567,146.339167255225
42.6273728,0.995318710803986,-0.085170058815793,67.1442597181782,419.460747997334,146.339167255225
42.8390099,0.995437204837799,-0.121025825368648,76.1999374698358,440.977148492033,162.841738600644
43.11112,0.995242774486542,-0.107323667461364,68.2758022877217,458.0845322883,162.841738600644
43.1634746,0.995153307914734,-0.132049061034868,76.429488768213,470.503595160767,162.841738600644
43.3650925,0.995097756385803,-0.170809154531959,90.770621790957,478.034834091466,162.841738600644
43.4159757,0.995029985904694,-0.208447399364593,105.175541212591,480.558547269535,162.841738600644
43.4683982,0.995172381401062,-0.233457070542608,115.142314820602,478.034834091466,155.187227227578
43.8787361,0.9957075715065,-0.267716291072645,129.25737980412,470.503595160767,155.187227227578
43.9318084,0.996165633201599,-0.299637866339136,142.999882164315,458.0845322883,155.187227227578
43.9847978,0.996552467346191,-0.329014501966761,156.229169851311,440.977148492033,155.187227227578
44.2320925,0.996512115001678,-0.194278786392347,103.685932120672,419.460747997334,155.187227227578
44.2861347,0.996715068817139,-0.198626279290899,108.050988919001,393.894436236567,147.720592568114
44.5586181,0.996884644031525,-0.184337566477596,105.186550632519,364.717119849399,147.720592568114
44.7668663,0.997075438499451,-0.200549654225455,115.159975833002,332.447506682767,147.720592568114
44.8205239,0.997212707996368,-0.211829712612518,123.668057268803,297.684105790766,147.720592568114
44.8756142,0.997260272502899,-0.196419106371669,121.914346131488,261.105227434602,147.720592568114
45.1041903,0.997327029705048,-0.19207831155447,124.297368373334,223.468983082898,154.888211105247
45.3587216,0.997185230255127,-0.116032223183724,99.0604931162535,185.613285411368,154.888211105247
45.4233671,0.996971964836121,-0.0527190419753817,70.3129370918268,148.455848302967,154.888211105247
45.6254674,0.99682742357254,-0.0595108197633227,66.4976190055661,112.9941868478,154.888211105247
45.6763384,0.996627032756805,-0.0689925167381077,63.2228624321667,80.3056173432992,154.888211105247
45.7295371,0.996036529541016,-0.0537506867518958,51.224204195284,51.5472572940325,121.028313847595
46.150224,0.995683789253235,-0.0749399134413335,51.6468919405871,27.9560254117693,121.028313847595
46.2031104,0.995231330394745,-0.097205380686703,51.927334224376,10.8486416155301,121.028313847595
46.255824,0.99460107088089,-0.104445440437987,45.5847239733945,1.6216270315681,121.028313847595
46.460629,0.994006395339966,-0.105934135200076,41.7767640542968,0.936246803214415,121.028313847595
46.5116105,0.994519054889679,-0.0538846377861569,37.5395741374809,6.26346615705689,143.856393905283
46.7711628,0.994565606117249,0.0597137626175903,1.32833648546971,16.1404187969669,143.856393905283
46.9728169,0.994894623756409,0.071568514293326,1.83987286513866,29.7608228746813,143.856393905283
47.0244312,0.995173573493958,0.0806220693588191,3.21442961843048,46.3644697905929,143.856393905283
47.0781036,0.995406746864319,0.0874827511374176,5.16604170661337,65.2372241934421,143.856393905283
47.284897,0.99539315700531,0.0911623656606197,7.69596219193667,85.7110239805042,121.634222898793
47.5579675,0.995521247386932,0.105977059195572,5.79816008237636,107.163880297403,121.634222898793
47.6099932,0.995656907558441,0.105824504633364,9.65638195897527,129.019877538446,121.634222898793
47.8107471,0.995763778686523,0.0993773628286932,14.0914705986336,150.749173346223,121.634222898793
47.8742066,0.995842039585114,0.0802415343049619,18.6564533845446,171.867998611741,121.634222898793
47.9272618,0.995733201503754,0.0813814067529577,16.5315577066684,191.938657474727,108.500273964225
48.3413759,0.995766878128052,0.0621163103948204,21.753959409453,210.569527323116,108.500273964225
48.3935594,0.995789527893066,0.0396372835437547,28.5677128147816,227.415058793449,108.500273964225
48.4462046,0.995759010314941,0.0293019646368036,30.7708924789113,242.175775770768,108.500273964225
48.6536945,0.99572765827179,0.0135879162987549,35.4495520239738,254.598275388343,108.500273964225
48.7045289,0.99582839012146,-0.000735565725713851,38.8382797419706,264.475228028251,126.527658816803
48.9773924,0.99572616815567,-0.000838781153679316,37.8086927254351,271.645377320767,126.527658816803
49.1840213,0.99567711353302,-0.0232118243999028,46.0884989297761,275.993540144698,126.527658816803
49.2350115,0.995617151260376,-0.0449666036151432,54.4120171286003,277.450606627474,126.527658816803
49.2863556,0.995655417442322,-0.0441076949840019,53.9211614094997,275.993540144698,126.527658816803
49.4899429,0.995957374572754,-0.0560863140804736,58.5515124681447,271.645377320769,134.95085171549
49.7474872,0.996039569377899,-0.0202491189134641,44.5686996679183,264.475228028249,134.95085171549
49.7999784,0.996222674846649,-0.0283449798842936,48.6044526766411,254.598275388341,134.95085171549
50.0637249,0.996386528015137,-0.0436219194498456,55.8550532313963,242.17577577077,134.95085171549
50.1145282,0.996510803699493,-0.0563886690387862,62.3920490031594,227.415058793447,134.95085171549
50.1667274,0.996471345424652,-0.0423262466781121,58.0824615269204,210.569527323118,123.936553542244
50.6080815,0.996397793292999,0.0121424589412482,38.0379798160386,191.93865747473,123.936553542244
50.6604643,0.996427118778229,0.0160145278576069,38.7517817116417,171.867998611779,123.936553542244
50.7131925,0.996411442756653,0.0295561131184414,35.8538051922541,150.749173346186,123.936553542244
50.9153915,0.996411979198456,0.0271235974271458,39.7117249803974,129.019877538445,123.936553542244
50.9674804,0.995877027511597,0.0276421375295043,42.9266413893195,107.163880297402,60.6108255281833
51.2280645,0.995808780193329,0.0169007828135023,45.4979721087346,85.7110239805034,60.6108255281833
51.4284696,0.995702981948853,0.0026492863537285,47.4550888345379,65.2372241934427,60.6108255281833
51.4811464,0.995552241802216,-0.0109649690538422,48.8460229282557,46.3644697905945,60.6108255281833
51.5345007,0.995017051696777,0.0803756900519839,7.4599035215761,29.760822874681,60.6108255281833
51.7387097,0.994773209095001,0.0742309971001105,7.30743473814045,16.1404187969685,62.408609784644
52.0059847,0.994460582733154,0.061292884770035,7.49533872243438,6.2634661570577,62.408609784644
52.0595992,0.993849992752075,0.047403016210602,7.52342612647006,0.936246803211406,43.4820940517001
4.1e-06,0.993842780590057,0.0681979135885854,3.70119517e-17,0,78.0299527771566
0.2690849,0.993818402290344,0.114468232569225,0.0181484626690147,0.604948755633822,78.0299527771566
0.3208488,0.99406772851944,0.0931294368610729,0.130248192664399,4.04709104981742,78.0299527771566
0.3900834,0.994330227375031,0.0907831943991163,0.434516149080621,10.4290089250091,78.0299527771566
0.5947549,0.994274318218231,0.0969165480821387,0.955849399869993,19.2297294934043,53.6057909899006
0.8525169,0.994474351406097,0.103630819707491,1.47593659640841,29.9580497465624,53.6057909899006
0.9064797,0.994634091854095,0.111715481999887,1.26459268166665,42.1525365552831,53.6057909899006
1.1123111,0.994779765605927,0.114666896446401,2.9260188854591,55.38152666973,53.6057909899006
1.16449,0.994900047779083,0.116167829260582,4.97607909071916,69.2431267193227,53.6057909899006
1.2172353,0.995283007621765,0.123836041822845,4.578344085931,83.3652132127892,84.4335344960814
1.6398861,0.995354771614075,0.119619049374545,7.50050705279149,97.4054325381956,84.4335344960814
1.6930512,0.995407819747925,0.106309744620729,10.832043077203,111.051200962863,84.4335344960814
1.7460368,0.9954434633255,0.0925154355451248,14.5526342136301,124.01970463342,84.4335344960814
1.9951605,0.995405256748199,0.0968549459648038,11.133825442641,136.057899575811,84.4335344960814
2.0643421,0.99553394317627,0.0767526753423903,15.5147784885646,146.942511695295,97.7999972178262
2.3216686,0.995439112186432,0.0894667042629475,9.10230746643108,156.480036776383,97.7999972178262
2.5231373,0.995413661003113,0.0748609144786127,13.9313161903798,164.506740482975,97.7999972178262
2.5868869,0.995367109775543,0.0627527947002909,17.9335527911179,170.888658358143,97.7999972178262
2.6417961,0.995254576206207,0.0674582439989119,15.3275174591013,175.521595824388,97.7999972178262
2.9087489,0.995215654373169,0.0523550003101254,20.6366958771826,178.331128183426,100.233324847816
3.1752597,0.995032250881195,0.0712238358830106,12.6834702338874,179.272600616328,100.233324847816
3.2276343,0.99505752325058,0.0626313580622191,16.0781045117049,178.331128183426,100.233324847816
3.4300529,0.995212614536285,0.0498425450240058,21.3437523847062,175.521595824391,100.233324847816
3.4809148,0.995347738265991,0.0393184350237057,25.9059608780054,170.888658358139,100.233324847816
3.5332186,0.99536544084549,0.064591480495594,18.3172890496698,164.506740482972,99.2986561714328
3.9360161,0.995451033115387,0.0620699401711957,20.0218521536939,156.480036776386,99.2986561714328
3.9879927,0.995541393756866,0.0534601975356183,24.3888580747366,146.942511695295,99.2986561714328
4.0398838,0.995535016059875,0.0721281814922507,17.9340255605488,136.057899575811,99.2986561714328
4.2442296,0.995554149150848,0.0775813156943315,17.0029324343606,124.019704633423,99.2986561714328
4.2954293,0.995525598526001,0.0806817635856189,16.735937111924,111.05120096286,95.4154143486795
4.5648335,0.995530128479004,0.0805238070821376,18.4645126044476,97.4054325381987,95.4154143486795
4.7876447,0.995521724224091,0.0789944846765394,20.937427991616,83.3652132127869,95.4154143486795
4.8413326,0.99548614025116,0.0804956760672618,22.375780251741,69.2431267193232,95.4154143486795
4.8941287,0.995314240455627,0.110853849085891,8.90535530840323,55.3815266697271,95.4154143486795
5.1142572,0.994916141033173,0.108699560777916,8.08016966996036,42.152536555286,65.934234981724
5.3700465,0.994796514511108,0.1014147519468,8.40286733305517,29.9580497465614,65.934234981724
5.4229882,0.99459844827652,0.107441709171581,3.10130935220801,19.2297294934042,65.934234981724
5.6237024,0.994399964809418,0.104293229173369,1.31927511104126,10.429008925011,65.934234981724
5.6761979,0.994181632995605,0.0969811682482177,1.01852627679288,4.04709104982096,65.934234981724
5.7278729,0.994069933891296,0.087175743393602,1.02950488552264,0.60494875562825,77.2259438478216
6.1480758,0.994090974330902,0.0649434443343074,0.0486488109470429,1.6216270315681,77.2259438478216
6.1998354,0.994553506374359,0.00317900778645573,0.365197059412935,10.8486416155301,77.2259438478216
6.2528736,0.995176136493683,0.00670450594518712,1.16378882176605,27.9560254117693,77.2259438478216
6.4541928,0.995674610137939,0.0259690881704659,2.6277365413378,51.5472572940325,77.2259438478216
6.5058135,0.995745420455933,0.0462506124470999,4.45182207164946,80.3056173432992,38.666879581636
6.7653801,0.996090412139893,0.0592156124548256,7.34520066632001,112.9941868478,38.666879581636
6.97302,0.996368706226349,0.0671729991956127,11.770238116893,148.455848302967,38.666879581636
7.0234469,0.996576189994812,0.0709819806036226,17.3386366787574,185.613285411368,38.666879581636
7.0746535,0.996658504009247,0.0879983388613674,17.0406313083684,223.468983082932,38.666879581636
7.2643066,0.99690181016922,0.0771614766091639,24.5602499932761,261.105227434602,64.3729254174063
7.5334822,0.996932923793793,0.0415026764482379,33.489613166998,297.68410579073,64.3729254174063
7.5980662,0.996882736682892,0.0250733954184494,35.1390402262291,332.447506682767,64.3729254174063
7.8005487,0.996812522411346,-0.000804890814619272,41.1259026137155,364.717119849403,64.3729254174063
7.8515096,0.996702253818512,-0.0265797267772588,47.5876300376946,393.894436236565,64.3729254174063
7.9071641,0.996344923973083,-0.0278553722127523,46.3134583733267,419.460747997334,42.9829018671393
8.3414428,0.996177434921265,-0.0677411594965491,59.5427704100072,440.977148492035,42.9829018671393
8.3946059,0.9959676861763,-0.107682757397072,73.2853047912407,458.084532288296,42.9829018671393
8.4464448,0.995575606822968,-0.100584722557939,68.5153822126716,470.503595160767,42.9829018671393
8.6994176,0.995210230350494,-0.122143456353786,75.8712018263906,478.034834091469,42.9829018671393
8.7493642,0.994584918022156,-0.142718903530453,81.9059738067745,480.558547269531,31.6041083381199
9.0181223,0.994164049625397,-0.116326992058753,70.9592132320298,478.034834091469,31.6041083381199
9.2198184,0.994350552558899,-0.15049586849954,85.0715310866101,470.503595160767,31.6041083381199
9.2712488,0.994510889053345,-0.182522133135942,98.814067055259,458.084532288298,31.6041083381199
9.3249172,0.994598984718323,-0.199808813864927,107.12466144119,440.977148492033,31.6041083381199
9.5259625,0.994589686393738,-0.21777353920856,115.699020177949,419.460747997334,24.6145792506648
9.7829828,0.994328618049622,-0.15155536392651,91.2518201744558,393.894436236567,24.6145792506648
9.8361861,0.994069993495941,-0.0948403286743511,71.1975561960134,364.717119849399,24.6145792506648
10.0376673,0.994006276130676,-0.0946737907596162,74.5516961813956,332.447506682767,24.6145792506648
10.1014355,0.993910133838654,-0.0943589977935186,78.3384142903905,297.684105790768,24.6145792506648
10.1541044,0.994014739990234,-0.0767864678519272,75.7342519888384,261.1052274346,49.0851837472781
10.5747485,0.993860840797424,-0.0800693515255755,82.01272532225,223.468983082898,49.0851837472781
10.6261132,0.993646144866943,-0.0802451445932469,87.5515399146406,185.613285411368,49.0851837472781
10.6776835,0.993246614933014,-0.0748672318642502,82.1652870996896,148.455848302967,49.0851837472781
10.9060113,0.992805182933807,-0.0875632549906742,80.6850704584027,112.9941868478,49.0851837472781
10.9586076,0.991957008838654,-0.110694234492658,83.0940810954805,80.3056173432992,27.1209721488819
11.2169424,0.991308271884918,-0.133468711123477,84.6404022068986,51.5472572940325,27.1209721488819
11.4601285,0.989462971687317,-0.00341424849266497,23.627543575577,27.9560254117674,27.1209721488819
11.5112499,0.988297522068024,-0.0197737491415934,21.5308820683741,10.8486416155339,27.1209721488819
11.5652913,0.986835241317749,-0.0356974487402566,18.58,1.6216270315662,27.1209721488819
11.7649286,0.987272143363953,-0.0575443007834837,18.531351189053,1.6216270315662,76.038689393525
12.0341646,0.988017201423645,-0.0358826379440876,9.83605513537811,10.8486416155339,76.038689393525
12.0866299,0.989217340946198,0.00986422720782124,0.29230907508577,27.9560254117674,76.038689393525
12.2924548,0.990377962589264,0.0273135127844225,2.55934786489599,51.5472572940325,76.038689393525
12.3446726,0.991323709487915,0.0427282753875626,5.11933306088599,80.3056173432992,76.038689393525
12.3974931,0.992276966571808,0.0494242536418378,8.50920066632,112.9941868478,86.7395309202712
12.8142477,0.992842674255371,0.0723589109089074,6.95924747869088,148.455848302967,86.7395309202712
12.8666163,0.993363499641418,0.0805520678772813,10.7918851212937,185.613285411368,86.7395309202712
12.9193115,0.993812441825867,0.0822301018605806,16.726344170238,223.468983082932,86.7395309202712
13.1624294,0.99420028924942,0.0707865472556746,24.5458459939876,261.1052274346,86.7395309202712
13.2140277,0.994990348815918,0.0366396476447421,33.0037440060449,297.684105790734,129.662728879898
13.483261,0.995117425918579,0.0399554576847403,26.7830763777995,332.447506682767,129.662728879898
13.6838256,0.995343744754791,0.00198703640903815,37.678962962963,364.717119849399,129.662728879898
13.7349071,0.995537519454956,-0.0369346886523306,49.49579605006,393.894436236567,129.662728879898
13.7865093,0.995676457881927,-0.0676257718535964,58.5086013954037,419.460747997334,129.662728879898
13.9955749,0.995865225791931,-0.103195233627856,69.1388410692803,440.977148492033,137.415589535281
14.2563612,0.995818734169006,-0.0846230463096525,59.2922687886952,458.084532288298,137.415589535281
14.3097959,0.995918154716492,-0.124099092156965,73.4068753798386,470.503595160767,137.415589535281
14.513689,0.995997786521912,-0.162821798537414,87.747576272144,478.034834091469,137.415589535281
14.5635806,0.996012389659882,-0.200440851330226,102.164084121327,480.558547269531,137.415589535281
14.6139258,0.996065735816956,-0.235124178964931,116.504942913982,478.034834091469,117.355247340387
15.0286692,0.99650251865387,-0.269409865464138,130.619907404349,470.503595160767,117.355247340387
15.0812828,0.996869325637817,-0.301360767205598,144.362330727406,458.084532288296,117.355247340387
15.1460124,0.996845006942749,-0.168798657460806,92.1744557191296,440.977148492035,117.355247340387
15.3515809,0.997105777263641,-0.186220916253944,101.047248342015,419.460747997334,117.355247340387
15.4033776,0.997246146202087,-0.199792510062197,110.316977381053,393.894436236565,104.117769221795
15.6604299,0.997422277927399,-0.215421744394741,119.527550632519,364.717119849403,104.117769221795
15.8646204,0.997561812400818,-0.23158504181679,129.48206585225,332.447506682797,104.117769221795
15.9164114,0.997659087181091,-0.2428586337658,137.98132524288,297.684105790734,104.117769221795
15.9682662,0.997678935527802,-0.224964996428716,135.219977157656,261.105227434602,104.117769221795
16.1700848,0.997812688350677,-0.219339297557673,135.639946979704,223.468983082898,132.721394937972
16.442776,0.997626066207886,-0.120586179020109,101.229917930546,185.613285411368,132.721394937972
16.4957214,0.997379660606384,-0.0414969674886186,66.108490392623,148.455848302967,132.721394937972
16.7016394,0.997223496437073,-0.0486699682448508,62.4483309235698,112.9941868478,132.721394937972
16.7542449,0.997023284435272,-0.0580307545549467,59.1261951731895,80.3056173432992,132.721394937972
16.8062442,0.996297419071198,-0.0510343784154801,50.8147381836726,51.5472572940325,70.9552054655329
17.2270653,0.995958983898163,-0.0731883001726443,51.646891940587,27.9560254117693,70.9552054655329
17.2787454,0.995530128479004,-0.095435960977909,51.92412924542,10.8486416155301,70.9552054655329
17.3314711,0.994992554187775,-0.118453011900019,51.9727780563143,1.6216270315681,70.9552054655329
17.5346783,0.994479298591614,-0.0904519970898662,40.6360395985754,0.270271171926595,70.9552054655329
17.5961028,0.994803309440613,0.00195215183533787,34.6481284733641,1.80810693592359,117.152884645351
17.8684431,0.9946049451828,0.112283102060214,0.426982046621885,4.65933756862664,117.152884645351
18.0701665,0.994701325893402,0.115715930116062,0.592751510931543,8.59120954900637,117.152884645351
18.123045,0.994785904884338,0.118454851210109,0.939084021356114,13.384269557217,117.152884645351
18.1775986,0.994851350784302,0.122756944817747,0.565366777720001,18.8323644746333,117.152884645351
18.3988816,0.994721829891205,0.126385091309447,1.21280492076885,24.7426413838265,99.2438472965281
18.6583736,0.994772434234619,0.128209032737495,1.6707124462917,30.9355475685635,99.2438472965281
18.7114984,0.994802713394165,0.13229779551193,1.1170724617063,37.2448305138197,99.2438472965281
18.925759,0.994838118553162,0.13037157520411,2.42258349887931,43.5175379057668,99.2438472965281
18.9778333,0.994864165782928,0.124518665960234,3.87374952831318,49.6140176317866,99.2438472965281
19.0305253,0.994585454463959,0.129183741925822,3.1502415612468,55.4079177804634,73.8961477225202
19.4533695,0.99459570646286,0.122914101598445,4.9738271604938,60.7861866415666,73.8961477225202
19.5047194,0.994597375392914,0.116511018719406,6.9060993441012,65.6490727060936,73.8961477225202
19.5602031,0.9945467710495,0.122079318156814,4.07765478211957,69.9101246662233,73.8961477225202
19.7686658,0.994533598423004,0.115465211416127,6.27148882412359,73.496191415343,73.8961477225202
19.820481,0.99433970451355,0.103438716007393,8.56191148556501,76.3474220480471,58.7862279956706
20.0801227,0.994312345981598,0.0968985966408643,10.9144294613688,78.4172658601264,58.7862279956706
20.2967512,0.994278967380524,0.0904278795975173,13.3046036318261,79.6724723485767,58.7862279956706
20.3463582,0.994239985942841,0.0841405780119049,15.7073963681739,80.0930912115935,58.7862279956706
20.3992131,0.994155466556549,0.105099464161086,7.1835705386312,79.6724723485767,58.7862279956706
20.6035592,0.994538187980652,0.101402010471374,9.53608851443499,78.4172658601264,84.7086927326272
20.8644004,0.994609773159027,0.0961697909790628,11.8265111758764,76.3474220480471,84.7086927326272
20.9174906,0.99467396736145,0.0912722464633466,14.0313969183367,73.496191415343,84.7086927326272
21.1293606,0.994665682315826,0.104700151042489,8.91982596020062,69.9101246662233,84.7086927326272
21.1800891,0.994713366031647,0.100798961032703,10.8892981410438,65.6490727060901,84.7086927326272
21.2318406,0.99445652961731,0.0976889076336842,12.7128837400703,60.7861866415701,58.2054037818315
21.6380923,0.994351744651794,0.130587102499491,4.02783289388253e-06,55.4079177804634,58.2054037818315
21.6897522,0.994370996952057,0.128554672443067,1.4884165011208,49.6140176317899,58.2054037818315
21.7413619,0.994378685951233,0.127165647228623,2.7939426382938,43.5175379057666,58.2054037818315
21.9416325,0.99437403678894,0.12645253893785,3.91128755370831,37.2448305138169,58.2054037818315
21.9934037,0.9943687915802,0.128798113987531,4.8393539807652,30.9355475685633,59.2317692000872
22.2612775,0.994311988353729,0.132548614121268,2.78763322228,24.7426413838267,59.2317692000872
22.4764562,0.994268476963043,0.128437909997831,3.352604156519,18.8323644746333,59.2317692000872
22.5266703,0.994202494621277,0.126669850435623,2.8771039479266,13.3842695572199,59.2317692000872
22.5907931,0.994112074375153,0.127593866333387,1.2238685297057,8.59120954900353,59.2317692000872
22.8016984,0.994260549545288,0.12206878413784,1.3388785567645,4.65933756862664,78.6748874744524
23.0608457,0.994163513183594,0.118353224638366,1.3931217648422,1.80810693592335,78.6748874744524
23.1134761,0.994038164615631,0.117953069651505,0.00800000000000267,0.270271171926595,78.6748874744524
23.362465,0.993913650512695,0.114257546999594,0.011945735157795,0.270271171926595,78.6748874744524
23.4149875,0.994046211242676,0.114170109739282,0.0623437432354947,1.80810693592335,78.6748874744524
23.4669167,0.994328022003174,0.116920415213744,0.202123870294294,4.65933756862664,92.3676914614956
23.9123134,0.994428277015686,0.120650713700565,0.257867756764504,8.59120954900684,92.3676914614956
23.9643912,0.99451744556427,0.123312679039864,0.635748843480997,13.3842695572165,92.3676914614956
24.016481,0.994592726230621,0.125872131437467,0.966366777719998,18.8323644746333,92.3676914614956
24.224672,0.994658172130585,0.127368717664167,1.63722822037117,24.7426413838267,92.3676914614956
24.2778292,0.994561970233917,0.131029054223,2.02139505457533,30.9355475685633,79.1209263036723
24.541582,0.994605422019958,0.131862269996452,2.7880573617063,37.2448305138202,79.1209263036723
24.7517,0.994641482830048,0.130116773866774,4.02217750304234,43.5175379057666,79.1209263036723
24.8038876,0.994662702083588,0.125900093649504,4.81261923262949,49.6140176317866,79.1209263036723
24.8559985,0.994681239128113,0.11973650671084,6.47485671346762,55.4079177804634,79.1209263036723
25.0601788,0.994812786579132,0.117470034286805,6.08069931220241,60.7861866415668,92.1367167094403
25.3406068,0.994777500629425,0.121530581030796,3.7932993416766,65.6490727060934,92.1367167094403
25.392762,0.994739711284637,0.124015195207644,2.2174031118689,69.9101246662233,92.1367167094403
25.5985194,0.994726002216339,0.117666406928903,4.3024036241236,73.4961914153433,92.1367167094403
25.6508327,0.994706630706787,0.111014352561469,6.592911485565,76.3474220480467,92.1367167094403
25.7038511,0.994543731212616,0.117296296748618,4.00998736167343,78.4172658601266,83.7996203731452
26.1116562,0.994496405124664,0.114962184961833,4.7426036318261,79.6724723485767,83.7996203731452
26.1622013,0.994458675384521,0.108740543983606,7.12087196921899,80.0930912115933,83.7996203731452
26.2147759,0.994435787200928,0.114311022574784,4.82655594017309,79.6724723485767,83.7996203731452
26.4170222,0.994514107704163,0.108684980896702,7.145109714435,78.4172658601266,83.7996203731452
26.4681164,0.994446396827698,0.100873997164088,9.4355323758764,76.3474220480467,71.4691773137104
26.7339518,0.994424879550934,0.11932709620553,2.2043969183367,73.4961914153433,71.4691773137104
26.9480203,0.994482696056366,0.115073225389577,4.2305845600825,69.9101246662234,71.4691773137104
26.9997483,0.994525849819183,0.112885859486655,5.51391673018574,65.64907270609,71.4691773137104
27.0519551,0.994552195072174,0.113154889697238,5.89075843875322,60.7861866415707,71.4691773137104
27.2570984,0.994764268398285,0.111504687961015,7.51664467439474,55.407917780462,88.1137248051313
27.5164986,0.994730651378632,0.123981479563308,3.15024873112076,49.6140176317893,88.1137248051313
27.5697182,0.994737803936005,0.122596393015276,4.45592459829379,43.5175379057677,88.1137248051313
27.7866312,0.99473237991333,0.122189160620335,5.44948641555845,37.2448305138177,88.1137248051313
27.8384035,0.994707584381104,0.124565949884344,5.40111673644768,30.9355475685623,88.1137248051313
27.891239,0.99457836151123,0.130045712279716,2.78761485227997,24.742641383826,81.7396538780718
28.3169777,0.994511127471924,0.132845883553511,0.56460117651903,18.8323644746353,81.7396538780718
28.3682575,0.994456171989441,0.128919922647735,0.966132243235568,13.3842695572179,81.7396538780718
28.4239353,0.994378566741943,0.127508455924053,0.257868806705667,8.5912095490033,81.7396538780718
28.6478411,0.99429589509964,0.123868613140285,0.363748195764509,4.65933756862806,81.7396538780718
28.6990025,0.994218170642853,0.121616379621665,0.219748813842231,1.80810693592406,83.4680599528386
28.9616403,0.994107484817505,0.117833449864031,0.202,0.270271171925647,83.4680599528386
29.165344,0.994007349014282,0.109804016519746,0.185932628315683,0.54054234385611,83.4680599528386
29.2170542,0.994243264198303,0.0937535190586413,0.132593357031065,3.61621387184606,83.4680599528386
29.270237,0.994471490383148,0.0960552108606097,0.404262940589018,9.31867513725447,83.4680599528386
29.4809314,0.994681537151337,0.102165063361661,0.919735513529234,17.1824190980072,84.6183889932258
29.7510013,0.994847416877747,0.108375101749634,1.31879168696194,26.7685391144342,84.6183889932258
29.8036523,0.994980812072754,0.115595644993594,1.12975532544004,37.66472894927,84.6183889932258
30.00627,0.995102643966675,0.1182300435002,2.61429203846964,49.4852827676533,84.6183889932258
30.0589554,0.995202541351318,0.119896914786536,4.31352993811084,61.871095137126,84.6183889932258
30.124514,0.995145559310913,0.12599781934502,4.09111244341251,74.4896610276363,72.5546331417686
30.5336018,0.995211482048035,0.122144231067029,6.7021647177585,87.035075811533,72.5546331417686
30.5860073,0.995260417461395,0.110252453118642,9.6790057756659,99.22803526358,72.5546331417686
30.6408786,0.995241820812225,0.113932980071804,6.53492796049428,110.815835560923,72.5546331417686
30.8420056,0.995257973670959,0.101808605001037,9.9492536209877,121.572373283137,72.5546331417686
30.8931974,0.995115458965302,0.0868728546538117,13.8875986833532,131.298145412183,57.8508456953712
31.1651832,0.995105147361755,0.0737122618642326,18.0822061633265,139.820249332443,57.8508456953712
31.3687483,0.995081603527069,0.060403729446474,22.4919776482471,146.992382830687,57.8508456953712
31.421502,0.995045363903046,0.047100382388795,27.07282297113,152.694844096097,57.8508456953712
31.4743316,0.994815826416016,0.086367643899834,10.5519622360102,156.834531720253,57.8508456953712
31.6857114,0.994863569736481,0.0767733308269976,14.2026150015834,159.344944697153,68.9225508874759
31.9424652,0.994793355464935,0.0641976726772785,19.0082004646894,160.186182423187,68.9225508874759
31.9951134,0.994785487651825,0.0654086778097806,18.4384065803653,159.344944697153,68.9225508874759
32.1994208,0.994896948337555,0.0641073150153661,19.0522458344503,156.834531720257,68.9225508874759
32.2513037,0.994990885257721,0.0650085960970084,18.9637225518157,152.694844096093,68.9225508874759
32.3043662,0.995223164558411,0.0637086734272132,18.4757938366734,146.992382830683,84.3045782434442
32.7347407,0.9952352643013,0.0823210772932048,11.5984171687966,139.820249332447,84.3045782434442
32.7990652,0.995289504528046,0.0841269447723928,11.6564549123674,131.298145412183,84.3045782434442
32.8520413,0.995329976081848,0.0862144029664769,11.7805168775064,121.572373283137,84.3045782434442
33.0563109,0.995379865169525,0.0809340885435766,15.0530837543455,110.815835560927,84.3045782434442
33.1081141,0.995247542858124,0.0799893825425297,17.3110696837242,99.2280352635765,67.9105452044204
33.3659725,0.995171844959259,0.104456720572202,8.9118852765876,87.0350758115364,67.9105452044204
33.6189061,0.99516373872757,0.103139983521659,11.1099580116032,74.4896610276337,67.9105452044204
33.6691279,0.995128035545349,0.104889988523311,12.2292680793469,61.8710951371265,67.9105452044204
33.72168,0.995008587837219,0.118534299194135,5.64644247124937,49.4852827676501,67.9105452044204
33.931778,0.994985580444336,0.112163331260777,6.7052173130381,37.6647289492733,73.1472629288896
34.2012964,0.994884550571442,0.104283336941793,7.50826448647109,26.7685391144331,73.1472629288896
34.2549358,0.994718790054321,0.107476881954671,3.65830385910172,17.1824190980071,73.1472629288896
34.4566205,0.994542419910431,0.105562608357208,1.70180579352038,9.31867513725659,73.1472629288896
34.5081456,0.994356334209442,0.0981001087711134,1.81029170149051,3.61621387185001,73.1472629288896
34.5600711,0.994223952293396,0.0918223838860563,0.920000000000002,0.540542343849874,80.985033024337
34.9715854,0.994230806827545,0.0691475960697946,0.0486488109470429,1.6216270315681,80.985033024337
35.0231521,0.994722604751587,0.00349332598440935,0.374108059412947,10.8486416155301,80.985033024337
35.0760782,0.995325922966003,0.00600568911308676,1.16255682176597,27.9560254117693,80.985033024337
35.2869447,0.995807290077209,0.0258449395774433,2.39208055347371,51.5472572940325,80.985033024337
35.3403702,0.995924532413483,0.0493081708168757,4.05906106278453,80.3056173432992,48.2929086371911
35.6108085,0.996257543563843,0.0613145772322827,7.34520066632001,112.9941868478,48.2929086371911
35.8224076,0.996524214744568,0.0691974587060651,11.798876115409,148.455848302967,48.2929086371911
35.874186,0.996729075908661,0.0758502765262614,16.2173611656183,185.613285411368,48.2929086371911
35.9282153,0.996861636638641,0.0908623172556586,16.728497170238,223.468983082932,48.2929086371911
36.1611469,0.997087359428406,0.0761567343981931,24.5616539932761,261.105227434602,64.4868392851277
36.4220796,0.997175872325897,0.0404897869275699,33.492177166998,297.68410579073,64.4868392851277
36.4745774,0.997190654277802,0.00349662372656647,43.465602367481,332.447506682767,64.4868392851277
36.692285,0.997089266777039,-0.00287076255943338,41.5609937118313,364.717119849403,64.4868392851277
36.7434101,0.996989071369171,-0.0285114863142782,47.9747766293157,393.894436236565,64.4868392851277
36.7959647,0.996626794338226,-0.0341195094445169,46.7399828828912,419.460747997334,37.6821587166454
37.2224951,0.996465802192688,-0.0704730239501384,58.544932944741,440.977148492035,37.6821587166454
37.2744082,0.996274888515472,-0.110335214531633,72.2591749313992,458.084532288296,37.6821587166454
37.3274958,0.995906591415405,-0.121694920088012,74.9470342304284,470.503595160767,37.6821587166454
37.5346729,0.995471119880676,-0.144649630352233,82.8467632751087,478.034834091469,37.6821587166454
37.5852078,0.994854211807251,-0.160543895644517,88.5132515547752,480.558547269531,28.9189146936053
37.8559434,0.994405686855316,-0.117926456183016,71.0059662891483,478.034834091469,28.9189146936053
38.081734,0.994597792625427,-0.15197126950025,85.0715310866101,470.503595160767,28.9189146936053
38.1349826,0.994765758514404,-0.183995853285669,98.814067055259,458.084532288298,28.9189146936053
38.1893455,0.994862794876099,-0.200608112644262,106.853215515968,440.977148492033,28.9189146936053
38.3919878,0.994898319244385,-0.213198713597708,114.215740306975,419.460747997334,25.5914567645987
38.6658772,0.994643747806549,-0.139867180838702,86.9005076886556,393.894436236567,25.5914567645987
38.7197549,0.994700849056244,-0.1597392948583,97.8384371582447,364.717119849399,25.5914567645987
38.9818996,0.994720101356506,-0.175978604400619,107.80922904684,332.447506682767,25.5914567645987
39.0332041,0.99469792842865,-0.188364552201474,116.737776054497,297.684105790768,25.5914567645987
39.0867553,0.994721472263336,-0.074050773684283,75.308459829763,261.1052274346,74.0205363652354
39.5204352,0.994603216648102,-0.0783904168603889,82.01252932225,223.468983082898,74.0205363652354
39.5710207,0.994426667690277,-0.0785234422430652,87.5389969441008,185.613285411368,74.0205363652354
39.6250501,0.994102537631989,-0.0771273036624368,83.7744630977504,148.455848302967,74.0205363652354
39.8302907,0.99373334646225,-0.0916558205315216,83.0426829791306,112.9941868478,74.0205363652354
39.8811818,0.992511868476868,-0.101013383591748,78.684059189292,80.3056173432992,24.7893041945998
40.1509709,0.991190731525421,0.00245635302689065,29.127975331222,51.5472572940325,24.7893041945998
40.3570126,0.990303754806519,-0.00932159851875122,25.7089151989731,27.9560254117674,24.7893041945998
40.4207698,0.989222705364227,-0.0246941892164959,23.1180259768273,10.8486416155339,24.7893041945998
40.4737907,0.987842559814453,-0.0366637865142369,18.579926,1.6216270315662,24.7893041945998
40.6797113,0.988522052764893,-0.0576302420712987,18.531351189053,1.6216270315662,85.2878941990996
40.9391629,0.989343166351318,-0.0566205181905141,18.205891940587,10.8486416155339,85.2878941990996
40.9941911,0.990471243858337,-0.0205478403998148,12.5783558896448,27.9560254117674,85.2878941990996
41.202239,0.991394579410553,0.0138333749043701,7.99857317241295,51.5472572940325,85.2878941990996
41.2532202,0.992121338844299,0.0503559615507596,2.00525156575351,80.3056173432992,85.2878941990996
41.3072176,0.992460906505585,0.0555783694344466,8.10940877088768,112.9941868478,59.3036620666555
41.7292042,0.993071615695953,0.0632780241898493,12.637876115409,148.455848302967,59.3036620666555
41.7812407,0.993580281734467,0.0672199621254858,18.1928536786968,185.613285411368,59.3036620666555
41.8351425,0.993957042694092,0.0792766515048301,19.9343393481814,223.468983082932,59.3036620666555
42.0415963,0.994292557239532,0.0748088351089955,24.9278901056871,261.1052274346,59.3036620666555
42.0936028,0.99513703584671,0.0443625635047549,31.0921898745882,297.684105790734,112.201977380584
42.3532549,0.995372772216797,0.00759619405008789,41.0656134460282,332.447506682767,112.201977380584
42.568268,0.99555766582489,-0.0253101576214658,49.9303089685167,364.717119849399,112.201977380584
42.6191741,0.995726048946381,-0.0633491697303497,61.3856326388029,393.894436236567,112.201977380584
42.6719463,0.995811104774475,-0.0816641928958438,65.3971941238158,419.460747997334,112.201977380584
42.884839,0.996115505695343,-0.112964878550797,73.4393869366235,440.977148492033,138.399377480444
43.1573906,0.996071815490723,-0.098475815174568,65.256504423599,458.084532288298,138.399377480444
43.2104748,0.996136367321014,-0.130669111102831,76.4295767682129,470.503595160767,138.399377480444
43.4232325,0.996202826499939,-0.169322965913178,90.7382468215951,478.034834091469,138.399377480444
43.4739857,0.996250569820404,-0.205834961594582,104.706065141155,480.558547269531,138.399377480444
43.5278366,0.996448874473572,-0.220051792785627,109.678374438514,478.034834091469,134.775523015548
43.944941,0.996732413768768,-0.182896783638672,94.9590246978087,470.503595160767,134.775523015548
43.9959326,0.997033655643463,-0.195368357959374,100.816004533729,458.084532288296,134.775523015548
44.0484431,0.997212707996368,-0.16669372697438,90.5818397237377,440.977148492035,134.775523015548
44.2514684,0.997444152832031,-0.185255954401481,99.9337646038998,419.460747997334,134.775523015548
44.3044604,0.997466325759888,-0.197064285278917,109.343446579242,393.894436236565,101.758800673222
44.5750088,0.997632145881653,-0.215139557029031,119.527550632519,364.717119849403,101.758800673222
44.7810943,0.997743487358093,-0.23121658513716,129.445975996921,332.447506682797,101.758800673222
44.833574,0.997787296772003,-0.242033380811006,137.757338893901,297.684105790734,101.758800673222
44.8864283,0.997762382030487,-0.222059864298482,134.143500603904,261.105227434602,101.758800673222
45.0927217,0.997862339019775,-0.217665937327372,135.191778039372,223.468983082898,130.799099050846
45.3498742,0.997666418552399,-0.116026261771884,99.6096428991745,185.613285411368,130.799099050846
45.4152973,0.997428476810455,-0.0394025808706945,65.4871164364691,148.455848302967,130.799099050846
45.6167546,0.997275650501251,-0.0468353265862697,61.9316403303274,112.9941868478,130.799099050846
45.6674592,0.997079789638519,-0.056456286526728,58.7152276496329,80.3056173432992,130.799099050846
45.7208158,0.996349692344666,-0.0502632120961013,50.8143721828305,51.5472572940325,66.3154269510965
46.1367633,0.996015965938568,-0.072413945275996,51.646891940587,27.9560254117693,66.3154269510965
46.1888777,0.995593130588531,-0.0946594066698685,51.92412924542,10.8486416155301,66.3154269510965
46.2420046,0.99500572681427,-0.100686612391347,45.0984939899732,1.6216270315681,66.3154269510965
46.4445875,0.994585752487183,-0.0966950428212556,41.2895178167695,0.604948755634175,66.3154269510965
46.4961165,0.995185792446136,-0.0397160893052276,41.2357208921196,4.047091049818,124.002202847273
46.7548611,0.995395660400391,-0.0145015765493898,41.0984193155947,10.429008925008,124.002202847273
46.9587653,0.995573401451111,-0.00535505356667562,40.8503261728521,19.2297294934042,124.002202847273
47.0094144,0.995721817016602,0.00360753059365596,40.4771758032875,29.9580497465614,124.002202847273
47.0615029,0.995564162731171,0.108153874922898,1.26458037097483,42.1525365552831,124.002202847273
47.2716712,0.994860053062439,0.116438396403872,2.92601888545907,55.3815266697301,39.3660750362714
47.540715,0.994978666305542,0.118039426392433,5.00331267146161,69.2431267193232,39.3660750362714
47.5930932,0.995050251483917,0.125176743600095,4.57834697219094,83.3652132127899,39.3660750362714
47.7950263,0.995124757289886,0.121066967998235,7.41948426774046,97.4054325381957,39.3660750362714
47.8597872,0.995173037052155,0.110017584033195,9.83866600826411,111.051200962863,39.3660750362714
47.9124906,0.9954754114151,0.100763166386603,9.97443641559589,124.01970463342,69.8163038181487
48.3200246,0.995430529117584,0.107402098132247,5.65768733466821,136.057899575808,69.8163038181487
48.3728518,0.995424270629883,0.0961411240369539,8.74356555222346,146.942511695298,69.8163038181487
48.4255847,0.995411515235901,0.0819922163945563,13.1849541286709,156.480036776383,69.8163038181487
48.6305287,0.995386779308319,0.0670992853110845,18.1201563431602,164.506740482975,69.8163038181487
48.6823628,0.995410561561584,0.0531526729464954,23.0683291854206,170.888658358143,76.4382460406105
48.957923,0.995218813419342,0.082737810746753,10.39248590927,175.521595824388,76.4382460406105
49.1656182,0.995155692100525,0.068300493353896,15.7424197480499,178.331128183426,76.4382460406105
49.2168386,0.995081067085266,0.0543326112886907,21.0798468392527,179.272600616328,76.4382460406105
49.2705233,0.995033502578735,0.06737694930035,15.7115809542224,178.331128183426,76.4382460406105
49.4799185,0.994852066040039,0.0661238022442409,17.8032523519498,175.521595824391,46.2195051874552
49.7370409,0.994986772537231,0.0586904623606848,21.1204213690547,170.888658358139,46.2195051874552
49.7897561,0.995071411132812,0.0621607009486921,20.2238842059813,164.506740482972,46.2195051874552
49.9946531,0.995149374008179,0.0635799438916512,20.3450413222368,156.480036776386,46.2195051874552
50.046767,0.995206773281097,0.0669836720201829,19.8593898809118,146.942511695295,46.2195051874552
50.1006585,0.995333313941956,0.0754907203244702,18.1194374032485,136.057899575811,56.0275977793783
50.5334842,0.995389580726624,0.0694617772454223,21.8400285403183,124.019704633423,56.0275977793783
50.5851678,0.995424449443817,0.0649586049295948,25.1313611009069,111.05120096286,56.0275977793783
50.6372542,0.995355546474457,0.0883028229904882,17.3524710614188,97.4054325381983,56.0275977793783
50.8423656,0.995307862758636,0.0990310742532653,14.8733518727023,83.3652132127881,56.0275977793783
50.8956073,0.995084643363953,0.0965607889151165,16.9506124343063,69.2431267193215,36.8411473965059
51.156533,0.995025634765625,0.0895747194759531,18.6120369890839,55.3815266697288,36.8411473965059
51.3770058,0.994885087013245,0.0961455920143103,13.4883077341557,42.152536555284,36.8411473965059
51.4437736,0.994757652282715,0.0907676395698725,13.0078103967735,29.9580497465639,36.8411473965059
51.4962734,0.994514167308807,0.108623316242314,2.91907305379138,19.2297294934037,36.8411473965059
51.7037763,0.994609653949738,0.101912456355563,3.05319126698857,10.4290089250106,61.2690397387032
51.976956,0.994403481483459,0.0935315215695376,3.17458297011448,4.04709104981926,61.2690397387032
52.0289729,0.994116842746735,0.0916480541413942,0.045157272775746,0.604948755629518,60.1354847790631
4.5e-06,0.993975162506104,0.0947788463677515,1.26268896e-16,0,67.379404343283
0.2690476,0.994026958942413,0.111992806338827,0.0351186163405157,1.17062054468386,67.379404343283
0.3198745,0.994484305381775,0.0510668368109136,0.259072177682134,7.83142024008172,67.379404343283
0.3888016,0.994947135448456,0.0465362445746743,0.840948896760835,20.1809029186172,67.379404343283
0.5928831,0.995301187038422,0.0569270981641808,1.93957995039609,37.21094754531,64.4162589573494
0.8505877,0.995619475841522,0.0681791565900111,3.67871114719198,57.9710400014127,64.4162589573494
0.9038746,0.995881378650665,0.0767311057841367,6.12575933828204,81.5682730845466,64.4162589573494
1.1065041,0.996071040630341,0.0915364143740257,5.66229837652377,107.167346508574,64.4162589573494
1.1586809,0.996244728565216,0.0942826782291504,9.68201325433186,133.990566903647,64.4162589573494
1.2108983,0.99637770652771,0.0939934435634513,14.5215486862501,161.317847816232,63.7758741442782
1.6672765,0.996425926685333,0.109623778052841,10.4944889334,188.486709708998,63.7758741442782
1.7186145,0.996504545211792,0.083842095309751,16.9412573306458,214.892279961024,63.7758741442782
1.7699222,0.996510922908783,0.0766368040464154,16.2676995196026,239.987292867539,63.7758741442782
1.9869693,0.996528327465057,0.0538857385208785,22.2418803351396,263.282089640213,63.7758741442782
2.0383221,0.996584236621857,0.0286722828138248,30.0994513720211,284.344618406793,71.3682938614311
2.2959715,0.996568441390991,0.000159584369427361,39.1591059712781,302.800434211518,71.3682938614311
2.4966691,0.996531903743744,-0.0284330769656995,48.619377975216,318.332699014798,71.3682938614311
2.5600452,0.996472179889679,-0.0554809168241943,57.8308666868189,330.682181693316,71.3682938614311
2.6128776,0.996326088905334,-0.0551153141422459,56.3313160040163,339.647258040124,71.3682938614311
2.8183808,0.996185541152954,-0.0694344327897719,60.2479552882336,345.08391076452,70.7491452851782
3.0917035,0.995936453342438,-0.046918752540452,50.5441794984089,346.905729492012,70.7491452851782
3.1434511,0.996001005172729,-0.0726382762263824,60.7722816745971,345.08391076452,70.7491452851782
3.3429596,0.996240496635437,-0.0973808801119641,70.9616994155238,339.647258040126,70.7491452851782
3.3924107,0.996447265148163,-0.119408056383353,80.4538760086316,330.682181693314,70.7491452851782
3.4444395,0.996590912342072,-0.118943421614621,80.1904380383731,318.332699014796,73.5698568366194
3.8492812,0.996566534042358,-0.0602049392671038,57.803679927617,302.80043421152,73.5698568366194
3.9012799,0.996656596660614,-0.0587874970429387,58.9361338151013,284.344618406793,73.5698568366194
3.9537574,0.996696352958679,-0.0443719400975153,55.2053668227428,263.282089640213,73.5698568366194
4.1586396,0.996772766113281,-0.0560183476847908,62.3720406889202,239.987292867541,73.5698568366194
4.2109695,0.996872365474701,-0.0642089601565544,68.8186980351268,214.892279961022,81.5228010237652
4.4766874,0.996753811836243,-0.00699764426952446,48.9115914247738,188.486709709,81.5228010237652
4.69058,0.996705174446106,0.0065927565643453,47.0185766922705,161.31784781623,81.5228010237652
4.7419767,0.996611893177032,0.0280188304592432,42.3199861714868,133.990566903647,81.5228010237652
4.7943606,0.996385991573334,0.0752459448079028,20.9342531601097,107.167346508572,81.5228010237652
5.0076698,0.99616539478302,0.0652231621877422,21.084535604033,81.5682730845481,70.782586797821
5.2623269,0.995989859104156,0.0504846620635108,21.9151490049199,57.9710400014122,70.782586797821
5.315382,0.995739459991455,0.0448227054393701,18.6783201216981,37.2109475453099,70.782586797821
5.5145112,0.995437920093536,0.0364956844235147,16.1362661195206,20.1809029186417,70.782586797821
5.5652191,0.995057940483093,0.0310942504043309,12.0216701296604,7.83142024008355,70.782586797821
5.6170267,0.994773089885712,0.0402103598419535,1.99418298485895,1.17062054465736,91.5239470387287
6.0364326,0.994555771350861,0.0171129181807148,1.96080148888388,1.6216270315681,91.5239470387287
6.0879984,0.994987785816193,-0.00921441619448088,1.69354637545492,10.8486416155301,91.5239470387287
6.1398611,0.99555104970932,0.00678698538989975,1.16378882176605,27.9560254117693,91.5239470387287
6.3369614,0.99601149559021,0.0258295521729821,2.71020654058702,51.5472572940325,91.5239470387287
6.3890813,0.996194303035736,0.0443371724778027,5.09208106125767,80.3056173432992,67.2192786894057
6.6494556,0.996506035327911,0.0561065094938786,8.48190666654314,112.9941868478,67.2192786894057
6.8548064,0.996739864349365,0.0708216556786609,10.1737411245527,148.455848302967,67.2192786894057
6.9066512,0.996933460235596,0.0768265195753414,14.849928306065,185.613285411368,67.2192786894057
6.9587967,0.997064530849457,0.0884007414011899,16.7480891706891,223.468983082932,67.2192786894057
7.1561424,0.997215151786804,0.0772918046951051,24.5595009932761,261.105227434602,72.8009707585216
7.4231562,0.99729973077774,0.0416023266687569,33.490024166998,297.68410579073,72.8009707585216
7.4886095,0.997329354286194,0.0191409742992394,37.5941886431735,332.447506682767,72.8009707585216
7.6849865,0.997340798377991,-0.00848300225083787,44.3005840702413,364.717119849403,72.8009707585216
7.7384324,0.997346878051758,-0.0474689164633651,56.1173067941991,393.894436236565,72.8009707585216
7.7902619,0.997246563434601,-0.0888165537745196,68.7010534495475,419.460747997334,57.9252332723515
8.294766,0.99709415435791,-0.0708652718173141,58.544932944741,440.977148492035,57.9252332723515
8.3451514,0.997029364109039,-0.110656175771904,72.2599069273466,458.084532288296,57.9252332723515
8.3980692,0.996857702732086,-0.150230970040547,86.3750147798889,470.503595160767,57.9252332723515
8.593719,0.996544897556305,-0.150424699560078,85.0884458565769,478.034834091469,57.9252332723515
8.6442627,0.996133625507355,-0.166886544791536,91.3490887925119,480.558547269531,46.0684009335631
8.9154228,0.995864152908325,-0.119565519682056,71.9606968112969,478.034834091469,46.0684009335631
9.1189562,0.99607253074646,-0.15182531007098,85.2836728020009,470.503595160767,46.0684009335631
9.1700922,0.996254324913025,-0.183321796507206,98.8149040552781,458.084532288296,46.0684009335631
9.2229684,0.996407210826874,-0.212781378673417,112.044218510037,440.977148492035,46.0684009335631
9.4213442,0.996527433395386,-0.23907369713561,124.566762082082,419.460747997334,45.7316723585416
9.6792324,0.996515095233917,-0.217194199735303,118.099790027891,393.894436236565,45.7316723585416
9.7333852,0.996352136135101,-0.142130027063302,90.6281307626625,364.717119849403,45.7316723585416
9.9433343,0.996319472789764,-0.130415204941769,89.3143412023571,332.447506682797,45.7316723585416
10.0071718,0.996274352073669,-0.123977012848795,90.6366781058856,297.684105790734,45.7316723585416
10.0589381,0.996141493320465,-0.070301320022455,73.2483403071521,261.105227434602,53.826079364196
10.4800841,0.995990037918091,-0.047101849708175,68.8357255078194,223.468983082898,53.826079364196
10.530845,0.995864987373352,-0.0471688160310877,74.352015884591,185.613285411368,53.826079364196
10.5837437,0.995688259601593,-0.0660489539968067,78.80569133368,148.455848302967,53.826079364196
10.7781177,0.995451867580414,-0.0907476004189076,82.195516939114,112.9941868478,53.826079364196
10.8304612,0.995078384876251,-0.125020331199852,84.604685459413,80.3056173432992,47.1369837547025
11.081265,0.994258761405945,-0.0344954333698669,40.2952580035675,51.5472572940325,47.1369837547025
11.2824714,0.993652045726776,-0.0399920385795796,34.3465769363067,27.9560254117674,47.1369837547025
11.3346346,0.992904782295227,-0.0475904198388862,28.6629387150799,10.8486416155339,47.1369837547025
11.388136,0.991839945316315,-0.0316632147798105,12.8944627902999,1.6216270315662,47.1369837547025
11.5885385,0.991715133190155,-0.034379973904695,9.14193289290152,1.6216270315662,75.2179407199863
11.9516664,0.992301523685455,-0.0319703063710397,8.18389194058699,10.8486416155339,75.2179407199863
12.005725,0.993121325969696,0.00340153794543683,2.81095448381629,27.9560254117674,75.2179407199863
12.208096,0.993814170360565,0.0316283912062664,0.679308637967867,51.5472572940325,75.2179407199863
12.2590852,0.994426190853119,0.0444681719358554,4.22254552499857,80.3056173432992,75.2179407199863
12.3114873,0.99511057138443,0.0498221909139461,8.18420066631995,112.9941868478,93.2764803426532
12.7277654,0.995456337928772,0.0729515901658524,6.52302306112131,148.455848302967,93.2764803426532
12.779687,0.995773613452911,0.0805456401203366,10.5709672224242,185.613285411368,93.2764803426532
12.8324942,0.996042132377625,0.0816155900250105,16.726344170238,223.468983082932,93.2764803426532
13.0588187,0.996267139911652,0.0701216870006146,24.5443199939779,261.105227434602,93.2764803426532
13.1129951,0.996765971183777,0.035504443455144,32.9493619271345,297.68410579073,138.474233915478
13.3876417,0.996817708015442,0.0387116521124435,26.737269367481,332.447506682767,138.474233915478
13.5858535,0.996930718421936,0.0006072051232315,37.6789629629631,364.717119849403,138.474233915478
13.6369285,0.997018754482269,-0.0383092263611013,49.4799300525146,393.894436236565,138.474233915478
13.6905405,0.997052311897278,-0.0616241792833853,55.5010171737452,419.460747997334,138.474233915478
13.9025746,0.997148454189301,-0.0925405849831176,65.1298343175473,440.977148492035,149.770871414447
14.1624169,0.997059762477875,-0.0733249258449521,55.0019429992369,458.084532288296,149.770871414447
14.2161925,0.997052311897278,-0.103807011598556,65.487576768213,470.503595160767,149.770871414447
14.4586838,0.997045874595642,-0.142471011272913,79.7918658165787,478.034834091469,149.770871414447
14.5127599,0.997021436691284,-0.178867792036514,93.6999599496344,480.558547269531,149.770871414447
14.5675566,0.99716579914093,-0.181864956595345,94.2283748130743,478.034834091469,158.019935147007
15.0189042,0.99746835231781,-0.216123044596953,108.343220726843,470.503595160767,158.019935147007
15.0728039,0.997494399547577,-0.146559327224247,81.0719177337059,458.084532288296,158.019935147007
15.1370655,0.997628569602966,-0.151021232973445,84.1868575100434,440.977148492035,158.019935147007
15.3465038,0.997774660587311,-0.177595834947485,96.76920394994,419.460747997334,158.019935147007
15.3978596,0.997563779354095,-0.200154616015207,108.586037037037,393.894436236565,88.1919008236173
15.6597342,0.997668027877808,-0.220048711820125,119.527550632519,364.717119849403,88.1919008236173
15.8637949,0.997645318508148,-0.174217794138438,104.431011017182,332.447506682797,88.1919008236173
15.9168888,0.997666954994202,-0.16988419768286,106.613032545623,297.684105790734,88.1919008236173
15.9714367,0.997541487216949,-0.0893503838747298,78.5143983121523,261.105227434602,88.1919008236173
16.1802659,0.997674107551575,-0.0636901302783533,73.3115344690286,223.468983082898,127.029821558945
16.4495808,0.997519731521606,0.00355560681746311,51.6336813926845,185.613285411368,127.029821558945
16.5023321,0.997431457042694,-0.0110964480502726,54.40479933368,148.455848302967,127.029821558945
16.7026868,0.997310400009155,-0.0356735700685947,57.7627769614012,112.9941868478,127.029821558945
16.7545373,0.99714207649231,-0.0581223397934835,59.7297980141877,80.3056173432992,127.029821558945
16.8079663,0.996861100196838,-0.0580108354343346,51.432431107943,51.5472572940325,125.415532823572
17.2283288,0.996408224105835,-0.0108545699675394,24.191497865545,27.9560254117693,125.415532823572
17.2803869,0.99598491191864,-0.0175902607968777,18.2193147836835,10.8486416155301,125.415532823572
17.3336835,0.99542772769928,-0.0166169643384964,8.57385303743036,1.6216270315681,125.415532823572
17.5368323,0.995053887367249,-0.0165582921901874,8.55800384095822,0.270271171926595,125.415532823572
17.5998296,0.994588136672974,0.0658137853426533,8.55822713475187,1.80810693592359,93.8673583050324
17.8652526,0.994619786739349,0.112414838601082,0.140131470294307,4.65933756862664,93.8673583050324
18.0708336,0.994716823101044,0.115569931556644,0.397867756764498,8.59120954900637,93.8673583050324
18.1220166,0.994800984859467,0.118346528444888,0.729064043481003,13.384269557217,93.8673583050324
18.1760069,0.994871497154236,0.121135538393023,0.966366777720012,18.8323644746333,93.8673583050324
18.4182678,0.995208501815796,0.126085704481054,1.67043131923479,24.7426413838265,120.852131475162
18.6779614,0.995250880718231,0.129105028694321,1.6707124462917,30.9355475685635,120.852131475162
18.7300779,0.995278358459473,0.133191304770342,1.1170801617063,37.2448305138197,120.852131475162
18.9443394,0.995310544967651,0.131264263103151,2.42258349887931,43.5175379057668,120.852131475162
18.9963142,0.995334088802338,0.125452685829179,3.85666732976254,49.6140176317866,120.852131475162
19.0490506,0.994888484477997,0.122226562796246,3.1502415612468,55.4079177804634,76.9277011191021
19.4750342,0.994871079921722,0.123796395165746,1.82379846049379,60.7861866415666,76.9277011191021
19.5260181,0.994872987270355,0.117303275349426,3.7932993416766,65.6490727060936,76.9277011191021
19.5787613,0.994835674762726,0.119838427124162,2.19306459523701,69.9101246662233,76.9277011191021
19.7846637,0.994822382926941,0.113429414945465,4.30243032412359,73.496191415343,76.9277011191021
19.8365235,0.994871914386749,0.111360073854269,6.59291148556501,76.3474220480471,83.3579378753204
20.0922977,0.994847118854523,0.104778183552682,8.9454294613688,78.4172658601264,83.3579378753204
20.3062241,0.994816243648529,0.0984927044468029,11.2610899423998,79.6724723485767,83.3579378753204
20.357282,0.994774460792542,0.0940123766690002,12.9331402132985,80.0930912115935,83.3579378753204
20.409914,0.9947230219841,0.10794051818825,7.25709025503888,79.6724723485767,83.3579378753204
20.6142319,0.994722783565521,0.0997119881134297,9.536106614435,78.4172658601264,76.5103554327561
20.88177,0.99479204416275,0.0943650237194611,11.8265292758764,76.3474220480471,76.5103554327561
20.9358016,0.99480414390564,0.103680941298378,8.29091687308266,73.496191415343,76.5103554327561
21.1435149,0.994829714298248,0.107571698712512,7.02669246118611,69.9101246662233,76.5103554327561
21.1953097,0.994858264923096,0.108771807709466,6.93805986279637,65.6490727060901,76.5103554327561
21.2483866,0.994987845420837,0.104393261689192,8.76164499930389,60.7861866415701,85.3548917719097
21.6687794,0.994947373867035,0.121532570142322,2.41327944121788,55.4079177804634,85.3548917719097
21.7206699,0.994958460330963,0.121259072300858,3.18354150638051,49.6140176317899,85.3548917719097
21.7739545,0.994965076446533,0.11994961880739,4.4559426382938,43.5175379057666,85.3548917719097
21.9892822,0.994960069656372,0.119481508788367,5.47412646220509,37.2448305138169,85.3548917719097
22.0410817,0.995149910449982,0.125359195544925,5.2219548726443,30.9355475685633,106.378153900215
22.3148982,0.99512392282486,0.122265286071832,5.96423400316021,24.7426413838267,106.378153900215
22.571938,0.995086550712585,0.118149021002348,6.52920486982979,18.8323644746333,106.378153900215
22.6246094,0.994995296001434,0.126591133547138,1.92338007048454,13.3842695572199,106.378153900215
22.688612,0.994925379753113,0.125173499251921,1.2238685297057,8.59120954900353,106.378153900215
22.8951809,0.994710981845856,0.120850187282375,1.34731665676451,4.65933756862664,93.3988130698237
23.156118,0.994610548019409,0.120142696424617,0.1938918648422,1.80810693592335,93.3988130698237
23.2085388,0.994507670402527,0.11630723950703,0.201999999999998,0.270271171926595,93.3988130698237
23.4620829,0.994390964508057,0.113090027680302,0.011945735157795,0.270271171926595,93.3988130698237
23.5132852,0.994513213634491,0.113000257366704,0.0623399432355001,1.80810693592335,93.3988130698237
23.565687,0.994741022586823,0.117201666992172,0.202131470294297,4.65933756862664,104.138095375797
23.986267,0.994835913181305,0.120415607613524,0.459867756764503,8.59120954900684,104.138095375797
24.0390614,0.994918704032898,0.123017410829302,0.861395843480999,13.3842695572165,104.138095375797
24.092831,0.994986653327942,0.126133678857447,0.966366777719998,18.8323644746333,104.138095375797
24.3027372,0.995047330856323,0.127633695378074,1.63495462037275,24.7426413838267,104.138095375797
24.3546252,0.995089113712311,0.130025931664836,2.01083975461881,30.9355475685633,103.64250651975
24.6106168,0.995128333568573,0.130816685541902,2.7880573617063,37.2448305138202,103.64250651975
24.8219129,0.995161652565002,0.128893110053689,4.0935834988793,43.5175379057666,103.64250651975
24.8723594,0.995181500911713,0.124441493907095,4.97857372826326,49.6140176317866,103.64250651975
24.924895,0.995180606842041,0.123686214786064,4.4562415612468,55.4079177804634,103.64250651975
25.127995,0.995308578014374,0.117115710582411,6.07422959755537,60.7861866415668,115.918841356227
25.408165,0.995276808738708,0.121161274660542,3.7932993416766,65.6490727060934,115.918841356227
25.4604704,0.995241940021515,0.123811764001236,2.15069478512358,69.9101246662233,115.918841356227
25.6729768,0.995230078697205,0.117297765941545,4.3025104241236,73.4961914153433,115.918841356227
25.7255256,0.995212554931641,0.110646530346871,6.592911485565,76.3474220480467,115.918841356227
25.778777,0.994980692863464,0.11875718981033,3.46930738186984,78.4172658601266,99.8081377957828
26.2003421,0.994941711425781,0.115109985337893,4.7426036318261,79.6724723485767,99.8081377957828
26.2517019,0.994906902313232,0.108920025059289,7.10777416922092,80.0930912115933,99.8081377957828
26.3048606,0.994885861873627,0.114504923533416,4.80772843901818,79.6724723485767,99.8081377957828
26.5106237,0.994957983493805,0.108831760882891,7.145088514435,78.4172658601266,99.8081377957828
26.563278,0.994918406009674,0.103482619168313,9.4355094758764,76.3474220480467,89.6252122100062
26.8264196,0.994978845119476,0.0985754723443572,11.6403952183367,73.4961914153433,89.6252122100062
27.0303433,0.995031595230103,0.0941571861198082,13.7376989583234,69.9101246662234,89.6252122100062
27.0814104,0.994989991188049,0.115784113620021,5.39274960712615,65.64907270609,89.6252122100062
27.1338903,0.995015263557434,0.115752654636693,5.89075843875322,60.7861866415707,89.6252122100062
27.3412186,0.995211660861969,0.112116279080732,7.55299597216708,55.407917780462,106.471724330587
27.59295,0.995228052139282,0.110111312779311,9.04141650112076,49.6140176317893,106.471724330587
27.645276,0.995187044143677,0.12328364450877,4.45594263829379,43.5175379057677,106.471724330587
27.8652041,0.995183110237122,0.122580961070323,5.57328755370832,37.2448305138177,106.471724330587
27.9160795,0.995168387889862,0.122545574715278,6.50135398076519,30.9355475685623,106.471724330587
27.9699255,0.995043694972992,0.129040148664786,2.78763392227997,24.742641383826,100.340480987912
28.3967198,0.994982123374939,0.13184239442021,0.56460570651903,18.8323644746353,100.340480987912
28.4499344,0.994931995868683,0.127917642784616,0.966132243235568,13.3842695572179,100.340480987912
28.504667,0.994861006736755,0.126508697191316,0.257868865705667,8.5912095490033,100.340480987912
28.7241525,0.994785308837891,0.122873493673207,0.362762900764509,4.65933756862806,100.340480987912
28.776759,0.994683504104614,0.120599515965259,0.218513507842231,1.80810693592406,99.2631358459532
29.0366822,0.994581818580627,0.116826151706098,0.202,0.270271171925647,99.2631358459532
29.2561247,0.994489729404449,0.108776826342133,0.194825537315683,0.54054234385611,99.2631358459532
29.3066516,0.994706809520721,0.0926918451786336,0.154437867971065,3.61621387184606,99.2631358459532
29.3610695,0.994916558265686,0.0950419760800555,0.404262940589645,9.31867513725447,99.2631358459532
29.5662942,0.995082974433899,0.10167973407923,0.830198079228915,17.1824190980072,97.8348656445098
29.8390423,0.995237052440643,0.10765497789904,1.31879168696194,26.7685391144342,97.8348656445098
29.8920133,0.995360434055328,0.114872039385416,1.12973159544004,37.66472894927,97.8348656445098
30.1110451,0.995473265647888,0.117503375059609,2.61429203846964,49.4852827676533,97.8348656445098
30.1630135,0.995566129684448,0.118959734988364,4.39745612427576,61.871095137126,97.8348656445098
30.2291079,0.995526790618896,0.125771477332396,4.09111340341251,74.4896610276363,87.2740689661214
30.6356713,0.995587527751923,0.121912592893471,6.7021669977585,87.035075811533,87.2740689661214
30.6890955,0.995632469654083,0.110081497541102,9.65387264643678,99.22803526358,87.2740689661214
30.7419281,0.99561595916748,0.113530270134535,6.60341228500238,110.815835560923,87.2740689661214
30.9489014,0.995630323886871,0.101576948545963,9.9484039209877,121.572373283137,87.2740689661214
31.0031388,0.995530903339386,0.0883635242694128,13.8875986833532,131.298145412183,76.007943994577
31.2734575,0.995521485805511,0.075190539674185,18.0822061633265,139.820249332443,76.007943994577
31.4891115,0.995499491691589,0.0620141346897567,22.4388841601867,146.992382830687,76.007943994577
31.5414998,0.995460689067841,0.050529997399895,26.2842187475489,152.694844096097,76.007943994577
31.5942319,0.995313942432404,0.0699681740675308,17.7918591222742,156.834531720253,76.007943994577
31.7995082,0.995206773281097,0.0621476811767641,19.731767447125,159.344944697153,73.0550481971136
32.0567959,0.995131015777588,0.0526954418827985,23.2817927363478,160.186182423187,73.0550481971136
32.1099487,0.995123386383057,0.0540040117319467,22.6733259626799,159.344944697153,73.0550481971136
32.3101844,0.995226383209229,0.0531079149153822,23.1234665336536,156.834531720257,73.0550481971136
32.3624981,0.995313942432404,0.0540625512375616,23.0123698662844,152.694844096093,73.0550481971136
32.4148191,0.995398044586182,0.0664138305106626,18.4756833366734,146.992382830683,77.49278837513
32.8332892,0.995494246482849,0.0575659516307075,22.6704013166468,139.820249332447,77.49278837513
32.8961712,0.995574116706848,0.049968883386793,26.5360769071031,131.298145412183,77.49278837513
32.9477803,0.995567142963409,0.0670878853236711,20.5909491930809,121.572373283137,77.49278837513
33.1462086,0.995575129985809,0.0749579685623911,18.5485678461965,110.815835560927,77.49278837513
33.1979261,0.995585918426514,0.0787153924480455,17.8155935638379,99.2280352635765,78.3831639352122
33.4582156,0.995568752288818,0.0856443320558901,16.4988852765876,87.0350758115364,78.3831639352122
33.705357,0.995560705661774,0.084462472345308,18.6354096474168,74.4896610276337,78.3831639352122
33.757123,0.995526671409607,0.0866612165445109,19.5738901071184,61.8710951371265,78.3831639352122
33.8099112,0.995372116565704,0.114582484283689,7.21649588203495,49.4852827676501,78.3831639352122
34.0329405,0.995384037494659,0.110672935436305,6.81794945759887,37.6647289492733,88.269860316386
34.3040927,0.995290040969849,0.103072973449827,7.50826448647109,26.7685391144331,88.269860316386
34.3583754,0.995130062103271,0.108496896811224,2.75809716416664,17.1824190980071,88.269860316386
34.5600072,0.9949711561203,0.105472434328343,1.2534887917743,9.31867513725659,88.269860316386
34.6131789,0.994795560836792,0.0991301335343176,0.909999831729015,3.61621387185001,88.269860316386
34.6648605,0.994862616062164,0.0909892005917487,0.920000000000002,0.540542343849874,112.882395857368
35.0782233,0.994868695735931,0.0682948147682848,0.0486488109470429,1.6216270315681,112.882395857368
35.1311373,0.995306313037872,0.00266963195593256,0.362267059412943,10.8486416155301,112.882395857368
35.1839402,0.995843231678009,0.00513337058759252,1.16378882176605,27.9560254117693,112.882395857368
35.3961989,0.99627298116684,0.0244275533975845,2.60539754348654,51.5472572940325,112.882395857368
35.449046,0.996243536472321,0.0462588875686485,4.21183206497564,80.3056173432992,62.7207615177416
35.7199556,0.996549725532532,0.058617233951,7.34520066632001,112.9941868478,62.7207615177416
35.9261801,0.996795356273651,0.0665922996330638,11.7583971180021,148.455848302967,62.7207615177416
35.9785933,0.996986091136932,0.0724114884684712,16.5110004725694,185.613285411368,62.7207615177416
36.030802,0.997107267379761,0.0878504636633205,16.8480041893422,223.468983082932,62.7207615177416
36.2399787,0.997304320335388,0.0763208843905669,24.5595789932761,261.105227434602,77.0155477434577
36.4982313,0.99738621711731,0.0406455291070247,33.490024166998,297.68410579073,77.0155477434577
36.5526836,0.997406423091888,0.023079320664453,35.6169219704949,332.447506682767,77.0155477434577
36.7747183,0.997415363788605,-0.00337821636383189,41.851100779565,364.717119849403,77.0155477434577
36.8270797,0.997398614883423,-0.0295260634617296,48.4787090801845,393.894436236565,77.0155477434577
36.8787383,0.997180819511414,-0.0359117494096605,47.1141353517566,419.460747997334,52.5962461782494
37.3052605,0.997131049633026,-0.0713154288238613,58.544932944741,440.977148492035,52.5962461782494
37.3558633,0.997066915035248,-0.111060714401432,72.2292069770934,458.084532288296,52.5962461782494
37.4081471,0.99692440032959,-0.12343311584883,75.3654015031684,470.503595160767,52.5962461782494
37.6114453,0.996780753135681,-0.146982478467221,83.5486436160968,478.034834091469,52.5962461782494
37.6628011,0.996543288230896,-0.161162099633942,89.1440461015645,480.558547269531,45.0976334561983
37.9347612,0.996430158615112,-0.116804201999107,70.9691622350282,478.034834091469,45.0976334561983
38.2112879,0.996722936630249,-0.151040765153732,85.0715310866101,470.503595160767,45.0976334561983
38.2633508,0.996972978115082,-0.183035147265675,98.814067055259,458.084532288296,45.0976334561983
38.315028,0.99715256690979,-0.196517843514926,105.599261328872,440.977148492035,45.0976334561983
38.5222914,0.99720823764801,-0.205846009683141,111.425519277324,419.460747997334,36.3723646315958
38.799999,0.997033953666687,-0.121434253457114,79.6573484925134,393.894436236565,36.3723646315958
38.8538688,0.996918618679047,-0.076017155832184,64.1900505311669,364.717119849403,36.3723646315958
39.0583755,0.996891796588898,-0.0807057542084039,69.4965545127154,332.447506682797,36.3723646315958
39.1092878,0.996843218803406,-0.0829720984180363,74.3327402593476,297.684105790734,36.3723646315958
39.1638271,0.997017443180084,-0.0749017636766465,75.3551209333449,261.105227434602,77.5895285210203
39.5729471,0.996938467025757,-0.0790575818662279,82.0127253222499,223.468983082898,77.5895285210203
39.6252317,0.996827244758606,-0.0792029862075867,87.5552629016532,185.613285411368,77.5895285210203
39.6788229,0.99661785364151,-0.0712885288711081,81.1781437718825,148.455848302967,77.5895285210203
39.895981,0.996389150619507,-0.082448174465515,79.1059598271836,112.9941868478,77.5895285210203
39.9470322,0.995697915554047,-0.0849008390898499,72.5051621005986,80.3056173432992,32.664319454417
40.2198798,0.994936645030975,0.0168737854378137,23.7050833798282,51.5472572940325,32.664319454417
40.42311,0.994431614875793,0.00238287764753278,21.4063909197961,27.9560254117674,32.664319454417
40.486312,0.993817269802094,-0.0154586416457777,19.8794112683707,10.8486416155339,32.664319454417
40.5391754,0.993058443069458,-0.0352148392697604,18.58,1.6216270315662,32.664319454417
40.7423167,0.992821574211121,-0.056384242386795,18.4596522189301,1.6216270315662,48.8640185901683
41.0002029,0.993193805217743,-0.023674174651029,5.27813698374249,10.8486416155339,48.8640185901683
41.0549022,0.993936240673065,0.00845922391536231,1.18712387975365,27.9560254117674,48.8640185901683
41.2530887,0.994588077068329,0.0274919927030908,2.759206540587,51.5472572940325,48.8640185901683
41.3058618,0.995124042034149,0.0431275598453802,5.16837506088598,80.3056173432992,48.8640185901683
41.3591259,0.996174514293671,0.0630450790593051,4.46732105290027,112.9941868478,123.317330619583
41.7893335,0.996488869190216,0.0738102776723671,7.84387611540899,148.455848302967,123.317330619583
41.8398398,0.996758580207825,0.0776671770194833,13.3972916783139,185.613285411368,123.317330619583
41.8921716,0.996958136558533,0.0911309868273378,14.541549739312,223.468983082932,123.317330619583
42.0963734,0.997145116329193,0.0838075920643985,20.6668782524164,261.105227434602,123.317330619583
42.1482745,0.99716591835022,0.0498309647073905,29.0562031672632,297.68410579073,98.2553762263635
42.4039315,0.997315645217896,0.0128674538597472,39.009449367481,332.447506682767,98.2553762263635
42.6064831,0.997443199157715,-0.025095405669707,49.9058339831712,364.717119849403,98.2553762263635
42.6589487,0.997550129890442,-0.0627881522136169,61.214368508678,393.894436236565,98.2553762263635
42.7108737,0.997569739818573,-0.102347552674136,73.7981905293626,419.460747997334,98.2553762263635
42.9260071,0.997782349586487,-0.145191915255745,87.027504674111,440.977148492035,149.433114519668
43.1955596,0.997732937335968,-0.185023778391426,100.770040406917,458.084532288296,149.433114519668
43.2482955,0.997510015964508,-0.129413351122172,76.429576768213,470.503595160767,149.433114519668
43.4478693,0.9974205493927,-0.168110930259024,90.7534137977668,478.034834091469,149.433114519668
43.4994054,0.997310936450958,-0.204667958460498,104.715645542443,480.558547269531,149.433114519668
43.5517933,0.997370779514313,-0.242209388787672,119.056690043205,478.034834091469,149.433114519668
44.025693,0.997586727142334,-0.276493480202222,133.171797494049,470.503595160767,149.433114519668
44.0763048,0.997771024703979,-0.308510910641072,146.914333143962,458.084532288296,149.433114519668
44.1289018,0.997645914554596,-0.151915125061044,84.9737368261804,440.977148492035,149.433114519668
44.3374931,0.99778825044632,-0.176656807796848,96.8147469934272,419.460747997334,149.433114519668
44.3881589,0.997628331184387,-0.196727797563393,108.586037037037,393.894436236565,89.6561034492291
44.6571761,0.99772983789444,-0.216637181959696,119.527550632519,364.717119849403,89.6561034492291
44.8765778,0.997802436351776,-0.232811382654677,129.477427856553,332.447506682797,89.6561034492291
44.9277819,0.997846066951752,-0.244294408026552,138.053158765251,297.684105790734,89.6561034492291
44.9795864,0.997828781604767,-0.228981464278943,136.323355851531,261.105227434602,89.6561034492291
45.1864928,0.998007893562317,-0.227456515787582,139.023502312739,223.468983082898,136.837020724237
45.4430466,0.997847676277161,-0.1410806648815,109.624022319793,185.613285411368,136.837020724237
45.50735,0.997622966766357,-0.0612113120935737,74.1895868453016,148.455848302967,136.837020724237
45.7114428,0.99747508764267,-0.0648062171774159,69.0837647359181,112.9941868478,136.837020724237
45.7634583,0.997289001941681,-0.0719211735036746,64.8570524068536,80.3056173432992,136.837020724237
45.8168838,0.996833920478821,-0.0520849180215854,50.966534783024,51.5472572940325,110.12011373772
46.244451,0.996543407440186,-0.0739154551468877,51.646891940587,27.9560254117693,110.12011373772
46.2972115,0.996176660060883,-0.0962358949869298,51.9627651908531,10.8486416155301,110.12011373772
46.3488083,0.995677709579468,-0.106016362418084,46.6675517405823,1.6216270315681,110.12011373772
46.5528279,0.995310842990875,-0.112668020578131,43.4452392318331,1.17062054468404,110.12011373772
46.6060557,0.995643734931946,-0.0798094282894395,39.3375815899255,7.83142024008202,126.5814532657
46.8627552,0.995737671852112,0.0390930163737673,0.701556832023246,20.1809029186166,126.5814532657
47.0764895,0.996060431003571,0.0529187611406837,1.74798017575396,37.2109475453099,126.5814532657
47.1282874,0.996327459812164,0.0641731807778689,3.48236647117839,57.9710400014122,126.5814532657
47.1821997,0.996547162532806,0.0727204491490906,5.92509452528646,81.5682730845466,126.5814532657
47.3845876,0.996682822704315,0.0818085976220046,9.06356619223377,107.167346508574,120.215307554505
47.6529277,0.996798276901245,0.0990205390277338,7.23466268958331,133.990566903647,120.215307554505
47.7051497,0.996915698051453,0.0987776365766343,12.0743746027606,161.317847816232,120.215307554505
47.9146649,0.997005343437195,0.0906751906635994,17.6300967951572,188.486709708998,120.215307554505
47.9781281,0.997066795825958,0.0671949744445134,23.1524191210422,214.892279961024,120.215307554505
48.0308891,0.996964156627655,0.0693918905152883,19.7393152641237,239.987292867539,104.938952921066
48.4690401,0.996986865997314,0.042990234677154,27.199477973666,263.282089640211,104.938952921066
48.5208728,0.996991395950317,0.0150370017672973,35.6547830496896,284.344618406795,104.938952921066
48.5730436,0.996908843517303,0.0194903352861968,31.3784496729719,302.800434211518,104.938952921066
48.8035054,0.996853470802307,0.00146258634535309,36.5755242743383,318.332699014798,104.938952921066
48.8540205,0.997030735015869,-0.0170865934779619,41.7310961174435,330.682181693316,144.500975457752
49.1292923,0.99694412946701,-0.0340892154085888,47.2744922284541,339.647258040124,144.500975457752
49.3507416,0.996864914894104,-0.0618955295848347,57.5500599828061,345.08391076452,144.500975457752
49.4015939,0.996771216392517,-0.0891021256239917,67.9572318546158,346.905729492012,144.500975457752
49.4536264,0.996726155281067,-0.070893816581379,60.4149938005254,345.08391076452,144.500975457752
49.660366,0.996697962284088,-0.0803026444400108,64.3697060529453,339.647258040126,115.566931098663
49.9208289,0.996768951416016,-0.0511509546686421,53.1673017408762,330.682181693314,115.566931098663
49.9725744,0.996922492980957,-0.0676193912720821,60.7723331323533,318.332699014796,115.566931098663
50.1970521,0.997060418128967,-0.0867452624142542,69.8388018902599,302.80043421152,115.566931098663
50.2489158,0.997170388698578,-0.102264584623391,77.8250560091401,284.344618406793,115.566931098663
50.3015445,0.99717903137207,-0.0742157377017482,68.1804682204629,263.282089640213,116.071650399797
50.7329195,0.997091829776764,-0.00673620413647135,43.3666194191703,239.987292867541,116.071650399797
50.783903,0.997117221355438,-0.00661869452596061,46.1663028233281,214.892279961022,116.071650399797
50.8355848,0.997100055217743,0.0046412516614489,44.8325888270781,188.486709709,116.071650399797
51.040548,0.997089564800262,0.00160055989550244,49.6531290943378,161.317847816231,116.071650399797
51.0932023,0.99673455953598,0.00159043322561471,53.6728442080751,133.990566903646,66.8519942440815
51.3511146,0.996478676795959,0.064896386903389,25.8179925893584,107.167346508573,66.8519942440815
51.5552968,0.996321141719818,0.0626479884168904,21.9912289447579,81.5682730845471,66.8519942440815
51.6072839,0.996129035949707,0.0569453959216548,19.1609656584188,57.9710400014135,66.8519942440815
51.6594606,0.995917320251465,0.0405333240877615,20.2770350224305,37.2109475453097,66.8519942440815
51.9471151,0.995531857013702,0.0541522130970454,9.12300164244661,20.1809029186415,63.2982822133695
52.2219171,0.995130479335785,0.0575702572729968,1.4515740904817,7.83142024008267,63.2982822133695
52.2744728,0.994700253009796,0.0456268829730101,0.270359020563394,1.17062054465801,62.9780203154978
6.5e-06,0.994345009326935,0.0507109433216218,4.67968763e-17,0,68.0221406576396
0.2665785,0.994343817234039,0.103317026805626,0.0325539354689881,1.0851311822996,68.0221406576396
0.318291,0.994746565818787,0.056737418826129,0.241390683257492,7.2594986845296,68.0221406576396
0.3858873,0.995156526565552,0.0525350474090468,0.779273045336124,18.7071097832835,68.0221406576396
0.5958397,0.995425224304199,0.0625408191881626,1.79326193497374,34.4934656133522,60.2899090273782
0.8501248,0.99570769071579,0.0748312347135224,2.64696774595048,53.7374672446973,60.2899090273782
0.9046542,0.995946109294891,0.0827548694518058,4.91531017791853,75.6114156823668,60.2899090273782
1.1221025,0.996124446392059,0.0945889873798418,5.24844731515327,99.3410118666725,60.2899090273782
1.174899,0.99628359079361,0.0971354439033394,8.97460925132097,124.20535667303,60.2899090273782
1.2272918,0.996700346469879,0.110355965024388,8.33186967219164,149.536950911983,105.218698546721
1.6416052,0.996769070625305,0.112232224643817,9.72815905317292,174.72169532924,105.218698546721
1.6938264,0.996835112571716,0.0883405625750436,15.7041257700824,199.198890605711,105.218698546721
1.7459254,0.996836602687836,0.0835073921248718,14.3334381188946,222.461237357406,105.218698546721
1.959987,0.996852695941925,0.0616781554496361,20.1695119494505,244.054836135564,105.218698546721
2.0123462,0.996566593647003,0.0374407212348633,27.8783563743641,263.579187426427,62.5975292187199
2.2732207,0.996552050113678,0.0110242392931158,36.2991628350712,280.687191651575,62.5975292187199
2.4707463,0.996518611907959,-0.0156860047151115,45.1517173099526,295.085149167628,62.5975292187199
2.5332277,0.996466994285583,-0.0423837555180765,54.3477001178417,306.532760266378,62.5975292187199
2.5852901,0.996318399906158,-0.0368131938112932,50.8411689598676,314.843125174801,62.5975292187199
2.7868771,0.996580541133881,-0.0510259991815698,53.8903899847539,319.88274405503,115.019999352153
3.0543098,0.996385157108307,-0.0346531029896599,46.7366006685864,321.571517004296,115.019999352153
3.1069031,0.996439099311829,-0.0587917892350307,56.3335729909171,319.88274405503,115.019999352153
3.3135146,0.996637225151062,-0.0816578193008624,65.7500262896341,314.843125174799,115.019999352153
3.3646438,0.996808052062988,-0.101626046853583,74.364238274176,306.532760266378,115.019999352153
3.4171348,0.996879637241364,-0.0963013699247773,72.0307083928133,295.085149167628,111.812835848765
3.827889,0.99683541059494,-0.0309004467360924,46.843060488822,280.687191651575,111.812835848765
3.8791775,0.996922492980957,-0.0343820915336733,49.8321617733297,263.579187426424,111.812835848765
3.931312,0.996980845928192,-0.0328279340591484,51.1432974026418,244.054836135557,111.812835848765
4.137508,0.997045755386353,-0.0436929831706818,57.8171345232911,222.461237357406,111.812835848765
4.1905826,0.996935069561005,-0.0500287939523137,63.6697933409351,199.198890605722,87.4571606393266
4.4628363,0.996788442134857,0.0210111041695667,37.9376745612628,174.721695329244,87.4571606393266
4.6606432,0.996734440326691,0.0378521305793066,34.4715778117608,149.536950911986,87.4571606393266
4.7123311,0.996654033660889,0.0554275485080449,31.0418605377213,124.20535667301,87.4571606393266
4.7656894,0.996513962745667,0.0715321479750848,22.4101558857831,99.341011866684,87.4571606393266
4.9797257,0.996237277984619,0.0556723474958819,24.6786028648933,75.6114156823552,65.4035486135991
5.2376369,0.996036171913147,0.0575554435722478,19.1699301636095,53.7374672446989,65.4035486135991
5.2918496,0.995722591876984,0.0817251395749852,4.27364113707151,34.4934656133675,65.4035486135991
5.4895036,0.99546492099762,0.0668194385550809,4.83483809242972,18.7071097833107,65.4035486135991
5.5402044,0.995135486125946,0.0558643124477,3.42581185041688,7.25949868453003,65.4035486135991
5.5932281,0.994835019111633,0.0403892302344896,3.45860448736188,1.08513118226547,73.1761471675714
6.0102104,0.994669497013092,0.0170988501654581,3.42241064921088,1.6216270315681,73.1761471675714
6.0604687,0.995080053806305,-0.0144555612357094,3.18881034071821,10.8486416155301,73.1761471675714
6.1111085,0.995633184909821,0.000105760377196694,2.67677214108965,27.9560254117693,73.1761471675714
6.3081391,0.99607253074646,0.0238935790894584,2.30555553649538,51.5472572940325,73.1761471675714
6.3594771,0.996346533298492,0.0457358424675142,3.45888471263928,80.3056173432992,62.1424693356755
6.6188992,0.996639907360077,0.0601312493424457,5.79920066631996,112.9941868478,62.1424693356755
6.8159821,0.996879100799561,0.0681028246089582,10.2122541184275,148.455848302967,62.1424693356755
6.8678419,0.997065424919128,0.0736627078512389,15.0688001144287,185.613285411368,62.1424693356755
6.920708,0.997189700603485,0.0857975572579949,16.7396661703559,223.468983082932,62.1424693356755
7.1281492,0.997318148612976,0.0794406370767554,24.5595009932761,261.105227434602,64.8783890412796
7.4004829,0.997399628162384,0.0437445071720501,33.490024166998,297.68410579073,64.8783890412796
7.465536,0.997453570365906,0.00674923396662168,43.463449367481,332.447506682767,64.8783890412796
7.6951434,0.99741929769516,0.00505023725881765,39.6944829611728,364.717119849403,64.8783890412796
7.7486544,0.997403621673584,-0.0216870572556045,46.5634732855103,393.894436236565,64.8783890412796
7.8014674,0.997224688529968,-0.0332296352170449,46.5885498911226,419.460747997334,45.9671566888535
8.2245359,0.997178256511688,-0.0699443829982655,58.544932944741,440.977148492035,45.9671566888535
8.2767602,0.997081398963928,-0.109653630461001,72.2063190500083,458.084532288296,45.9671566888535
8.3289642,0.996832370758057,-0.120722584170362,74.7942609791009,470.503595160767,45.9671566888535
8.5313901,0.996568858623505,-0.143871268749608,82.7995460300859,478.034834091469,45.9671566888535
8.5832526,0.996177613735199,-0.160465346197443,88.8523194448083,480.558547269531,36.8010302473183
8.8543199,0.99592262506485,-0.118397936008655,71.5867236788629,478.034834091469,36.8010302473183
9.0501026,0.996126234531403,-0.151211605406381,85.1316331535619,470.503595160767,36.8010302473183
9.1032364,0.996303379535675,-0.183083722568736,98.813988055259,458.084532288296,36.8010302473183
9.1566524,0.996451139450073,-0.212544895097082,112.04338151002,440.977148492035,36.8010302473183
9.3946548,0.996552050113678,-0.239904244349323,124.516713476,419.460747997334,34.452044463351
9.6526307,0.996641516685486,-0.263296024183935,136.3335465175,393.894436236565,34.452044463351
9.7066296,0.996372699737549,-0.143594621952278,90.8184909136278,364.717119849403,34.452044463351
9.9074208,0.996335089206696,-0.131167791547312,89.2287779834867,332.447506682797,34.452044463351
9.9712135,0.99628210067749,-0.122819641736155,89.7784566042743,297.684105790734,34.452044463351
10.0237635,0.996128916740417,-0.0673579759180713,72.4013658376749,261.105227434602,40.3550616524217
10.447505,0.995979487895966,-0.0461511124870595,68.7964343359698,223.468983082898,40.3550616524217
10.4997347,0.995851695537567,-0.0463178889237382,74.352123884591,185.613285411368,40.3550616524217
10.5536724,0.995672106742859,-0.0651989209591289,78.8057993336801,148.455848302967,40.3550616524217
10.7819677,0.995432436466217,-0.0897205270631764,82.1236781031288,112.9941868478,40.3550616524217
10.8338734,0.995046854019165,-0.111674087845864,83.7217130937677,80.3056173432992,33.4532988785165
11.0982879,0.994210004806519,-0.0183674714588766,38.2861590251097,51.5472572940325,33.4532988785165
11.3076191,0.993597507476807,-0.0238913323758874,32.3491714320645,27.9560254117674,33.4532988785165
11.3593277,0.992844462394714,-0.0316582094557411,26.7328810607867,10.8486416155339,33.4532988785165
11.4129884,0.99198579788208,-0.0547705697684402,26.7814943955801,1.6216270315662,33.4532988785165
11.6151041,0.99146032333374,-0.0347647290074499,9.40271535302878,1.6216270315662,49.1298080283105
11.88496,0.99207329750061,-0.0338012304597153,9.07726410596175,10.8486416155339,49.1298080283105
11.9374826,0.992907702922821,0.00369560254143045,2.84935435382948,27.9560254117674,49.1298080283105
12.1459335,0.993623018264771,0.0319793431694456,0.69650338216652,51.5472572940325,49.1298080283105
12.1967367,0.994256317615509,0.0446282954472678,4.31953033429419,80.3056173432992,49.1298080283105
12.2488954,0.995089530944824,0.0547767457554984,8.18420066631995,112.9941868478,79.5415440579868
12.6620383,0.995437741279602,0.0784502771590909,6.32130326942224,148.455848302967,79.5415440579868
12.7140995,0.995758771896362,0.0860822428505333,10.3542309504464,185.613285411368,79.5415440579868
12.7673072,0.996032655239105,0.086616654370881,16.726344170238,223.468983082932,79.5415440579868
12.9694463,0.996261298656464,0.0751267030794997,24.5433739945648,261.105227434602,79.5415440579868
13.0214663,0.996746480464935,0.0367045888972783,32.9157922663737,297.68410579073,122.193427551396
13.2966524,0.996801674365997,0.0398250333533145,26.737086367481,332.447506682767,122.193427551396
13.4938704,0.996917963027954,0.00172117035505086,37.6789629629631,364.717119849403,122.193427551396
13.5465509,0.997009336948395,-0.0372335637587507,49.49579605006,393.894436236565,122.193427551396
13.5992283,0.997042059898376,-0.0587265721464193,54.7814811976035,419.460747997334,122.193427551396
13.815884,0.997123301029205,-0.0875858519743356,63.762119649212,440.977148492035,131.007795865095
14.0752333,0.997039079666138,-0.0697207208567814,54.1789273546987,458.084532288296,131.007795865095
14.1282833,0.997038066387177,-0.102238170430451,65.487576768213,470.503595160767,131.007795865095
14.330368,0.997034072875977,-0.140925910525226,79.801265808813,478.034834091469,131.007795865095
14.3807573,0.99701189994812,-0.177395817548104,93.7391453006424,480.558547269531,131.007795865095
14.4346033,0.997099280357361,-0.178769311034361,93.2467807460941,478.034834091469,130.118208093203
14.8832669,0.997270405292511,-0.12720213348288,72.6935261374151,470.503595160767,130.118208093203
14.9347545,0.997478604316711,-0.142084109504571,79.5103455048968,458.084532288296,130.118208093203
14.9997478,0.997619926929474,-0.150360579393613,84.1878955101141,440.977148492035,130.118208093203
15.2030426,0.997766494750977,-0.176930465388211,96.76920394994,419.460747997334,130.118208093203
15.2541142,0.997750103473663,-0.199617675798579,108.579762038493,393.894436236565,100.484459640629
15.5126604,0.997753977775574,-0.157760134455167,94.5588358878808,364.717119849403,100.484459640629
15.7164871,0.997802495956421,-0.158387078571506,98.2180045163066,332.447506682797,100.484459640629
15.767872,0.997819542884827,-0.151791820274935,99.4897633590206,297.684105790734,100.484459640629
15.8213843,0.997704088687897,-0.0725254507604242,71.9048666766222,261.105227434602,100.484459640629
16.0264685,0.997702419757843,-0.0518432909645601,69.4195191768894,223.468983082898,109.969258246763
16.2999893,0.997607111930847,-0.0193319007697863,61.767847884591,185.613285411368,109.969258246763
16.3532945,0.997528970241547,-0.0381624933103386,66.22179933368,148.455848302967,109.969258246763
16.5574537,0.9974125623703,-0.0628187250672173,69.611624939114,112.9941868478,109.969258246763
16.6070385,0.997252702713013,-0.0863586211967724,72.020793459413,80.3056173432992,109.969258246763
16.6602052,0.997033298015594,-0.0903229392718775,64.563435976882,51.5472572940325,115.866267613042
17.0697392,0.996605098247528,-0.0431004176875389,37.2942642739236,27.9560254117693,115.866267613042
17.122144,0.996199727058411,-0.0478374479088871,30.5162643096596,10.8486416155301,115.866267613042
17.1738933,0.99559623003006,-0.0212460770651999,10.5113492977013,1.6216270315681,115.866267613042
17.3811718,0.995216846466064,-0.0180896424519558,8.71638457502476,0.351352523499789,115.866267613042
17.4445334,0.994648396968842,0.0632251033272055,8.55824486045045,2.35053901670028,69.9332474282535
17.7136754,0.994785785675049,0.0887798613936396,8.56203320198356,6.05713883923329,69.9332474282535
17.9556675,0.994904696941376,0.093777089302779,8.54705315867231,11.1685724137004,69.9332474282535
18.0085636,0.995003163814545,0.0994080250132172,8.16038987821282,17.3995504243663,69.9332474282535
18.0613912,0.995034396648407,0.119994233340199,1.61793042630013,24.4820738170328,69.9332474282535
18.2888366,0.995133697986603,0.12244768696033,2.5562398279163,32.1654337989671,72.0011648484613
18.5428508,0.995199263095856,0.12328466755697,3.762726180179,40.2162118391336,72.0011648484613
18.5958808,0.995223820209503,0.13216126583986,1.60474664441789,48.4182796679666,72.0011648484613
18.7981249,0.995264887809753,0.130030646637475,3.14928954854301,56.5727992775,72.0011648484613
18.8510385,0.99529641866684,0.122300456317404,5.084236236183,64.4982229213331,72.0011648484613
18.9037582,0.995431303977966,0.127726377489772,2.60321663207208,72.0302931145999,87.6705776173543
19.3245131,0.995439112186432,0.120601816900217,4.531975308642,79.0220426340336,87.6705776173543
19.3764905,0.99544084072113,0.112341619455655,7.01749015080808,85.3437945179332,87.6705776173543
19.4281544,0.995400249958038,0.114776191785151,5.28678400616201,90.8831620660668,87.6705776173543
19.6809003,0.995385885238647,0.10613637544588,8.153135471361,95.5450488399663,87.6705776173543
19.7336568,0.995386004447937,0.0936110884385768,11.1049829327418,99.2516486624335,90.0165959869266
19.9926857,0.995293200016022,0.105123168564223,6.035958299779,101.942445618167,90.0165959869266
20.2099533,0.995256423950195,0.0969785459187243,9.04376773454009,103.574214053163,90.0165959869266
20.2613474,0.995205879211426,0.0914105013964683,11.1143983527814,104.121018575073,90.0165959869266
20.3143134,0.995189845561981,0.0956739407913677,9.33805570022061,103.57421405315,90.0165959869266
20.5225343,0.995359003543854,0.0887551088338413,12.3962910687655,101.942445618163,98.390322879022
20.7936043,0.995359659194946,0.106946334784273,5.24039376871703,99.2516486624633,98.390322879022
20.8459542,0.995414078235626,0.106154098188376,5.84421599383769,95.5450488399431,98.390322879022
21.0527095,0.995476424694061,0.100466152022598,8.54523895669129,90.88316206609,98.390322879022
21.1048853,0.995525300502777,0.0966364622195416,10.6102679584635,85.34379451792,98.390322879022
21.1572996,0.995137393474579,0.109304640125038,7.65755717037921,79.0220426340402,57.90987245343
21.5635697,0.99517148733139,0.105897370832202,9.8184659638172,72.0302931145999,57.90987245343
21.615472,0.995192885398865,0.103224547848537,11.753412651457,64.4982229213265,57.90987245343
21.666919,0.995201349258423,0.101417726092816,13.4505966297819,56.5727992774967,57.90987245343
21.8712452,0.995196342468262,0.100490848035527,14.9031450198208,48.4182796679633,57.90987245343
21.9240506,0.995169341564178,0.101066246122227,16.1096313749947,40.2162118391303,57.1259905052646
22.1945909,0.995054841041565,0.121242494414727,7.255723188964,32.1654337989765,57.1259905052646
22.3951432,0.995005071163177,0.116008060972947,7.9525426072179,24.4820738170233,57.1259905052646
22.4456891,0.994930446147919,0.113620774762451,7.37213749238704,17.3995504243834,57.1259905052646
22.509948,0.994848906993866,0.10868892176322,7.70719455715048,11.1685724137066,57.1259905052646
22.7207071,0.994721651077271,0.115613466744841,1.7729432537939,6.05713883921671,59.4411196004589
22.9769771,0.994605243206024,0.110769354493491,1.84345942429491,2.35053901670028,59.4411196004589
23.0287713,0.994453907012939,0.110331944756508,0.0109999999999957,0.351352523503105,59.4411196004589
23.2388455,0.994302749633789,0.105525824336195,0.0181012757052059,0.351352523506894,59.4411196004589
23.2898308,0.994463562965393,0.105415038669255,0.0811567462062044,2.35053901669981,59.4411196004589
23.3434637,0.994864165782928,0.112745300457851,0.262870911382706,6.05713883921671,83.0767045585879
23.7614601,0.994984149932861,0.116954758619719,0.597928083793803,11.1685724137033,83.0767045585879
23.8138138,0.995088577270508,0.120336090712945,1.11991459652531,17.3995504243834,83.0767045585879
23.8666161,0.995173692703247,0.124386526531058,1.256276811036,24.4820738170233,83.0767045585879
24.0757737,0.995250105857849,0.126160771300316,2.1960398250053,32.1654337989765,83.0767045585879
24.1296051,0.99536269903183,0.128426478719533,2.94062029599644,40.21621183913,88.4937187726083
24.3895483,0.995414257049561,0.128377086786528,4.39316868080556,48.4182796679633,88.4937187726083
24.5976344,0.995448768138885,0.127873051519655,5.28407444995148,56.5727992775,88.4937187726083
24.6485719,0.995474696159363,0.121531557525806,6.65739102533866,64.4982229213234,88.4937187726083
24.7036452,0.995495200157166,0.113518397348477,8.81829977242435,72.0302931145999,88.4937187726083
24.9460428,0.995540976524353,0.112326339060994,8.00147534793782,79.0220426340402,94.8433486666199
25.225087,0.995500802993774,0.117809998053926,4.9312930441796,85.34379451792,94.8433486666199
25.2774526,0.995494723320007,0.109240248153448,7.65778790616231,90.88316206609,94.8433486666199
25.4947116,0.995480537414551,0.100590185773481,10.5241393713606,95.5450488399433,94.8433486666199
25.5449305,0.995452880859375,0.0938919567814262,12.713462600145,99.2516486624633,94.8433486666199
25.5977448,0.99504029750824,0.102947865147177,8.90258689977939,101.942445618163,61.4145086758193
26.0126661,0.995002269744873,0.0946538133084592,12.0091847213739,103.57421405315,61.4145086758193
26.0641645,0.994958102703094,0.0864826172179937,15.1328152786261,104.121018575073,61.4145086758193
26.116838,0.994907557964325,0.100492650309908,9.4111001951503,103.57421405315,61.4145086758193
26.3196743,0.995000958442688,0.093075722854356,12.4693659127373,101.942445618163,61.4145086758193
26.3702341,0.994669795036316,0.0940123223306291,12.2818031300028,99.2516486624634,24.6149666323707
26.6397056,0.994751989841461,0.0877539815757082,15.1331971938377,95.5450488399433,24.6149666323707
26.8356624,0.994822382926941,0.0823248730010955,17.7330518323979,90.88316206609,24.6149666323707
26.8879207,0.994882583618164,0.0772712127689497,20.2933656582741,85.34379451792,24.6149666323707
26.9398904,0.994817435741425,0.105493434050916,9.51145318609722,79.02204263404,24.6149666323707
27.1399694,0.995264768600464,0.106868792123947,10.1272321407861,72.0302931145997,66.1710226414622
27.39748,0.995283424854279,0.10508416387235,11.753541451457,64.4982229213264,66.1710226414622
27.451942,0.99521678686142,0.126485837397322,4.06131570902811,56.572799277498,66.1710226414622
27.7150219,0.995196104049683,0.130362036119824,3.57735411697778,48.418279667963,66.1710226414622
27.7678951,0.995173573493958,0.131366484629419,4.3606722654214,40.2162118391313,66.1710226414622
27.8205817,0.995281338691711,0.123397296994704,5.32034142896396,32.1654337989737,80.4644250215241
28.2513303,0.995191335678101,0.13121882828923,0.73384348347473,24.4820738170257,80.4644250215241
28.3044241,0.995128571987152,0.126120234133117,1.25616974620624,17.3995504243837,80.4644250215241
28.3578221,0.995050251483917,0.12118674828725,1.59122908861737,11.1685724137042,80.4644250215241
28.5769545,0.9949551820755,0.116477314923048,1.72011265487549,6.0571388392167,80.4644250215241
28.6286901,0.995143115520477,0.112751315851701,1.79062882533391,2.35053901670075,109.400256913111
28.8857463,0.995009243488312,0.11159104528927,0.263,0.35135252350358,109.400256913111
29.1048634,0.994898736476898,0.101096510584174,0.268390314410388,0.70270504701294,109.400256913111
29.155375,0.995158612728119,0.0801901779847429,0.213097469012385,4.70107803339989,109.400256913111
29.2088796,0.99540650844574,0.0832691759838475,0.52554182276548,12.1142776784308,109.400256913111
29.4354323,0.995590925216675,0.0917372324173214,1.10249168057513,22.3371448274094,106.401870568205
29.710186,0.99577271938324,0.0984832311474377,2.14646470521729,34.7991008487643,106.401870568205
29.7630117,0.995911657810211,0.108929872390657,1.46855337207206,48.9641476340513,106.401870568205
30.0139833,0.996040225028992,0.112435634658863,3.361543830564,64.330867597949,106.401870568205
30.0662468,0.996140420436859,0.116340591934719,4.86502621909719,80.4324236782636,106.401870568205
30.132746,0.995971322059631,0.11461809765654,7.770122992169,96.8365593359287,74.8342938100228
30.555437,0.995991051197052,0.128623859734523,3.49647645029681,113.145598554993,74.8342938100228
30.6071781,0.996043503284454,0.113399055376272,7.2636695723656,128.99644584265,74.8342938100228
30.6610752,0.99607926607132,0.0973725647202483,11.5856280592416,144.0605862292,74.8342938100228
30.8720536,0.996098399162292,0.0809264308117854,16.3020742191099,158.044085268077,74.8342938100228
30.9230919,0.996024787425995,0.0642548953713845,20.6674207645506,170.687589035843,65.9325325026851
31.1918102,0.995940804481506,0.0738268382187735,15.3145680123245,181.766324132177,65.9325325026851
31.3933704,0.995915055274963,0.0566413559212054,21.0103091483886,191.090097679893,65.9325325026851
31.4456877,0.995870769023895,0.0411894979864325,26.2213989811125,198.50329732492,65.9325325026851
31.4987905,0.995732128620148,0.0541452710766443,20.1662635368301,203.884891236333,65.9325325026851
31.7035906,0.995654344558716,0.0435406729737348,24.5287522122165,207.1484281063,66.083160247206
31.9610193,0.995573163032532,0.0284668596223642,30.2656305572522,208.242037150143,66.083160247206
32.0142876,0.995570063591003,0.0281883340179242,30.2736832042258,207.1484281063,66.083160247206
32.2219594,0.995696008205414,0.0254465445918559,31.4948683385726,203.88489123633,66.083160247206
32.2740827,0.995804488658905,0.0245704638406402,32.2044897320108,198.50329732492,66.083160247206
32.3264745,0.995988786220551,0.0117912932709187,37.9371023172326,191.090097679893,72.7308675212224
32.7755993,0.996005117893219,0.0347764529761824,29.4713143116408,181.766324132177,72.7308675212224
32.839324,0.99609649181366,0.0250336699582787,34.4296421255829,170.68758903584,72.7308675212224
32.8916164,0.996092557907104,0.045717793376765,27.3350008508937,158.044085268067,72.7308675212224
33.1018117,0.996106684207916,0.05408465946798,25.4321719119245,144.0605862292,72.7308675212224
33.1543992,0.996105134487152,0.0581437349882903,24.5890059775741,128.996445842667,72.051500794896
33.417962,0.996075809001923,0.0706813727990411,21.448450859564,113.145598555,72.051500794896
33.6284173,0.996067464351654,0.0688323373727755,24.353547639642,96.8365593359332,72.051500794896
33.6794608,0.996030747890472,0.0707104932672031,25.971006048086,80.4324236782331,72.051500794896
33.7306761,0.995883285999298,0.0957671995175227,14.4581766889145,64.3308675979668,72.051500794896
33.9296758,0.995736598968506,0.097597597661998,11.1457263744347,48.9641476340334,68.6376116473678
34.1997219,0.995606660842896,0.0934023483294863,9.761343832412,34.7991008487668,68.6376116473678
34.2516825,0.995422959327698,0.0968139846263672,5.06277130389453,22.337144827433,68.6376116473678
34.45471,0.995223820209503,0.0940917576773117,2.61714638574702,12.1142776784334,68.6376116473678
34.5056459,0.994999349117279,0.0877835377544823,1.38845097813016,4.70107803340056,68.6376116473678
34.5576599,0.994855880737305,0.0782495478592305,1.196,0.702705046999578,78.9469983993569
34.9723257,0.994783163070679,0.0566648913944707,0.0486488109470429,1.6216270315681,78.9469983993569
35.0259587,0.995238423347473,0.000812053504160572,0.352257059412977,10.8486416155301,78.9469983993569
35.0792697,0.995783269405365,0.00589251528805738,1.16378882176605,27.9560254117693,78.9469983993569
35.3043345,0.996219098567963,0.0251901336260567,2.60497054362833,51.5472572940325,78.9469983993569
35.3557159,0.996294021606445,0.0475269345877951,4.25522806831885,80.3056173432992,42.2286505031
35.6256109,0.996595799922943,0.0600063781639788,7.34520066632001,112.9941868478,42.2286505031
35.8408514,0.996838331222534,0.0679477775525322,11.7714591169214,148.455848302967,42.2286505031
35.8924136,0.997027456760406,0.0732937570945108,16.714796181467,185.613285411368,42.2286505031
35.9455141,0.997146427631378,0.0890098761386655,16.9396782314439,223.468983082932,42.2286505031
36.1500107,0.997387230396271,0.0756643906781835,24.560500993276,261.105227434602,65.0981636599934
36.4096601,0.997466683387756,0.0400044433196111,33.490024166998,297.68410579073,65.0981636599934
36.4629934,0.997493028640747,0.0184185702528326,37.2399985089154,332.447506682767,65.0981636599934
36.6645899,0.997503161430359,-0.00891174231451753,43.8273982825515,364.717119849403,65.0981636599934
36.7150703,0.997484683990479,-0.0337084067425808,49.909046601855,393.894436236565,65.0981636599934
36.7687972,0.997294723987579,-0.0352716006048512,46.9241909278976,419.460747997334,45.6639185582236
37.2167439,0.997247815132141,-0.0711522391102249,58.544932944741,440.977148492035,45.6639185582236
37.2675223,0.997186183929443,-0.110840207714776,72.2063190500083,458.084532288296,45.6639185582236
37.3208759,0.997042298316956,-0.119666419842366,73.9097221197303,470.503595160767,45.6639185582236
37.5298097,0.996905088424683,-0.143626284408441,82.2604745642965,478.034834091469,45.6639185582236
37.58174,0.996695995330811,-0.158637767347122,87.7703187323869,480.558547269531,45.3202355478249
37.8536952,0.996486604213715,-0.118785321175584,71.3882332331393,478.034834091469,45.3202355478249
38.0569792,0.99666953086853,-0.152011360707148,85.0941570958144,470.503595160767,45.3202355478249
38.1098314,0.99682891368866,-0.183982673524306,98.814067055259,458.084532288296,45.3202355478249
38.1616051,0.99696296453476,-0.213448979094453,112.04338151002,440.977148492035,45.3202355478249
38.3817936,0.99698793888092,-0.239173688986514,124.442922413615,419.460747997334,31.8322989418081
38.6511434,0.996976912021637,-0.214612583990644,116.881740137635,393.894436236565,31.8322989418081
38.7033052,0.996831595897675,-0.137366224241069,88.532904034881,364.717119849403,31.8322989418081
38.91207,0.996770560741425,-0.130625678424761,89.2190019199137,332.447506682797,31.8322989418081
38.9645056,0.996688306331635,-0.122295166114215,89.7715500951974,297.684105790734,31.8322989418081
39.017392,0.996514558792114,-0.0696403186762631,73.4011410957093,261.105227434602,36.0871903160542
39.4247138,0.996347188949585,-0.0460709993522571,68.8402575896079,223.468983082898,36.0871903160542
39.4771522,0.996208488941193,-0.0461303100884568,74.352076884591,185.613285411368,36.0871903160542
39.5288329,0.996026217937469,-0.0650097955318754,78.8057993336801,148.455848302967,36.0871903160542
39.7349329,0.995792031288147,-0.0896143569526117,82.1588339812458,112.9941868478,36.0871903160542
39.7868258,0.995437860488892,-0.110620598760861,83.4882061247673,80.3056173432992,30.6517772089285
40.0612324,0.994622111320496,-0.00723568415865928,33.9837605377029,51.5472572940325,30.6517772089285
40.2965172,0.994040071964264,-0.010739089144523,27.2356201912512,27.9560254117674,30.6517772089285
40.3597948,0.993402719497681,-0.0331575745099163,27.5608388580011,10.8486416155339,30.6517772089285
40.4115891,0.992389798164368,-0.0129943730527381,10.0808864560857,1.6216270315662,30.6517772089285
40.6126681,0.991864621639252,-0.0409307946182567,10.0322405278035,1.6216270315662,30.6517772089285
40.9304034,0.992451071739197,-0.0399674152572511,9.70680130752338,10.8486416155339,30.6517772089285
40.9832807,0.993312120437622,-0.0158230591052975,8.86817893094283,27.9560254117674,30.6517772089285
41.192112,0.994001924991608,0.0109667198952873,7.32190393540213,51.5472572940325,30.6517772089285
41.2422302,0.994555652141571,0.0385434620386879,4.91313677318107,80.3056173432992,30.6517772089285
41.2944032,0.995000004768372,-0.0193038121984742,1.52602325122942,112.9941868478,30.6517772089285
41.7755663,0.995400965213776,-0.00384509196818955,2.93362750889533,148.455848302967,30.6517772089285
41.8274843,0.99576073884964,4.00344681561749e-06,8.5006876461425,185.613285411368,30.6517772089285
41.880318,0.996075928211212,-0.0040395568701702,16.726344170238,223.468983082932,30.6517772089285
42.089591,0.996335089206696,-0.0154410970314809,24.5126730029374,261.105227434602,30.6517772089285
42.140934,0.99713408946991,0.0357680767526806,32.98387702282,297.68410579073,119.640687507434
42.4000963,0.997217655181885,0.0391512527390807,26.737086367481,332.447506682767,119.640687507434
42.6035509,0.997315764427185,0.00105590128409095,37.6789629629631,364.717119849403,119.640687507434
42.6553222,0.997388303279877,-0.0379042866547075,49.49579605006,393.894436236565,119.640687507434
42.7071347,0.99741142988205,-0.0600521455219594,55.0436656180159,419.460747997334,119.640687507434
42.9220583,0.997510850429535,-0.0885791181755681,63.7555411155189,440.977148492035,135.295453908331
43.1927097,0.997431576251984,-0.0702128222620386,53.9733508900982,458.084532288296,135.295453908331
43.245482,0.997426688671112,-0.103243112467819,65.487576768213,470.503595160767,135.295453908331
43.4506613,0.997418880462646,-0.141954043766802,79.8101767988967,478.034834091469,135.295453908331
43.50171,0.99733304977417,-0.178605932668563,93.8065880501819,480.558547269531,135.295453908331
43.5541299,0.997343480587006,-0.189516305776664,97.4133257319061,478.034834091469,135.03425936369
43.9645239,0.997422635555267,-0.14237815981743,78.6394467515314,470.503595160767,135.03425936369
44.0161283,0.997591495513916,-0.157275019935576,85.4511343418326,458.084532288296,135.03425936369
44.0691078,0.997705161571503,-0.151853678189159,84.59195104889,440.977148492035,135.03425936369
44.2738646,0.997844994068146,-0.177437445267978,96.7716569500219,419.460747997334,135.03425936369
44.3265329,0.997686266899109,-0.196010474982826,108.586037037037,393.894436236565,74.5978694724969
44.5950693,0.997785329818726,-0.215920217006998,119.527550632519,364.717119849403,74.5978694724969
44.8033689,0.997856140136719,-0.232113134870495,129.484690846604,332.447506682797,74.5978694724969
44.8568103,0.997900068759918,-0.244475204732313,138.415214019449,297.684105790734,74.5978694724969
44.9099835,0.997883021831512,-0.229113925219865,136.665984213577,261.105227434602,74.5978694724969
45.1133944,0.998069167137146,-0.22688657528794,139.004202943965,223.468983082898,124.957865909939
45.3739949,0.997909009456635,-0.136955666584618,108.169851971618,185.613285411368,124.957865909939
45.4398266,0.997686088085175,-0.0541703319991003,71.5582007849381,148.455848302967,124.957865909939
45.6486698,0.997543454170227,-0.0585963213558172,66.7890728262628,112.9941868478,124.957865909939
45.7003041,0.997363805770874,-0.0665326209897159,62.89499069612,80.3056173432992,124.957865909939
45.7514445,0.996845006942749,-0.0511092963738577,50.8658855865619,51.5472572940325,84.9045782342838
46.1785986,0.996556222438812,-0.0731689006080396,51.646891940587,27.9560254117693,84.9045782342838
46.2314494,0.99619072675705,-0.0954752021117679,51.957149194481,10.8486416155301,84.9045782342838
46.2852665,0.995686531066895,-0.102872430255591,45.6980234977373,1.6216270315681,84.9045782342838
46.498346,0.995332419872284,-0.10819083032177,42.502259035773,1.08513118229095,84.9045782342838
46.5488053,0.99571281671524,-0.0693909123564111,38.1765135141853,7.25949868453003,111.658682978589
46.8098118,0.996041357517242,-0.0448816213159073,37.7628239486404,18.7071097832852,111.658682978589
47.0588813,0.996082842350006,0.0599856428003199,1.58649419023568,34.4934656133675,111.658682978589
47.1112178,0.996329545974731,0.0703544486648053,3.18872840640159,53.7374672446989,111.658682978589
47.1624284,0.996515274047852,0.085992612732467,2.33716562908221,75.6114156823552,111.658682978589
47.3718285,0.996337652206421,0.0980847232337099,5.24844855839333,99.341011866684,63.7635112486496
47.6435801,0.996488034725189,0.100630968260375,8.97460925132069,124.20535667301,63.7635112486496
47.6955008,0.996566951274872,0.117980423037767,6.3684893249641,149.536950911986,63.7635112486496
47.935731,0.996651172637939,0.11414024054748,10.032476344895,174.721695329244,63.7635112486496
47.9989245,0.996717929840088,0.09098581827417,15.7125806734826,199.198890605722,63.7635112486496
48.0507916,0.996806263923645,0.0613404118855437,22.3779628901923,222.461237357406,70.1774830968926
48.5252957,0.996763944625854,0.066359577197858,17.3713692969692,244.054836135557,70.1774830968926
48.5772852,0.99674779176712,0.0499168215039459,21.3836935581355,263.579187426424,70.1774830968926
48.6298631,0.996699810028076,0.038640521715645,23.6492115398503,280.687191651575,70.1774830968926
48.8363981,0.996667802333832,0.0119411674763961,32.5017660145647,295.085149167626,70.1774830968926
48.8885481,0.996761083602905,-0.0145222716756617,41.6977488223709,306.53276026638,91.0084178789195
49.1601444,0.996521174907684,0.0355417773518989,20.2051000349823,314.843125174801,91.0084178789195
49.3633704,0.996413707733154,0.019632204895454,25.7568553387931,319.88274405503,91.0084178789195
49.4149406,0.996296584606171,0.00155084602704774,32.5179070508644,321.571517004296,91.0084178789195
49.467175,0.996328353881836,-0.0131290136824923,38.2853773004955,319.88274405503,91.0084178789195
49.6711876,0.996476888656616,-0.0339422670787414,47.730671054675,314.843125174799,83.2851988105508
49.9275138,0.996659159660339,-0.0553659060368374,56.9266538619693,306.532760266378,83.2851988105508
49.9805455,0.996604442596436,0.019629884499786,27.5243233273586,295.085149167628,83.2851988105508
50.1857348,0.996745705604553,0.00183547012517027,35.9444284807066,280.687191651575,83.2851988105508
50.2357211,0.996827244758606,0.00209857998342245,37.4329383242287,263.579187426424,83.2851988105508
50.2889402,0.996930778026581,-0.00243191071881073,41.6981868237811,244.054836135566,87.6710300533732
50.7671875,0.996914386749268,0.0265738962032223,32.2713727025284,222.461237357406,87.6710300533732
50.818768,0.996925175189972,0.0334418150625435,32.1291194309741,199.198890605713,87.6710300533732
50.8721721,0.996851742267609,0.0704663062610885,20.1400184008583,174.72169532924,87.6710300533732
51.0821847,0.996833384037018,0.0713320656281131,23.1254256103386,149.536950911982,87.6710300533732
51.1345792,0.996534705162048,0.0745553345361664,26.1691541657022,124.205356673029,50.5985980646571
51.3937502,0.996459126472473,0.0621725372628785,29.0843775172641,99.3410118666714,50.5985980646571
51.5992163,0.996347844600677,0.0459175539151955,31.248898325905,75.6114156823673,50.5985980646571
51.6503218,0.996198534965515,0.0301501633030336,32.8610223373739,53.737467244699,50.5985980646571
51.7031518,0.995869159698486,0.0644860587144109,13.8489321844761,34.4934656133517,50.5985980646571
51.9164494,0.995484888553619,0.0575101521079939,10.1733057767838,18.7071097833107,39.3138521596043
52.1862387,0.99513190984726,0.05417999674185,5.69450971015778,7.25949868453064,39.3138521596043
52.2385193,0.994708180427551,0.0526937778483391,0.481366435296373,1.08513118227038,39.9608770771098
4.7e-06,0.994433641433716,0.0585739799995148,1.58279965e-16,0,49.4708105810768
0.2698764,0.99443107843399,0.107615069735361,0.0296363154370215,0.987877181234053,49.4708105810768
0.3211571,0.994793355464935,0.0655412219809869,0.213759997930227,6.60887200976867,49.4708105810768
0.3906834,0.995164692401886,0.0616990465941907,0.7095436133901,17.0305002594575,49.4708105810768
0.6087312,0.995851933956146,0.0702937273824008,1.59665407334472,31.4020167670551,91.4964788288925
0.8669455,0.996086061000824,0.0815253670089308,2.4102125944462,48.9212903786627,91.4964788288925
0.9206271,0.996269643306732,0.0946168428606898,2.09859534304135,68.8348039496335,91.4964788288925
1.1326008,0.996433973312378,0.0994132214564533,4.81172495305586,90.4376543447702,91.4964788288925
1.1836493,0.996567368507385,0.101815094506378,8.17039317305872,113.073552438146,91.4964788288925
1.2373174,0.99672520160675,0.113248112823364,7.36815516044425,136.134823113133,102.978500125837
1.6548155,0.996788442134857,0.114352516118632,8.85626640307807,159.062405262448,102.978500125837
1.7070179,0.996847927570343,0.0927815381728571,14.2242663720144,181.34585178818,102.978500125837
1.7583856,0.996887862682343,0.0702473832403096,20.299966255093,202.523329601686,102.978500125837
1.9697527,0.996863961219788,0.068436638477783,18.3173648591399,222.18161962374,102.978500125837
2.0207823,0.996600449085236,0.0462814300076751,25.3799573526097,239.956116784268,63.4263197299426
2.2798483,0.99658739566803,0.0222339611679844,33.0458822527299,255.530830022742,63.4263197299426
2.5029651,0.996556520462036,-0.00178883580583754,40.9863482435634,268.638382287814,63.4263197299426
2.5718712,0.996505320072174,-0.0241069052951059,48.5547494190475,279.060010537502,63.4263197299426
2.6246807,0.996368050575256,-0.0175048931532477,44.7443272827937,286.625565739163,63.4263197299426
2.8305512,0.996588468551636,-0.0282951449943496,46.7372262885404,291.213512869516,109.542084679242
3.0986977,0.99642539024353,-0.0191409588093056,42.5486738426342,292.750930914519,109.542084679242
3.1509077,0.996474027633667,-0.0411195535408387,51.2850730998798,291.213512869516,109.542084679242
3.3980995,0.996653079986572,-0.0619569888326026,59.8659093460913,286.625565739165,109.542084679242
3.449425,0.99680894613266,-0.0804359765848534,67.8292374576274,279.0600105375,109.542084679242
3.5017588,0.996917068958282,-0.0977212196659994,75.8883885885294,268.638382287812,105.016186828874
3.9741996,0.997034072875977,-0.113904481521147,83.5543132284187,255.530830022743,105.016186828874
4.0259786,0.997130215167999,-0.128137834538311,90.7529965271614,239.956116784268,105.016186828874
4.0795212,0.996955752372742,-0.0144389097582916,46.5596067817874,222.18161962374,105.016186828874
4.2830662,0.997015416622162,-0.024250119597977,52.6176717522474,202.523329601687,105.016186828874
4.3338264,0.996910333633423,-0.0334075415188517,58.058047305196,181.345851788178,82.227721567349
4.6005657,0.996742904186249,0.0462950557742733,28.554629851016,159.06240526245,82.227721567349
4.8027392,0.996703147888184,0.0571682110053726,27.2061736765066,136.134823113132,82.227721567349
4.8539201,0.99664443731308,0.0665570472662631,26.7562781554198,113.073552438146,82.227721567349
4.907764,0.996560990810394,0.0624736798278953,26.4772601446295,90.4376543447684,82.227721567349
5.1211289,0.996380627155304,0.0479470162172101,28.4282981747929,68.8348039496352,71.1538955186063
5.3800443,0.99616527557373,0.064908708460844,17.2390837932852,48.9212903786621,71.1538955186063
5.4342191,0.995896518230438,0.0845880700717159,4.62444727996258,31.4020167670551,71.1538955186063
5.643454,0.995671033859253,0.0713893656746871,4.98565956824251,17.0305002594866,71.1538955186063
5.6954499,0.995397090911865,0.0577615520101041,5.18401748977567,6.60887200977084,71.1538955186063
5.7494678,0.99495941400528,0.0577789979402274,0.760325770385048,0.987877181202647,64.3129208889726
6.1717048,0.994848847389221,0.0360138852437771,0.029808788655414,1.6216270315681,64.3129208889726
6.2218978,0.995233535766602,-0.00275353540606714,0.346504504094588,10.8486416155301,64.3129208889726
6.274112,0.995779037475586,0.00692744365580481,1.16378882176605,27.9560254117693,64.3129208889726
6.480358,0.99621570110321,0.0260325670761697,2.68279054059893,51.5472572940325,64.3129208889726
6.532739,0.996402680873871,0.0433536458448406,4.58780907133042,80.3056173432992,42.1968776711577
6.7915482,0.996697306632996,0.055124234569078,7.97763467232642,112.9941868478,42.1968776711577
6.986986,0.996932744979858,0.0629956004308181,12.4313101192636,148.455848302967,42.1968776711577
7.0380117,0.997113049030304,0.0699739261738536,16.7145521929903,185.613285411368,42.1968776711577
7.0900848,0.997228860855103,0.0855871976044654,16.9799012587185,223.468983082932,42.1968776711577
7.2863343,0.997438371181488,0.0781947576044716,24.560500993276,261.105227434602,60.5074299144514
7.5538224,0.997516274452209,0.0425254225143472,33.490024166998,297.68410579073,60.5074299144514
7.6184474,0.997567713260651,0.00552907642531276,43.463449367481,332.447506682767,60.5074299144514
7.8234536,0.997548758983612,-0.00435965848958915,43.0053805908658,364.717119849403,60.5074299144514
7.8741694,0.997533977031708,-0.031169958917269,49.90221562811,393.894436236565,60.5074299144514
7.9270205,0.997377514839172,-0.0375963284436803,48.3278702820759,419.460747997334,45.3778166935215
8.33185,0.997339189052582,-0.0774648415906733,61.5571675886376,440.977148492035,45.3778166935215
8.3832991,0.99726390838623,-0.109704770784928,72.2062580549158,458.084532288296,45.3778166935215
8.4386626,0.997012734413147,-0.111495388659582,71.0439382084563,470.503595160767,45.3778166935215
8.6747373,0.996761620044708,-0.132862072995214,78.3328128257676,478.034834091469,45.3778166935215
8.7263124,0.996406197547913,-0.149160813723527,84.6065777291434,480.558547269531,37.6866701745411
8.9967257,0.996192216873169,-0.116275842138196,71.0549774456106,478.034834091469,37.6866701745411
9.2040661,0.996387243270874,-0.150269163557718,85.07133008661,470.503595160767,37.6866701745411
9.2552452,0.996554732322693,-0.182293368854913,98.814067055259,458.084532288296,37.6866701745411
9.3074132,0.996663093566895,-0.197914013859022,106.452686623685,440.977148492035,37.6866701745411
9.5102645,0.996698021888733,-0.21325961588274,114.329720209161,419.460747997334,29.9354402231269
9.7660896,0.996553838253021,-0.134340121176313,84.7844223407218,393.894436236565,29.9354402231269
9.8190783,0.996617436408997,-0.154245361493236,95.7223558314463,364.717119849403,29.9354402231269
10.0872711,0.996416628360748,-0.0714124378585261,65.6341891629776,332.447506682797,29.9354402231269
10.1504748,0.996399283409119,-0.076195451020419,71.5153989591102,297.684105790734,29.9354402231269
10.2049399,0.996644854545593,-0.0743041750405793,75.308655829763,261.105227434602,77.5331764076291
10.6323246,0.996542394161224,-0.0785677328898767,82.0127253222499,223.468983082898,77.5331764076291
10.6831466,0.99640429019928,-0.0786938075802264,87.5437879309462,185.613285411368,77.5331764076291
10.7360761,0.996166169643402,-0.074629153691414,82.7177370244318,148.455848302967,77.5331764076291
10.9381126,0.995898246765137,-0.085890224398737,80.6804916319135,112.9941868478,77.5331764076291
10.9899334,0.995078563690186,-0.092871840032748,75.8717653029784,80.3056173432992,28.4620464166617
11.2506754,0.994179308414459,0.0147600404643426,24.688315186618,51.5472572940325,28.4620464166617
11.455393,0.993593692779541,0.000715889899036115,22.2063871902042,27.9560254117674,28.4620464166617
11.5086066,0.992883861064911,-0.0166760668363051,20.4844739355466,10.8486416155339,28.4620464166617
11.5612679,0.99200302362442,-0.0349786174162376,18.58,1.6216270315662,28.4620464166617
11.7591388,0.991533279418945,-0.0570839470972265,18.38586035589,1.6216270315662,33.2511989103678
12.028181,0.991970241069794,-0.0236865939835255,4.9549941622066,10.8486416155339,33.2511989103678
12.0813524,0.992853105068207,0.00761250787205237,1.20876082339827,27.9560254117674,33.2511989103678
12.2827393,0.993626832962036,0.0267409808810576,2.759206540587,51.5472572940325,33.2511989103678
12.3338989,0.994266450405121,0.0424131154729167,5.16837506088598,80.3056173432992,33.2511989103678
12.3871842,0.995547831058502,0.062271110837262,5.1259225647651,112.9941868478,111.178663853858
12.8025705,0.995920360088348,0.0747363580229775,7.84387611540899,148.455848302967,111.178663853858
12.8538286,0.996246695518494,0.0786131287788196,13.3963146783253,185.613285411368,111.178663853858
12.9063651,0.996488690376282,0.0934320337495286,14.0001675479203,223.468983082932,111.178663853858
13.1196811,0.996719241142273,0.0853357942185748,20.4427571286631,261.105227434602,111.178663853858
13.1707253,0.996632516384125,0.0504851813586551,29.036024166998,297.68410579073,74.122342445794
13.439813,0.996776401996613,0.0134914817158487,39.009449367481,332.447506682767,74.122342445794
13.6825691,0.996891796588898,-0.0245437094601774,49.934337966787,364.717119849403,74.122342445794
13.7331871,0.996980130672455,-0.0625606479052278,61.3723267029089,393.894436236565,74.122342445794
13.7859059,0.996993124485016,-0.0750637760850751,63.0270109583424,419.460747997334,74.122342445794
14.0040659,0.997347950935364,-0.108125667130914,71.9249098229167,440.977148492035,130.482499511341
14.2587324,0.997275948524475,-0.0940695373334592,63.9161198412039,458.084532288296,130.482499511341
14.3100849,0.997279167175293,-0.129573292018386,76.429576768213,470.503595160767,130.482499511341
14.5046218,0.997274041175842,-0.168194291506528,90.7163048775295,478.034834091469,130.482499511341
14.5575401,0.997252106666565,-0.204530880198426,104.60053771269,480.558547269531,130.482499511341
14.6105223,0.997343182563782,-0.212639020576807,106.815897449586,478.034834091469,129.527551665782
15.0266872,0.997498691082001,-0.160924116256362,86.2034299790761,470.503595160767,129.527551665782
15.0778223,0.99765282869339,-0.168687269731019,90.1433658051416,458.084532288296,129.527551665782
15.143291,0.997747302055359,-0.15262755377463,84.9860091565151,440.977148492035,129.527551665782
15.3677338,0.997883498668671,-0.177356805299366,96.8182870121015,419.460747997334,129.527551665782
15.4182876,0.997740626335144,-0.196057502639495,108.586037037037,393.894436236565,71.9162722199563
15.6767483,0.997837245464325,-0.215972001114321,119.527550632519,364.717119849403,71.9162722199563
15.8835533,0.997906446456909,-0.232120463050474,129.466440893705,332.447506682797,71.9162722199563
15.9356436,0.997947514057159,-0.243296824706933,137.917911663389,297.684105790734,71.9162722199563
15.9883578,0.997925937175751,-0.224379713986717,134.731187637842,261.105227434602,71.9162722199563
16.2093622,0.998113214969635,-0.217815344988048,135.0497107083,223.468983082898,125.157272722177
16.4834215,0.997952461242676,-0.12486055655999,102.994135319742,185.613285411368,125.157272722177
16.5365272,0.997738361358643,-0.0448292772014149,67.4969404100692,148.455848302967,125.157272722177
16.7419803,0.997631847858429,-0.0694346984162829,70.8851156666607,112.9941868478,125.157272722177
16.7925766,0.997428894042969,-0.0603293652729846,60.0986149496631,80.3056173432992,125.157272722177
16.8464776,0.996863424777985,-0.0509626293490321,50.8446453403123,51.5472572940325,73.6104608979709
17.2551637,0.996576428413391,-0.0730597529567395,51.646891940587,27.9560254117693,73.6104608979709
17.3071799,0.996213138103485,-0.0954029096345453,51.9723511890529,10.8486416155301,73.6104608979709
17.3599994,0.995711863040924,-0.102750690228886,45.6936962312057,1.6216270315681,73.6104608979709
17.5732097,0.995315730571747,-0.0950034839853259,41.3184986043984,0.45946099227668,73.6104608979709
17.6374868,0.995567858219147,-0.0146579681249374,35.4119132439941,3.07378179107,108.54319332358
17.909098,0.995457649230957,0.0967915775817279,0.541040984584828,7.92087386666651,108.54319332358
18.1149186,0.995595157146454,0.102450874131662,0.86663051078675,14.6050562333069,108.54319332358
18.1673729,0.995714604854584,0.106960519015927,1.51137820865277,22.7532582472667,108.54319332358
18.2210521,0.995806336402893,0.114056889827522,0.960823522124002,32.01501960688,108.54319332358
18.4526012,0.995832741260529,0.119569990651752,2.1971352326992,42.0624903525066,101.501458683852
18.7167033,0.995906174182892,0.120633468510029,3.7748481586959,52.5904308665569,101.501458683852
18.7717624,0.995939970016479,0.12989314798523,1.89971451490059,63.3162118734897,101.501458683852
19.0090797,0.995986938476562,0.12661275314894,4.1192919480948,73.9798144398065,101.501458683852
19.0596634,0.996021568775177,0.116595722701572,6.61176514844158,84.3438299740403,101.501458683852
19.1123549,0.995670139789581,0.118997006022967,5.35639975411949,94.1934602267831,61.0090145311157
19.5368981,0.995684087276459,0.108301876400125,8.45650617283951,103.336517290667,61.0090145311157
19.5890705,0.995686650276184,0.0973525403189961,11.76683248338,111.603423600357,61.0090145311157
19.6417527,0.995621621608734,0.10547374752703,7.50668080479288,118.84721193258,61.0090145311157
19.8543119,0.995599389076233,0.0956075500850605,10.677264801707,124.94352540608,61.0090145311157
19.9071098,0.995555639266968,0.0850187802679009,14.5550495254605,129.790617481683,59.2401708327981
20.1646882,0.995518982410431,0.0738207279820946,18.5543300843269,133.309351962214,59.2401708327981
20.3774705,0.995473563671112,0.0630066211699889,22.5440138039482,135.443202992583,59.2401708327981
20.4292637,0.99542099237442,0.0523230293091692,26.6287614511615,136.158255059707,59.2401708327981
20.4817269,0.995450079441071,0.0420938101900122,30.6920575375941,135.443202992583,59.2401708327981
20.6903715,0.99557101726532,0.0331275707967658,34.6913380939334,133.309351962213,60.5598896083303
20.9578243,0.995669424533844,0.0240738910859095,38.5850566164267,129.79061748168,60.5598896083303
21.0123903,0.995756804943085,0.0157410791524882,42.3333623770653,124.943525406083,60.5598896083303
21.2144809,0.995832324028015,0.00822538275065857,45.8987787338081,118.84721193258,60.5598896083303
21.2650504,0.995895624160767,0.00161179008732934,49.2468814408223,111.603423600357,60.5598896083303
21.317625,0.995681941509247,0.0908300941667287,13.7616155458805,103.336517290667,61.4212136567148
21.723866,0.995721638202667,0.0862863602066668,16.587419352684,94.1934602267833,61.4212136567148
21.7756836,0.995746493339539,0.0827896638768569,19.1177342519053,84.3438299740433,61.4212136567148
21.8271849,0.995692670345306,0.102266461127111,12.5036309750214,73.9798144398033,61.4212136567148
22.0306765,0.995686769485474,0.10106764975452,14.403098922064,63.31621187349,61.4212136567148
22.0821616,0.995758652687073,0.118428963703068,9.17160603812097,52.5904308665567,77.6164200333559
22.3505787,0.995713174343109,0.115431493889317,9.4891764778759,42.0624903525033,77.6164200333559
22.5531255,0.995656788349152,0.108530876539388,10.4123284705494,32.01501960688,77.6164200333559
22.6038553,0.995575308799744,0.104250837147201,10.1239358070296,22.7532582472734,77.6164200333559
22.6693248,0.995417535305023,0.118612174397141,2.14318725605798,14.6050562333034,77.6164200333559
22.875186,0.995179116725922,0.111237001264003,2.3190038164997,7.92087386667001,65.0995755973252
23.1308863,0.995039522647858,0.104931576718029,2.4112161702318,3.07378179107,65.0995755973252
23.1842556,0.994856655597687,0.104342298914751,0.0240144999999998,0.459460992273305,65.0995755973252
23.389817,0.994672536849976,0.0980498546684461,0.0377983297683002,0.45946099227668,65.0995755973252
23.4403288,0.994868457317352,0.0979015558596803,0.1199972835004,3.07378179107,65.0995755973252
23.4921905,0.995266735553741,0.101937818171942,0.237621599500399,7.92087386666663,87.6435308861637
23.9123949,0.995409071445465,0.107994129872975,0.4377751864996,14.6050562333067,87.6435308861637
23.9634683,0.995533525943756,0.11247312484249,1.0954860339177,22.75325824727,87.6435308861637
24.0160089,0.995637238025665,0.116852485454868,1.642823522124,32.0150196068767,87.6435308861637
24.2336719,0.995727241039276,0.119219632940102,2.85185073335158,42.0624903525066,87.6435308861637
24.2858116,0.995824098587036,0.12363049813144,3.74212759896725,52.590430866557,90.7024943823533
24.5413372,0.995878458023071,0.125786033751764,4.73889541490063,63.3162118734907,90.7024943823533
24.7439616,0.995925545692444,0.122752504121441,6.86126585785653,73.9798144398047,90.7024943823533
24.7961898,0.995955526828766,0.114606764237126,8.59801834655313,84.3438299740407,90.7024943823533
24.8482675,0.995979487895966,0.104126839047363,11.4238220298651,94.1934602267844,90.7024943823533
25.1190096,0.995897948741913,0.101898147720021,10.4728528113054,103.336517290666,82.7289172275349
25.4021098,0.995849430561066,0.109101700183001,6.44842736185025,111.603423600358,82.7289172275349
25.4560316,0.995842039585114,0.0978937853855358,10.0140252388276,118.847211932577,82.7289172275349
25.6567456,0.995824694633484,0.0866746569737836,13.7252019673989,124.943525406085,82.7289172275349
25.7099332,0.995793342590332,0.0772163014360941,16.8715338402321,129.79061748168,82.7289172275349
25.7624129,0.995534479618073,0.0904558930614247,11.7562638368574,133.309351962213,65.2190969057046
26.1845316,0.995488822460175,0.0798106217138636,15.7046261741044,135.443202992583,65.2190969057046
26.2353759,0.995436191558838,0.0692190384984733,19.7522298619239,136.158255059707,65.2190969057046
26.2884012,0.99539577960968,0.0813261613745346,14.7850364383235,135.443202992583,65.2190969057046
26.489052,0.995478332042694,0.0806468223544079,15.1385114559393,133.309351962213,65.2190969057046
26.5419386,0.995565950870514,0.075804610073195,16.4639485357918,129.79061748168,65.9051023383915
26.8132279,0.995652198791504,0.068516652324058,19.7889747611724,124.943525406083,65.9051023383915
27.0215105,0.995729684829712,0.0610006161726963,23.3543911191498,118.84721193258,65.9051023383915
27.0716361,0.995790898799896,0.0556558490895537,26.190307121202,111.603423600357,65.9051023383915
27.1241423,0.995748460292816,0.0829772089394636,15.9699453763689,103.336517290667,65.9051023383915
27.3303557,0.995756030082703,0.0853971170347953,15.3528495435427,94.1934602267835,65.1117204212722
27.5890254,0.995762884616852,0.0881144010471488,15.3697080519053,84.3438299740432,65.1117204212722
27.6422561,0.995725750923157,0.101933170921763,11.0425060116387,73.9798144398035,65.1117204212722
27.8606942,0.995688438415527,0.111438895512568,8.60923085477845,63.3162118734897,65.1117204212722
27.9122695,0.995646297931671,0.118097182015644,7.47321235184437,52.5904308665569,65.1117204212722
27.9662532,0.99572628736496,0.110989595720975,8.73508287529792,42.0624903525033,78.4779020204489
28.3959461,0.995607733726501,0.125117347215493,1.15488274865241,32.01501960688,78.4779020204489
28.4474676,0.995531141757965,0.118936161756017,1.6429990135005,22.7532582472733,78.4779020204489
28.5004576,0.995436787605286,0.112487322076033,2.0813765004996,14.6050562333035,78.4779020204489
28.7022644,0.995321571826935,0.106403027115193,2.22118172403825,7.92087386666983,78.4779020204489
28.7538687,0.995054066181183,0.100008558435665,1.63743099293311,3.07378179107,65.9257075002756
29.0167155,0.994881153106689,0.0967553195718426,0.343999999999994,0.459460992273364,65.9257075002756
29.2553527,0.994732439517975,0.0830390203632716,0.346812059536703,0.918921984556675,65.9257075002756
29.3062934,0.995080709457397,0.0556492897187279,0.295483067000802,6.14756358213668,65.9257075002756
29.3578984,0.995407342910767,0.0597198425101328,0.687246999000806,15.8417477333335,65.9257075002756
29.6265653,0.995702981948853,0.0739463264081208,1.49111687424692,29.2101124666132,68.2301929450254
29.8997532,0.99592912197113,0.084306100751606,2.24174586783531,45.5065164945367,68.2301929450254
29.9530213,0.996106803417206,0.0965639774335142,1.9205012442481,64.0300392137599,68.2301929450254
30.1837968,0.996266484260559,0.101027275122322,4.4443964653984,84.12498070501,68.2301929450254
30.2351288,0.996395945549011,0.103501193131973,7.47264713332618,105.180861733113,68.2301929450254
30.3000963,0.996542155742645,0.114191981427507,6.9548092298013,126.632423746983,77.5897266193507
30.7247686,0.99662184715271,0.107655718733296,11.3935838961895,147.959628879607,77.5897266193507
30.7770148,0.99668025970459,0.0874924025499765,16.4290050964439,168.687659948083,77.5897266193507
30.8288858,0.996671080589294,0.0879817223964429,13.4157873190161,188.386920453567,77.5897266193507
31.0384024,0.996692597866058,0.0663834254565063,19.6159735170465,206.673034581333,77.5897266193507
31.0899056,0.996694803237915,0.0510067055878229,23.6115177617788,223.2068472007,79.4921741418376
31.3619354,0.996682941913605,0.0285732491936594,30.739050477655,237.694423865166,79.4921741418376
31.5642522,0.996655464172363,0.00604773930670269,38.1980355151584,249.887050812167,79.4921741418376
31.6159769,0.996609747409821,-0.0149342511105338,45.328020754451,259.581234963366,79.4921741418376
31.6688611,0.996465682983398,-0.00032806196275436,38.3607133764706,266.618703924433,79.4921741418376
31.8717309,0.996307015419006,-0.00654045198187896,41.0624409774266,270.886405985167,72.3295663241143
32.1279801,0.996158838272095,-0.00401065870983497,39.578747651791,272.316510119399,72.3295663241143
32.18136,0.996177554130554,-0.0128866100439286,43.0328769329966,270.886405985167,72.3295663241143
32.3806315,0.996333658695221,-0.0222955969319188,46.9834815634941,266.618703924433,72.3295663241143
32.4330084,0.996463358402252,-0.0272997919876984,49.4687126266175,259.581234963366,72.3295663241143
32.4846503,0.996448218822479,0.00876843608330185,34.5312299448255,249.887050812166,68.8025544038335
32.9011149,0.996555805206299,0.00142129425604096,38.5393792383,237.694423865167,68.8025544038335
32.9656032,0.996658623218536,-0.0114004831150282,45.0665930144006,223.206847200699,68.8025544038335
33.0194752,0.996674358844757,0.00679627575586973,39.3630435083552,206.673034581334,68.8025544038335
33.2211663,0.996700882911682,0.0128960631477684,38.8312887525017,188.386920453566,68.8025544038335
33.2726942,0.996726274490356,0.022984621300231,36.5736782546913,168.687659948101,72.8298086380341
33.5322987,0.996669411659241,0.0503193365951404,28.047204970199,147.9596288796,72.8298086380341
33.7363206,0.996660113334656,0.0479078897740281,31.846177682608,126.632423746966,72.8298086380341
33.7871798,0.996620893478394,0.0496102236957049,34.2676450434847,105.180861733134,72.8298086380341
33.8403791,0.996472656726837,0.0753591095122022,22.0562503316169,84.124980705,72.8298086380341
34.0406356,0.996379494667053,0.0629443676575427,23.977099083423,64.0300392137666,72.8164320190203
34.3095043,0.996174335479736,0.0806887565459704,12.764449627001,45.5065164945334,72.8164320190203
34.364111,0.995971977710724,0.0821313491440321,7.85276466919516,29.2101124666004,72.8164320190203
34.5622486,0.995742738246918,0.0780314738859404,4.87570494042546,15.841747733333,72.8164320190203
34.6138049,0.995472490787506,0.0719009496304012,2.4151685729899,6.14756358216653,72.8164320190203
34.6671136,0.995249032974243,0.0610998340320265,1.56399999999999,0.918921984533464,81.3726699922652
35.0818076,0.995083272457123,0.0409905967017998,0.0486488109470429,1.6216270315681,81.3726699922652
35.133233,0.995525479316711,-0.00186423824240396,0.352257059412977,10.8486416155301,81.3726699922652
35.1870845,0.996037602424622,0.00672726247114778,1.16378882176605,27.9560254117693,81.3726699922652
35.401616,0.996447384357452,0.0259501004579502,2.63120654147666,51.5472572940325,81.3726699922652
35.4532999,0.996546626091003,0.0474804192492755,4.25602106887461,80.3056173432992,48.6856829490167
35.721634,0.996827840805054,0.0599691219981292,7.34520066632001,112.9941868478,48.6856829490167
35.9320125,0.997053861618042,0.0679369974618719,11.7582751184275,148.455848302967,48.6856829490167
35.9837845,0.997229635715485,0.0734891498419159,16.6163473227838,185.613285411368,48.6856829490167
36.0367539,0.997341156005859,0.0889506904113986,16.9424252323617,223.468983082932,48.6856829490167
36.2370001,0.997545301914215,0.0764717229497098,24.560554993276,261.105227434602,67.5739736803426
36.4948076,0.997620046138763,0.04080091224463,33.490024166998,297.68410579073,67.5739736803426
36.5477353,0.997646033763885,0.0183997445570985,37.5686910403383,332.447506682767,67.5739736803426
36.7464142,0.997655987739563,-0.00918227939136497,44.2577030711704,364.717119849403,67.5739736803426
36.7978811,0.997661352157593,-0.0481686263405438,56.074420020696,393.894436236565,67.5739736803426
36.8497704,0.997408926486969,-0.0383001737746633,48.204387457507,419.460747997334,37.7985428491326
37.2714421,0.997358381748199,-0.0709943345029081,58.544932944741,440.977148492035,37.7985428491326
37.3233599,0.997299432754517,-0.110778442022393,72.2462359461204,458.084532288296,37.7985428491326
37.3762988,0.997165620326996,-0.121834261731414,74.8521991783947,470.503595160767,37.7985428491326
37.5890073,0.997032463550568,-0.145013503534295,82.8874527767898,478.034834091469,37.7985428491326
37.6405746,0.996857881546021,-0.159125095654661,87.8851061408605,480.558547269531,37.5792857858345
37.9123417,0.996678650379181,-0.118782544182129,71.3082147547402,478.034834091469,37.5792857858345
38.1298829,0.996853470802307,-0.152190983517894,85.0841480891909,470.503595160767,37.5792857858345
38.1812619,0.997005701065063,-0.18418951170116,98.814067055259,458.084532288296,37.5792857858345
38.235038,0.997133731842041,-0.213657963038519,112.04338151002,440.977148492035,37.5792857858345
38.4404742,0.997237682342529,-0.237558507268762,124.62720394994,419.460747997334,37.5792857858345
38.7689224,0.997317969799042,-0.260949375265212,136.444037037037,393.894436236565,37.5792857858345
38.8214795,0.997374415397644,-0.280882649203141,147.385550632519,364.717119849403,37.5792857858345
39.034319,0.997045457363129,-0.105608203412277,79.9322416727443,332.447506682797,37.5792857858345
39.086182,0.996578395366669,0.101860524212237,0.0004990067250219,297.684105790734,37.5792857858345
39.1378011,0.996953725814819,-0.0503634944594134,64.8276880633033,261.105227434602,50.8592370910929
39.6321876,0.996884226799011,-0.0477638914596027,68.78372532225,223.468983082898,50.8592370910929
39.6851969,0.996792316436768,-0.0479017502376068,74.3267469001144,185.613285411368,50.8592370910929
39.7380665,0.996590256690979,-0.036561018460738,66.565337080107,148.455848302967,50.8592370910929
39.9697894,0.996366322040558,-0.0446253072676763,63.243336573534,112.9941868478,50.8592370910929
40.0225066,0.99607515335083,-0.0454683920544831,56.9533766546876,80.3056173432992,51.8196262955888
40.2935732,0.995469927787781,0.0299875287463115,18.7716508273667,51.5472572940325,51.8196262955888
40.5097064,0.995038211345673,0.0108263304560899,18.3579502735014,27.9560254117674,51.8196262955888
40.5749147,0.99450808763504,-0.0111974908577853,18.531551189053,10.8486416155339,51.8196262955888
40.6278702,0.993847727775574,-0.0342573374093155,18.58,1.6216270315662,51.8196262955888
40.8388579,0.993296921253204,-0.0552304754139697,18.5078091933043,1.6216270315662,42.7133398417726
41.0974166,0.993646144866943,-0.0232919517940787,5.6759238571226,10.8486416155339,42.7133398417726
41.1507023,0.99433046579361,0.00981739776696506,1.18797788799832,27.9560254117674,42.7133398417726
41.3586887,0.99493134021759,0.0288348468225753,2.759206540587,51.5472572940325,42.7133398417726
41.4106553,0.995421051979065,0.0444551253734798,5.16837506088598,80.3056173432992,42.7133398417726
41.4636212,0.996380388736725,0.063325263469277,4.63782259864146,112.9941868478,115.226099393258
41.8949993,0.996659696102142,0.0744853036361031,7.84387611540899,148.455848302967,115.226099393258
41.9472446,0.996895909309387,0.0783192214630993,13.4023266779247,185.613285411368,115.226099393258
42.0008209,0.997062504291534,0.0921239043388551,14.4048620113897,223.468983082932,115.226099393258
42.2145221,0.997216045856476,0.084778758927309,20.5349811809945,261.105227434602,115.226099393258
42.2675961,0.997194707393646,0.050255023957854,29.0447891670785,297.68410579073,88.3852768361516
42.5264054,0.997307658195496,0.0132634116141786,39.009449367481,332.447506682767,88.3852768361516
42.7343129,0.997397124767303,-0.0247821173056421,49.9347649658062,364.717119849403,88.3852768361516
42.7850609,0.997464656829834,-0.0628326792107065,61.3831914266583,393.894436236565,88.3852768361516
42.8388565,0.997469246387482,-0.0752758149093993,63.0111269378862,419.460747997334,88.3852768361516
43.065054,0.997772514820099,-0.119433269935066,76.2403378963647,440.977148492035,143.327138915311
43.3352865,0.997687578201294,-0.0928140720157641,63.1484749901267,458.084532288296,143.327138915311
43.3894253,0.997688949108124,-0.130214726832744,76.429576768213,470.503595160767,143.327138915311
43.6037578,0.99766731262207,-0.168886235573626,90.7324788293032,478.034834091469,143.327138915311
43.6552011,0.99756783246994,-0.205275277689592,104.621105307131,480.558547269531,143.327138915311
43.7085028,0.997563779354095,-0.213285279876437,107.259250837953,478.034834091469,141.173144202551
44.1278811,0.997633516788483,-0.164319209502503,87.7463777522641,470.503595160767,141.173144202551
44.1797966,0.997783422470093,-0.175756012448206,93.15955351181,458.084532288296,141.173144202551
44.2336237,0.997860729694366,-0.151519992264361,84.6996204870907,440.977148492035,141.173144202551
44.4848419,0.997990906238556,-0.176894459674373,96.7903939608143,419.460747997334,141.173144202551
44.5355518,0.997842907905579,-0.197275381400398,108.586037037037,393.894436236565,80.7758196566371
44.8083173,0.99793529510498,-0.217188342075388,119.527550632519,364.717119849403,80.7758196566371
45.0244655,0.998001396656036,-0.233383564738332,129.484812845313,332.447506682797,80.7758196566371
45.0772609,0.998042225837708,-0.245747047230438,138.415336018241,297.684105790734,80.7758196566371
45.1293411,0.99802154302597,-0.22675712895491,135.199395858853,261.105227434602,80.7758196566371
45.3470683,0.998181521892548,-0.223863991453448,137.655577621633,223.468983082898,127.301550551826
45.6077156,0.998027563095093,-0.131655108298712,105.899580887936,185.613285411368,127.301550551826
45.6718714,0.997818350791931,-0.0496396326404327,69.601414046168,148.455848302967,127.301550551826
45.8867769,0.997683048248291,-0.0535400732449355,64.6201547072157,112.9941868478,127.301550551826
45.9386172,0.997515201568604,-0.0624670554634724,61.1281388747683,80.3056173432992,127.301550551826
45.9920523,0.996979296207428,-0.0549286296317768,50.8107711789325,51.5472572940325,78.2933436499555
46.4274656,0.996702909469604,-0.0771121331065271,51.646891940587,27.9560254117693,78.2933436499555
46.4793766,0.996352672576904,-0.0993052430765684,51.9136312667157,10.8486416155301,78.2933436499555
46.5322484,0.995865345001221,-0.105060078802553,44.9934513770678,1.6216270315681,78.2933436499555
46.7443367,0.99547290802002,-0.116652076179823,41.3440559555564,1.53841048053546,78.2933436499555
46.796941,0.996166169643402,-0.100947906748063,36.8049742103968,10.2919251071964,121.146881823242
47.0553837,0.99636697769165,0.0100645415193205,0.989587305951385,26.5214143880009,121.146881823242
47.2678218,0.996724843978882,0.0280678016535615,2.44131737660667,48.9020220551304,121.146881823242
47.3195822,0.997013688087463,0.0428478522554491,4.71675676924519,76.1845979132564,121.146881823242
47.3717325,0.997225224971771,0.0653024474718187,3.38737196081839,107.1956978393,121.146881823242
47.5858307,0.997113585472107,0.0797981856326061,7.44080614328546,140.837583782931,68.3281752654648
47.8557088,0.997280359268188,0.0833659384488054,12.7234739341736,176.088223766059,68.3281752654648
47.9083781,0.997410774230957,0.0830518080081193,19.0835126890659,212.001291883102,68.3281752654648
48.1154186,0.997466206550598,0.0976406898915161,16.1897057919549,247.706168300904,68.3281752654648
48.1795552,0.997539341449738,0.0637564543755324,24.6619383238583,282.407939258752,68.3281752654648
48.2335359,0.997603237628937,0.0297445830744886,31.7253444775311,315.387397068486,73.3873816000157
48.6559233,0.997573673725128,0.0274411807136062,28.4313502031547,346.001040114212,73.3873816000157
48.7089645,0.99755585193634,0.00445604353275258,33.9855575511381,373.681072852657,73.3873816000157
48.7612071,0.997489631175995,-0.00267998609974656,33.6228674248071,397.935405812845,73.3873816000157
48.976019,0.997454524040222,-0.0402927442602451,46.0788803190878,418.347655596347,73.3873816000157
49.0275124,0.997512817382812,-0.0780241433257812,59.1161558743729,434.577144877179,94.6704185498392
49.2989841,0.997236311435699,-0.00107114337884143,26.2385221103048,446.358902401718,94.6704185498392
49.5603847,0.997119426727295,-0.0261285439858931,35.1207310504836,453.50366298892,94.6704185498392
49.6122248,0.996986031532288,-0.0522610111802334,44.9108114358976,455.897867530073,94.6704185498392
49.6651,0.997028470039368,-0.0760307606713116,54.278051503509,453.50366298892,94.6704185498392
49.8757711,0.997112691402435,-0.107503591496884,67.6688185748315,446.358902401723,69.3061854223052
50.135424,0.997264325618744,-0.10645307156486,68.0003182826744,434.57714487717,69.3061854223052
50.1889767,0.997275412082672,-0.0399261269789779,42.3938629784466,418.347655596357,69.3061854223052
50.4354686,0.997409164905548,-0.0504926369019081,48.4022041598418,397.935405812848,69.3061854223052
50.4897696,0.997518181800842,-0.0604580833562459,54.6797006521768,373.681072852635,69.3061854223052
50.5458364,0.997581779956818,-0.0646721108689187,59.1157084015501,346.001040114238,66.6396295721763
51.0435062,0.997596621513367,-0.0437595423960611,53.9084552169642,315.387397068471,66.6396295721763
51.0966975,0.997614324092865,-0.0375983145470227,55.1497752311634,282.407939258772,66.6396295721763
51.150059,0.99751204252243,0.0274556078620199,33.0794252603903,247.706168300893,66.6396295721763
51.364537,0.997483909130096,0.0329818713211489,35.575032435992,212.001291883094,66.6396295721763
51.4157874,0.997540175914764,0.0407918197451151,38.3465640049726,176.088223766059,87.9879008322026
51.6768121,0.997458338737488,0.0262284541823087,41.2328534528865,140.837583782929,87.9879008322026
51.8861703,0.997344493865967,0.00304624825406806,44.3645264747611,107.195697839313,87.9879008322026
51.9389369,0.997184574604034,-0.0169421486603555,45.7020310021521,76.1845979132397,87.9879008322026
51.9925769,0.99688458442688,0.00735071399041764,28.6308101651779,48.9020220551448,87.9879008322026
52.2034305,0.996220827102661,0.00758856556513441,20.9621914012344,26.5214143880308,41.6482182296844
52.4714929,0.995748281478882,0.0191122735194079,8.07304830254392,10.291925107198,41.6482182296844
52.5234762,0.995277404785156,-0.00337790932043681,8.11935761380552,1.53841048049751,42.9883033497587
5.2e-06,0.994811594486237,0.0245570948009478,2.12232575e-16,0,51.6969560344253
0.269448,0.99480128288269,0.0956234869594685,0.0392219253005714,1.30739751001905,51.6969560344253
0.3206621,0.995244264602661,0.0415873870409186,0.29057463535554,8.74645449232735,51.6969560344253
0.3897778,0.995688259601593,0.0364419665469818,0.966740663732617,22.5388682487673,51.6969560344253
0.6003061,0.996355712413788,0.0519658488619714,2.1431056365757,41.5587274522117,90.4905639849842
0.8491535,0.996630609035492,0.064614223792738,4.08543937522443,64.7444585658057,90.4905639849842
0.9001896,0.996855080127716,0.0741412204334988,6.81840414239921,91.0988258426419,90.4905639849842
1.1023981,0.997029364109039,0.0843103503820914,8.86352832707212,119.688931326081,90.4905639849842
1.1560413,0.997175872325897,0.0873662246983198,13.3529145723039,149.646214849513,90.4905639849842
1.2075935,0.997093558311462,0.0988659694548911,13.4845896156176,180.166454036433,60.7367189143907
1.6659636,0.9971883893013,0.0895287307238575,19.7998825444541,210.509764300615,60.7367189143907
1.7177136,0.997257173061371,0.0608869843398199,26.9433556855717,240.00059884565,60.7367189143907
1.7705936,0.997272491455078,0.0476712092128009,28.2761759768511,268.027748665575,60.7367189143907
1.9834548,0.997281610965729,0.0255303563289225,33.6293808301387,294.044342544308,60.7367189143907
2.0356292,0.997453033924103,-0.000400777602022961,39.7646082414422,317.56784705598,94.0597795286122
2.2947103,0.997413218021393,-0.0170011121090245,43.7342984894775,338.180066564854,94.0597795286122
2.4994008,0.997382402420044,-0.0489295645202266,54.3030040127743,355.527143225273,94.0597795286122
2.5628961,0.99733555316925,-0.0810894255117421,65.3825907001474,369.319556981698,94.0597795286122
2.6148052,0.997223913669586,-0.0870318054240888,66.2826886805571,379.332125568725,94.0597795286122
2.8184455,0.997244298458099,-0.106018527789925,72.7759549286856,385.404004511044,115.465106734547
3.0870871,0.997036337852478,-0.07790771695313,60.7416636148931,387.438687123502,115.465106734547
3.1398085,0.997067868709564,-0.0960253307476228,67.8725975733294,385.404004511044,115.465106734547
3.3343691,0.997263491153717,-0.123671064566016,79.252561340223,379.332125568727,115.465106734547
3.3845568,0.997433066368103,-0.149361655296032,90.2852070194163,369.319556981697,115.465106734547
3.4379759,0.997470080852509,-0.158305044928783,94.7566712351231,355.527143225272,99.4702194483232
3.8425504,0.997490286827087,-0.116237004306696,79.2500548269989,338.180066564875,99.4702194483232
3.8944087,0.99756783246994,-0.117144274103132,81.5197138209808,317.56784705596,99.4702194483232
3.9464052,0.997546672821045,-0.0686475830710149,64.2614219422242,294.044342544309,99.4702194483232
4.1457707,0.997591376304626,-0.0702224571132928,67.6456149362791,268.027748665574,99.4702194483232
4.1976904,0.997454941272736,-0.0670057891058649,70.4113152236916,240.000598845674,68.45082544945
4.4703132,0.997450470924377,-0.0615048596498339,71.7955748427886,210.509764300593,68.45082544945
4.6691391,0.997440218925476,-0.0649111933691637,77.1821127237542,180.166454036434,68.45082544945
4.7200205,0.997400164604187,-0.0640247612813723,81.2508635720836,149.64621484953,68.45082544945
4.7718397,0.997281908988953,-0.0518816066336715,73.7885505702054,119.68893132606,68.45082544945
4.9835591,0.99731308221817,-0.0654041532714096,71.5021125770009,91.0988258426446,96.0207314013797
5.2425054,0.997010111808777,0.00155444178721883,38.6883202998256,64.7444585658053,96.0207314013797
5.2978424,0.996732532978058,0.0262279875143407,22.5683542716505,41.5587274522116,96.0207314013797
5.4969387,0.996482610702515,0.0128877125679338,21.3817880352138,22.5388682487695,96.0207314013797
5.5483934,0.996177852153778,-0.00248053338696514,20.5751944765988,8.74645449235163,96.0207314013797
5.6013573,0.995584011077881,-0.0179970566654654,20.6144163846641,1.3073975099925,70.4838754631022
6.0142516,0.995330035686493,-0.0406598046357379,20.5863078896265,1.6216270315681,70.4838754631022
6.0648642,0.995720982551575,-0.0589724313004,20.4002508773084,10.8486416155301,70.4838754631022
6.1187918,0.996081113815308,0.00544629585657508,1.20979641293719,27.9560254117693,70.4838754631022
6.3176957,0.996487021446228,0.0244205132889486,2.759206540587,51.5472572940325,70.4838754631022
6.368711,0.996727764606476,0.0453676882718694,5.16837506088598,80.3056173432992,57.7888077029452
6.6301522,0.996969699859619,0.0699509916426335,3.39020066631997,112.9941868478,57.7888077029452
6.8444548,0.997185587882996,0.0779081826686982,7.80283111700161,148.455848302967,57.7888077029452
6.8953524,0.997354030609131,0.0832145822822021,12.7589248136286,185.613285411368,57.7888077029452
6.9471783,0.997475922107697,0.0896575268315951,16.726344170238,223.468983082932,57.7888077029452
7.1510573,0.997491955757141,0.0782186344179063,24.5595009932761,261.105227434602,40.9968748085873
7.4191446,0.997518002986908,0.0725339212137484,21.3560617888518,297.68410579073,40.9968748085873
7.4834661,0.997523188591003,0.0632043355790203,20.1497692387331,332.447506682767,40.9968748085873
7.6849792,0.997547328472137,0.0274925727926574,30.1195188068921,364.717119849403,40.9968748085873
7.7359455,0.997552871704102,-0.0114898053665636,41.9363516561866,393.894436236565,40.9968748085873
7.7874426,0.997446835041046,-0.0514569575190709,54.5201739562063,419.460747997334,23.5590914156995
8.2289691,0.997352659702301,-0.0593993912083808,54.8362347706254,440.977148492035,23.5590914156995
8.2797177,0.997266054153442,-0.084359031042012,62.5491465154173,458.084532288296,23.5590914156995
8.3307527,0.99707168340683,-0.0655722652002415,53.0916275834386,470.503595160767,23.5590914156995
8.5341613,0.996947765350342,-0.0952493503987275,63.7606612115756,478.034834091469,23.5590914156995
8.5846082,0.996912121772766,-0.132729948039948,78.1771503404575,480.558547269531,37.6742920612656
8.852819,0.996980845928192,-0.168877591300192,92.5180121233906,478.034834091469,37.6742920612656
9.0485869,0.997147381305695,-0.182311112008479,98.2135314754648,470.503595160767,37.6742920612656
9.0993837,0.997260808944702,-0.212229632752206,111.102419569353,458.084532288296,37.6742920612656
9.1509771,0.997245490550995,-0.200782343473032,107.799182895988,440.977148492035,37.6742920612656
9.3457443,0.997315645217896,-0.207903164634874,111.864952954114,419.460747997334,48.7739290518365
9.6029537,0.997168600559235,-0.136260012527611,85.2618369359911,393.894436236565,48.7739290518365
9.6559438,0.997104287147522,-0.115859313245557,79.9066677976497,364.717119849403,48.7739290518365
9.8596669,0.997087001800537,-0.126315235252929,87.5384792513086,332.447506682797,48.7739290518365
9.9220857,0.997053980827332,-0.136395858708332,95.5331362553612,297.684105790734,48.7739290518365
9.9759773,0.996904373168945,-0.143780233590054,103.166655829763,261.105227434602,33.6998971587307
10.390091,0.996768414974213,-0.124382831370492,100.295320064653,223.468983082898,33.6998971587307
10.4408582,0.996620774269104,-0.112206723081508,100.859798621165,185.613285411368,33.6998971587307
10.4933937,0.996286273002625,-0.0602705498940586,76.6782656953225,148.455848302967,33.6998971587307
10.6968997,0.996009051799774,-0.0622628725508213,70.9071888841552,112.9941868478,33.6998971587307
10.7488585,0.995816588401794,-0.0872788746882381,73.3135012662874,80.3056173432992,43.5154845226416
11.0103534,0.995071947574615,0.0154061868266761,24.0893353135982,51.5472572940325,43.5154845226416
11.274922,0.994608104228973,-0.00678863131539254,24.909891940587,27.9560254117674,43.5154845226416
11.3274553,0.994031488895416,-0.0292067289132287,25.235351189053,10.8486416155339,43.5154845226416
11.3823088,0.993251442909241,-0.0386024640853756,19.7420741264235,1.6216270315662,43.5154845226416
11.6176583,0.99265992641449,-0.0503754375208364,15.6501957130695,1.6216270315662,38.4543034464225
11.8857207,0.993016600608826,-0.0124466768241313,0.404039153345095,10.8486416155339,38.4543034464225
11.9386729,0.993829190731049,0.00767098634726457,1.16378882176605,27.9560254117674,38.4543034464225
12.1351172,0.994493007659912,0.0268258592566721,2.69505854077718,51.5472572940325,38.4543034464225
12.1860695,0.995036900043488,0.0433091593773957,4.763315075976,80.3056173432992,38.4543034464225
12.239136,0.995607972145081,0.056536237081984,7.34520066631995,112.9941868478,51.8313948955023
12.6574633,0.995940148830414,0.0783068689050823,6.21904364199423,148.455848302967,51.8313948955023
12.7095125,0.996245920658112,0.0854463375732564,10.4489274577976,185.613285411368,51.8313948955023
12.7621773,0.996509969234467,0.086210651326504,16.726344170238,223.468983082932,51.8313948955023
12.9676302,0.996736645698547,0.0747361867797486,24.5359279991477,261.105227434602,51.8313948955023
13.0193934,0.997167944908142,0.0390277722853817,32.7758418891278,297.68410579073,91.3135173311067
13.2934762,0.997247576713562,0.0417835520629807,26.7378803674809,332.447506682767,91.3135173311067
13.4951292,0.997382164001465,0.00368898647491715,37.6789629629631,364.717119849403,91.3135173311067
13.5475056,0.997497260570526,-0.0352171934001005,49.47840405796,393.894436236565,91.3135173311067
13.6003102,0.997568488121033,-0.0582717161225657,55.3975930091202,419.460747997334,91.3135173311067
13.8113133,0.997695207595825,-0.0878150110548151,64.4812769482595,440.977148492035,103.492836592762
14.0693387,0.997640311717987,-0.0704142521069166,55.0982409715165,458.084532288296,103.492836592762
14.1215999,0.997591257095337,-0.100692993747652,65.487576768213,470.503595160767,103.492836592762
14.3281419,0.997504770755768,-0.139483553817512,79.8286217909571,478.034834091469,103.492836592762
14.3790584,0.997400641441345,-0.177114041757634,94.2253462327478,480.558547269531,103.492836592762
14.4323413,0.997503697872162,-0.193775721964687,100.212122668287,478.034834091469,118.939669559775
14.850544,0.997578620910645,-0.14685482508891,81.5372036806001,470.503595160767,118.939669559775
14.9018003,0.997719347476959,-0.150162565818809,83.6680231186839,458.084532288296,118.939669559775
14.9671473,0.997793972492218,-0.122631903885748,73.8764114463272,440.977148492035,118.939669559775
15.1792523,0.997920513153076,-0.142576947753011,83.7741452957421,419.460747997334,118.939669559775
15.231034,0.997779011726379,-0.159359046243276,94.473501883821,393.894436236565,61.9569974267536
15.4873578,0.997873246669769,-0.178708249725106,105.186550632519,364.717119849403,61.9569974267536
15.6892341,0.997941255569458,-0.19488175226968,115.135264875367,332.447506682797,61.9569974267536
15.7403754,0.997983276844025,-0.207244662551611,124.06578804604,297.684105790734,61.9569974267536
15.7933068,0.997967541217804,-0.192194237609912,122.442185919244,261.105227434602,61.9569974267536
15.9884025,0.998059451580048,-0.1887115177767,124.004097971486,223.468983082898,90.8739556735997
16.2590087,0.997899293899536,-0.0994017423423407,93.409179216748,185.613285411368,90.8739556735997
16.3120586,0.997830748558044,-0.118200024578075,97.8602642694282,148.455848302967,90.8739556735997
16.5158648,0.997728526592255,-0.142846119797055,101.248270940459,112.9941868478,90.8739556735997
16.5658119,0.997588098049164,-0.166375591110225,103.656219035214,80.3056173432992,90.8739556735997
16.6166494,0.99700516462326,-0.183504963208105,105.201882824329,51.5472572940325,22.0042318552014
17.022704,0.996731162071228,-0.205678276939408,106.040163896671,27.9560254117693,22.0042318552014
17.0740142,0.996037602424622,-0.0934289155860775,51.9277912488823,10.8486416155301,22.0042318552014
17.1264495,0.995560526847839,-0.116330256011277,51.9764400597734,1.6216270315681,22.0042318552014
17.3249054,0.995120108127594,-0.0927630628167588,42.4406543041654,0.270271171926595,22.0042318552014
17.3883003,0.99553656578064,0.00135971211901961,36.4195172534818,1.80810693592359,82.1093137329447
17.6592367,0.995352566242218,0.11596994468881,0.484830971077034,4.65933756862664,82.1093137329447
17.8694604,0.995435297489166,0.119541704179462,0.592751510931543,8.59120954900637,82.1093137329447
17.9208033,0.995508134365082,0.122276530434413,0.939084021356114,13.384269557217,82.1093137329447
17.973451,0.995564639568329,0.126575101407544,0.565366777720001,18.8323644746333,82.1093137329447
18.1791697,0.995379865169525,0.126733566766896,1.3076460192348,24.7426413838265,56.4031226708646
18.4351156,0.995417773723602,0.130648678938948,0.927712446291707,30.9355475685635,56.4031226708646
18.488056,0.995457112789154,0.130596074660587,2.0450573617063,37.2448305138197,56.4031226708646
18.6906649,0.995480954647064,0.130970373842771,2.42258349887931,43.5175379057668,56.4031226708646
18.7421289,0.995503842830658,0.125131054335151,3.86686022975746,49.6140176317866,56.4031226708646
18.7943712,0.995260238647461,0.124263104462131,5.52909776259277,55.4079177804634,29.1809323279346
19.2150636,0.995250225067139,0.123867256103433,4.9738271604938,60.7861866415666,29.1809323279346
19.2668021,0.995252013206482,0.117371990058957,6.94329934167661,65.6490727060936,29.1809323279346
19.3194676,0.995208382606506,0.122674625811262,4.22384939509657,69.9101246662233,29.1809323279346
19.5175673,0.99519556760788,0.116421513899611,6.27113462412359,73.496191415343,29.1809323279346
19.5703959,0.995218992233276,0.106792262322458,8.56191148556501,76.3474220480471,33.3161242031593
19.8322351,0.995126247406006,0.121362305659611,2.3524294613688,78.4172658601264,33.3161242031593
20.0427777,0.995097637176514,0.114914065527809,4.7426036318261,79.6724723485767,33.3161242031593
20.0937969,0.995063960552216,0.108703986454771,7.11491717052734,80.0930912115935,33.3161242031593
20.1466595,0.995043933391571,0.114168749320156,4.86349745737584,79.6724723485767,33.3161242031593
20.351938,0.99511045217514,0.110821084913385,7.14509251443499,78.4172658601264,33.02240263797
20.6184663,0.995174527168274,0.105494014533392,9.4355111758764,76.3474220480471,33.02240263797
20.6727773,0.995195388793945,0.111898721673886,7.07498533190881,73.496191415343,33.02240263797
20.8768653,0.995224237442017,0.114158111571268,6.47066286470121,69.9101246662233,33.02240263797
20.9280406,0.99525386095047,0.11434052942347,6.79342988423985,65.6490727060901,33.02240263797
20.9809289,0.995233535766602,0.108058195852549,8.0947584387532,60.7861866415701,27.8692764741088
21.3922741,0.995202124118805,0.122990775081278,2.62655579802005,55.4079177804634,27.8692764741088
21.4448864,0.995211541652679,0.123096060238007,3.24274574829994,49.6140176317899,27.8692764741088
21.4988702,0.995217323303223,0.121932702844162,4.4559426382938,43.5175379057666,27.8692764741088
21.7029046,0.995213150978088,0.121293395177489,5.54336705672894,37.2448305138169,27.8692764741088
21.7539608,0.995330154895782,0.127221410230082,5.59601166548711,30.9355475685633,42.0398476147766
22.025869,0.995277047157288,0.13288123012672,2.78763322228,24.7426413838267,42.0398476147766
22.2284207,0.995240688323975,0.128823478892133,3.33250415707729,18.8323644746333,42.0398476147766
22.2802662,0.995187342166901,0.126608265637215,3.03978577061688,13.3842695572199,42.0398476147766
22.3447217,0.995110869407654,0.127939678807192,1.2238685297057,8.59120954900353,42.0398476147766
22.5557845,0.995149374008179,0.123400024336241,1.33385835815933,4.65933756862664,52.944526262568
22.8153356,0.99505740404129,0.122611519446417,0.1938918648422,1.80810693592335,52.944526262568
22.8704023,0.994961380958557,0.119258003276879,0.00800000000000267,0.270271171926595,52.944526262568
23.0786491,0.994855880737305,0.115560975007332,0.0136081351577957,0.270271171926595,52.944526262568
23.1290047,0.994968116283417,0.115471912246576,0.0623589432355018,1.80810693592335,52.944526262568
23.181982,0.995048701763153,0.118890842405449,0.202131470294297,4.65933756862664,50.9606406162494
23.6032797,0.995137989521027,0.122060615985023,0.459867756764503,8.59120954900684,50.9606406162494
23.6554561,0.99521404504776,0.125290224633034,0.607172943480997,13.3842695572165,50.9606406162494
23.7079472,0.99528169631958,0.127265457087968,1.17214387772,18.8323644746333,50.9606406162494
23.9492792,0.995337426662445,0.129196608585979,1.66657842035116,24.7426413838267,50.9606406162494
24.0007295,0.995396852493286,0.132098847855674,2.09442746849944,30.9355475685633,52.531701586022
24.2591878,0.995433032512665,0.133101867794541,2.7880573617063,37.2448305138202,52.531701586022
24.4609138,0.995463967323303,0.131250524178292,4.06404380071048,43.5175379057666,52.531701586022
24.5128827,0.995482802391052,0.126775138583803,4.95834464375488,49.6140176317866,52.531701586022
24.5677053,0.99548202753067,0.125969537373786,4.4562415612468,55.4079177804634,52.531701586022
24.797212,0.995496809482574,0.118235624349903,6.15156490404564,60.7861866415668,53.2990272386663
25.0765765,0.995465576648712,0.122439049940633,3.79329734167661,65.6490727060934,53.2990272386663
25.1310361,0.99546080827713,0.115846973695863,5.8906030816633,69.9101246662233,53.2990272386663
25.3375217,0.995449841022491,0.109193074055582,8.0954888241236,73.4961914153433,53.2990272386663
25.3889292,0.995429039001465,0.103884367354188,9.84279652489886,76.3474220480467,53.2990272386663
25.4422454,0.995137274265289,0.111397743276166,6.85239916143892,78.4172658601266,30.0364940974358
25.8530529,0.995108723640442,0.105009244879834,9.24257333187808,79.6724723485767,30.0364940974358
25.9061232,0.995075404644012,0.0987238923661462,11.6453660682152,80.0930912115933,30.0364940974358
25.9591831,0.995033860206604,0.110601463514736,6.79882689287385,79.6724723485767,30.0364940974358
26.1647211,0.99509197473526,0.108528041788889,7.68488798729024,78.4172658601266,30.0364940974358
26.2167046,0.995135903358459,0.106022627262167,9.4389808759273,76.3474220480467,28.4387465695319
26.4863625,0.995193839073181,0.10112537717193,11.6403969183367,73.4961914153433,28.4387465695319
26.6920426,0.995244204998016,0.0967550694572437,13.718020861714,69.9101246662234,28.4387465695319
26.7432225,0.995286762714386,0.0928665037114505,15.687493042471,65.64907270609,28.4387465695319
26.7961543,0.995241522789001,0.114300480849746,7.50567286503964,60.7861866415707,28.4387465695319
27.0005132,0.995349049568176,0.115548291239378,7.91336927457786,55.407917780462,37.8983746819166
27.2623909,0.995362162590027,0.114408993869966,9.04141540112076,49.6140176317893,37.8983746819166
27.3173363,0.995327413082123,0.125979521198707,5.10396196242746,43.5175379057677,37.8983746819166
27.5301369,0.995305120944977,0.131074020179921,3.87486322882682,37.2448305138177,37.8983746819166
27.5816998,0.995281219482422,0.134036486703466,3.59222360415747,30.9355475685623,37.8983746819166
27.6351372,0.9952672123909,0.127896141957613,4.09363177227997,24.742641383826,39.2438983975773
28.0759825,0.995198011398315,0.133881123436641,0.569972027362054,18.8323644746353,39.2438983975773
28.127862,0.995149791240692,0.129973095032649,0.966131293235568,13.3842695572179,39.2438983975773
28.1808548,0.995089828968048,0.12617826038091,1.22386852970567,8.5912095490033,39.2438983975773
28.3867847,0.99501758813858,0.122527526545775,1.33453631712456,4.65933756862806,39.2438983975773
28.439284,0.995077908039093,0.121163939076037,0.843943382932276,1.80810693592406,53.7016235139861
28.6989778,0.994978308677673,0.118928020182003,0.202,0.270271171925647,53.7016235139861
28.9047085,0.994892835617065,0.110915565665751,0.181285388315683,0.54054234385611,53.7016235139861
28.9561054,0.995094060897827,0.0948375272993972,0.137292225871065,3.61621387184606,53.7016235139861
29.0091184,0.995288729667664,0.0971404470912098,0.404262940588781,9.31867513725447,53.7016235139861
29.2123911,0.995433568954468,0.103725938740131,0.864337493184832,17.1824190980072,51.2414629478969
29.4801488,0.995576441287994,0.109779242764559,1.31879168696194,26.7685391144342,51.2414629478969
29.5328351,0.995691061019897,0.116993114045008,1.12966233544004,37.66472894927,51.2414629478969
29.7479162,0.995795905590057,0.119621652728717,2.61429079846964,49.4852827676533,51.2414629478969
29.7992902,0.995881915092468,0.121206114792908,4.34475216072128,61.871095137126,51.2414629478969
29.8640866,0.995836853981018,0.127938859447394,4.09111912341251,74.4896610276363,39.6690830533498
30.2742636,0.995893478393555,0.124081705785641,6.7021669977585,87.035075811533,39.6690830533498
30.3268845,0.995935261249542,0.112258693555809,9.65010992875063,99.22803526358,39.6690830533498
30.3791728,0.995924234390259,0.114179630862173,7.21762367635197,110.815835560923,39.6690830533498
30.5806085,0.995934009552002,0.103531963578341,10.0346523499956,121.572373283137,39.6690830533498
30.6324373,0.995980322360992,0.0893351148809843,13.8876133833532,131.298145412183,44.9239255980563
30.901772,0.995971977710724,0.0761468780933284,18.0822061633265,139.820249332443,44.9239255980563
31.1039717,0.995952069759369,0.0629800479950572,22.4353927884436,146.992382830687,44.9239255980563
31.1558613,0.99591851234436,0.0510501750672486,26.4617593947195,152.694844096097,44.9239255980563
31.2083049,0.99579930305481,0.0660080146508536,19.7848557303681,156.834531720253,44.9239255980563
31.4130073,0.99590539932251,0.0594923018790174,21.3968336088196,159.344944697153,65.5496439720679
31.6706515,0.995828866958618,0.054162178616329,23.2817927363478,160.186182423187,65.5496439720679
31.7238417,0.995830774307251,0.0525164005222498,23.8684048040335,159.344944697153,65.5496439720679
31.922883,0.995927274227142,0.0485641815764283,25.5520906461699,156.834531720257,65.5496439720679
31.9742191,0.996005654335022,0.0482143504310492,25.9670260984521,152.694844096093,65.5496439720679
32.0272034,0.995958030223846,0.0680090806819893,18.4776784367741,146.992382830683,57.9014211850888
32.4851863,0.996042668819427,0.0591559539596054,22.6700962166468,139.820249332447,57.9014211850888
32.5487575,0.996112167835236,0.051772344601858,26.4481638078134,131.298145412183,57.9014211850888
32.6015112,0.996107757091522,0.0682317237912106,20.768794342365,121.572373283137,57.9014211850888
32.805793,0.996118247509003,0.0747987342610573,19.2523584768588,110.815835560927,57.9014211850888
32.8585481,0.996195614337921,0.0783371602371585,18.6317433874959,99.2280352635765,67.2377517052866
33.1174692,0.996175408363342,0.0873051339628265,16.4988852765876,87.0350758115364,67.2377517052866
33.3176612,0.996169030666351,0.0859566205975242,18.7034867184007,74.4896610276337,67.2377517052866
33.3693645,0.996142148971558,0.0871884838049395,20.0339805047176,61.8710951371265,67.2377517052866
33.4222018,0.99602609872818,0.108727045280775,10.2627551717649,49.4852827676501,67.2377517052866
33.6278071,0.995921194553375,0.109090932940821,8.33365702647898,37.6647289492733,64.5377770352048
33.8989905,0.995827555656433,0.105272153591379,7.50826448647109,26.7685391144331,64.5377770352048
33.9523746,0.9956955909729,0.107346699711514,4.11751396360832,17.1824190980071,64.5377770352048
34.1497548,0.995551407337189,0.10553263968488,2.12424852248713,9.31867513725659,64.5377770352048
34.2026603,0.995390594005585,0.100902205746902,1.09120706691084,3.61621387185001,64.5377770352048
34.2551679,0.995136797428131,0.0930114842955087,0.920000000000002,0.540542343849874,57.0671045933003
34.6662393,0.995142459869385,0.0703731208776693,0.0486488109470429,1.6216270315681,57.0671045933003
34.7181888,0.995556831359863,0.00474796393885311,0.362206059412983,10.8486416155301,57.0671045933003
34.7711158,0.996065318584442,0.00720457778378418,1.16378882176605,27.9560254117693,57.0671045933003
34.9896025,0.996471762657166,0.0266596472559587,2.53697754760424,51.5472572940325,57.0671045933003
35.0425733,0.996629297733307,0.0485664389437903,4.16684906671831,80.3056173432992,32.7769991053154
35.3133724,0.996904373168945,0.0608518291609125,7.34520066632001,112.9941868478,32.7769991053154
35.517613,0.997125089168549,0.0687610383801973,11.781224116102,148.455848302967,32.7769991053154
35.5705988,0.997297406196594,0.0739076282536079,16.8024431558906,185.613285411368,32.7769991053154
35.6241746,0.997405469417572,0.0897563842619783,16.9717222689058,223.468983082932,32.7769991053154
35.8254961,0.997539222240448,0.0771845857739313,24.5667199933563,261.105227434602,38.6685302179404
36.0834814,0.997614026069641,0.0415079224202011,33.490024166998,297.68410579073,38.6685302179404
36.1372269,0.997636020183563,0.0216955310634697,36.5232009352242,332.447506682767,38.6685302179404
36.342002,0.997662782669067,-0.0164170901951609,47.4645922246582,364.717119849403,38.6685302179404
36.3935317,0.997668147087097,-0.0553984806535702,59.2813439310597,393.894436236565,38.6685302179404
36.4449218,0.99769514799118,-0.0942306973244511,71.8651091330395,419.460747997334,47.3430718210796
36.8606462,0.997661530971527,-0.134135162258846,85.0943816673838,440.977148492035,47.3430718210796
36.9114724,0.997525572776794,-0.174072572967793,98.8368859728932,458.084532288296,47.3430718210796
36.9642971,0.997191846370697,-0.122931326408977,76.2849714936907,470.503595160767,47.3430718210796
37.1645947,0.996952772140503,-0.146819333878457,84.605021275933,478.034834091469,47.3430718210796
37.2160648,0.996606230735779,-0.16590982780994,90.6867912874858,480.558547269531,39.409859692478
37.4871441,0.996360957622528,-0.119561244075478,71.689148568707,478.034834091469,39.409859692478
37.6895885,0.996534824371338,-0.152183002670718,85.1553762719359,470.503595160767,39.409859692478
37.7421105,0.996686160564423,-0.184005100806412,98.813927055259,458.084532288296,39.409859692478
37.7951835,0.996812283992767,-0.213474167021404,112.04338151002,440.977148492035,39.409859692478
38.0148994,0.996874630451202,-0.240078060253329,124.567799216333,419.460747997334,33.5322142208723
38.2825239,0.996859312057495,-0.220197486359115,118.900373599108,393.894436236565,33.5322142208723
38.3349002,0.996713697910309,-0.149422471935457,93.1654880506852,364.717119849403,33.5322142208723
38.5364487,0.996687233448029,-0.142501856685638,93.7872765963026,332.447506682797,33.5322142208723
38.5881409,0.996630609035492,-0.132216080996246,93.5521985771183,297.684105790734,33.5322142208723
38.6414966,0.996553957462311,-0.138756426131332,101.380039026283,261.105227434602,28.1043922001587
39.1036153,0.996238589286804,-0.0458859588423697,68.78372532225,223.468983082898,28.1043922001587
39.1570538,0.996116042137146,-0.0460312753913441,74.352123884591,185.613285411368,28.1043922001587
39.2110468,0.995910704135895,-0.0523332873419078,73.7187899596379,148.455848302967,28.1043922001587
39.4283646,0.995656728744507,-0.0681485583841141,73.5202013999682,112.9941868478,28.1043922001587
39.4813538,0.995442688465118,-0.0792238258254063,70.2217112353515,80.3056173432992,41.2979746072129
39.7560127,0.994638085365295,0.0231823591317946,21.0982561963682,51.5472572940325,41.2979746072129
39.959511,0.994093418121338,0.0118631464786941,17.5142955570966,27.9560254117674,41.2979746072129
40.0219121,0.993435502052307,-0.00428393368167318,15.2972480010817,10.8486416155339,41.2979746072129
40.0743362,0.992618262767792,-0.0216210579681718,13.012,1.6216270315662,41.2979746072129
40.2766177,0.991858899593353,-0.0434379173161109,12.9466821921967,1.6216270315662,26.195680581873
40.536722,0.992324411869049,-0.0192237037048395,3.25958730934588,10.8486416155339,26.195680581873
40.5900802,0.99318128824234,0.00787595954283022,1.21278882176603,27.9560254117674,26.195680581873
40.7941628,0.993908405303955,0.0270066100696536,2.759206540587,51.5472572940325,26.195680581873
40.8453847,0.994503974914551,0.0426647614118484,5.16837506088598,80.3056173432992,26.195680581873
40.8965189,0.995239615440369,0.0625517719755243,5.79907566631999,112.9941868478,52.6881738550701
41.3227458,0.995626509189606,0.0705551327470051,10.252876115409,148.455848302967,52.6881738550701
41.3747476,0.995947599411011,0.0745077826472686,15.7764106903543,185.613285411368,52.6881738550701
41.4280799,0.996174931526184,0.0896620537801374,16.2441878483046,223.468983082932,52.6881738550701
41.6314634,0.996386528015137,0.083413496673847,21.9388001048139,261.105227434602,52.6881738550701
41.6834609,0.996685028076172,0.0504320782427094,29.4902547904917,297.68410579073,69.8813585425167
41.941905,0.996830642223358,0.0146266405007804,39.009449367481,332.447506682767,69.8813585425167
42.1466184,0.996950685977936,-0.0233880052943056,49.9262499805532,364.717119849403,69.8813585425167
42.1970601,0.997044682502747,-0.0615601263134855,61.4274736784878,393.894436236565,69.8813585425167
42.2498985,0.997062742710114,-0.0730725584569234,62.682743729947,419.460747997334,69.8813585425167
42.4777729,0.997274875640869,-0.100861640138741,69.4882560940628,440.977148492035,102.259621433778
42.7528327,0.997217237949371,-0.0914830451940728,63.3547171271287,458.084532288296,102.259621433778
42.8074381,0.997230648994446,-0.128381209509513,76.429576768213,470.503595160767,102.259621433778
43.0157849,0.997233211994171,-0.167111083796861,90.7627517943979,478.034834091469,102.259621433778
43.0667764,0.997219383716583,-0.203891524811227,104.827891552387,480.558547269531,102.259621433778
43.1183914,0.997319996356964,-0.216003864871173,108.553537264874,478.034834091469,100.293050518594
43.5193918,0.997485101222992,-0.165199666301303,88.3100207956824,470.503595160767,100.293050518594
43.5714214,0.99772310256958,-0.175909444069495,93.4411362812828,458.084532288296,100.293050518594
43.6258752,0.997809290885925,-0.1560962994668,86.7780891734867,440.977148492035,100.293050518594
43.8335537,0.997937381267548,-0.177811003502268,97.3919149359025,419.460747997334,100.293050518594
43.8868545,0.997813105583191,-0.194075424048597,108.596790041989,393.894436236565,46.4332309303193
44.1556899,0.997906625270844,-0.213968875792792,119.527550632519,364.717119849403,46.4332309303193
44.3647407,0.997973680496216,-0.230162097260495,129.484141856389,332.447506682797,46.4332309303193
44.4165576,0.998013973236084,-0.241714500861847,138.087220096081,297.684105790734,46.4332309303193
44.4693935,0.997999131679535,-0.227182721889956,136.673084373705,261.105227434602,46.4332309303193
44.6716748,0.998139202594757,-0.225188819064861,138.554716153483,223.468983082898,87.7471611690912
44.9291746,0.997982442378998,-0.133684157756533,107.080034035862,185.613285411368,87.7471611690912
44.9944266,0.997770190238953,-0.0527895454591574,71.2341393395246,148.455848302967,87.7471611690912
45.1965767,0.997635066509247,-0.0585259988911016,66.9947795969317,112.9941868478,87.7471611690912
45.2479844,0.997459411621094,-0.0649816078352367,62.5027668616071,80.3056173432992,87.7471611690912
45.3002554,0.996989607810974,-0.0494608636795458,50.8744920194266,51.5472572940325,52.1894079625141
45.7167387,0.996713876724243,-0.0715060238124566,51.646891940587,27.9560254117693,52.1894079625141
45.7682676,0.996365010738373,-0.093805961441133,51.957027196057,10.8486416155301,52.1894079625141
45.8215046,0.995888411998749,-0.102780084661309,46.3394150974573,1.6216270315681,52.1894079625141
46.0249505,0.995520710945129,-0.112064317483735,43.2793881099265,1.30739751001921,52.1894079625141
46.0756466,0.996019184589386,-0.086995237275454,38.759638033737,8.74645449232628,82.8343525690969
46.3370922,0.996148705482483,0.0298583090985201,0.81886467549411,22.5388682487681,82.8343525690969
46.5399322,0.996473371982574,0.0452137027682653,2.02517425045182,41.5587274522116,82.8343525690969
46.5919539,0.996739327907562,0.0577725083819335,3.96215017962519,64.7444585658053,82.8343525690969
46.6447694,0.996956527233124,0.0673087084736596,6.69031483115653,91.0988258426432,82.8343525690969
46.8468653,0.996955335140228,0.078068184287836,10.278553487972,119.688931326081,53.8284398775169
47.1156996,0.997072756290436,0.0976023821053133,8.09207009754684,149.64621484951,53.8284398775169
47.1683544,0.9971923828125,0.0973590171342989,13.4845896156176,180.166454036435,53.8284398775169
47.3698364,0.997283279895782,0.0883723439542023,19.6628246209899,210.509764300615,53.8284398775169
47.4321744,0.997345924377441,0.0618835025746645,25.9363538173803,240.000598845651,53.8284398775169
47.4840497,0.997250139713287,0.0640271772942209,22.1259975988605,268.027748665572,38.189512058825
47.9386032,0.997275292873383,0.0333229726335697,30.9473273204081,294.044342544308,38.189512058825
47.9912769,0.997280359268188,0.00189608222324777,40.4743624045442,317.567847055981,38.189512058825
48.04499,0.997227549552917,-0.00931612894864422,42.244713499428,338.180066564854,38.189512058825
48.2519472,0.997172117233276,-0.029517217928419,48.0728419789784,355.527143225273,38.189512058825
48.304875,0.997156620025635,-0.0495248791577618,53.3275578118034,369.319556981698,48.8741752684334
48.5749496,0.997030556201935,-0.051944091480966,52.7975035808095,379.332125568725,48.8741752684334
48.7893524,0.996944665908813,-0.0831027434628121,64.3196253976102,385.404004511044,48.8741752684334
48.8402311,0.996842443943024,-0.113487516112638,75.9427860064746,387.438687123502,48.8741752684334
48.8919988,0.996837139129639,-0.113465819743476,75.7339229349888,385.404004511044,48.8741752684334
49.0981671,0.997169494628906,-0.132259551643314,81.9379057523296,379.332125568727,73.3673212428836
49.3558253,0.997217833995819,-0.0891679717661314,65.2089065095265,369.319556981697,73.3673212428836
49.4093958,0.99733954668045,-0.0933604493157401,67.9639292870471,355.527143225272,73.3673212428836
49.6146613,0.997472107410431,-0.114557292130236,78.0175867578494,338.180066564875,73.3673212428836
49.6680877,0.997579991817474,-0.133401119637815,87.5446757938743,317.56784705596,73.3673212428836
49.7209221,0.997619390487671,-0.136353174671977,90.6405829424709,294.044342544308,68.9374666194089
50.1567397,0.997577965259552,-0.0855569748177017,72.8664848838166,268.027748665576,68.9374666194089
50.2077719,0.997585237026215,-0.075469242791164,71.9655002761796,240.000598845672,68.9374666194089
50.2620257,0.997488439083099,-0.0149051951746615,51.0740727089065,210.509764300593,68.9374666194089
50.4620823,0.997455775737762,-0.00521939670826634,51.179007400202,180.166454036433,68.9374666194089
50.5136025,0.997361719608307,0.00706500995710909,51.1462184929648,149.646214849532,62.2348288223689
50.7743495,0.997242569923401,0.0187808144034902,43.8628202404505,119.688931326061,62.2348288223689
51.0132194,0.997138381004333,-0.00108703293562322,46.5957850156555,91.0988258426423,62.2348288223689
51.0632907,0.996996641159058,-0.0200701166839198,48.5381187725819,64.7444585658064,62.2348288223689
51.1146171,0.996812403202057,-0.0383910293036548,49.7848805961196,41.5587274522114,62.2348288223689
51.3785555,0.996599793434143,-0.0519812252975862,50.4610466435677,22.538868248768,65.1314182108729
51.6487383,0.996045529842377,5.03246061026263,9.28040094882173,8.74645449235217,65.1314182108729
