run_id,robot,arm_id,step_idx,time_s,target_x,target_y,target_z,meas_x,meas_y,meas_z,dt
20260412_194451,kuka,kuka_main,1,0.0003259,550,0,650,550,-4.67453767e-16,650,0.03
20260412_194451,kuka,kuka_main,2,0.2836173,550.010216250299,-0.0285406357556025,649.990108075107,550,-1.32157834e-06,650,0.03
20260412_194451,kuka,kuka_main,3,0.3363981,550.078562692477,-0.219476728189075,649.923931361253,550.005615,-0.0163555,649.994385,0.03
20260412_194451,kuka,kuka_main,4,0.406967,550.254685652571,-0.711502775436111,649.753399606241,550.005615,-0.0163555,649.994385,0.03
20260412_194451,kuka,kuka_main,5,0.6210466,550.579433373523,-1.61873450381089,649.438961336747,550.005615,-0.0163555,649.994385,0.03
20260412_194451,kuka,kuka_main,6,0.8827858,551.085358762786,-3.03211336905302,648.949097070953,550.005615,-0.0163555,649.994385,0.03
20260412_194451,kuka,kuka_main,7,0.9417075,551.797222139927,-5.02081105757448,648.259832531182,550.005615,-0.0163555,649.994385,0.03
20260412_194451,kuka,kuka_main,8,1.1387902,552.732493984236,-7.63363398770656,647.354251856534,550.005615,-0.0163555,649.994385,0.03
20260412_194451,kuka,kuka_main,9,1.1895191,553.901857682328,-10.9004278109468,646.222010815524,550.005615,-0.0163555,649.994385,0.03
20260412_194451,kuka,kuka_main,10,1.2428769,555.30971227575,-14.833481913206,644.858850018718,550.005615,-0.0163555,649.994385,0.03
20260412_194451,kuka,kuka_main,11,1.6914204,556.954675208588,-19.428933916055,643.266108131367,553.902,-10.9,646.222,0.03
20260412_194451,kuka,kuka_main,12,1.7436568,558.83008507507,-24.6681741779719,641.450235086044,553.915344,-10.9363079,646.209412,0.03
20260412_194451,kuka,kuka_main,13,1.7979219,560.924504367171,-30.5192502955887,639.422305295279,556.939575,-19.3846245,643.281372,0.03
20260412_194451,kuka,kuka_main,14,2.0625525,563.222222222222,-36.9382716049383,637.197530864198,556.955,-19.4289875,643.266,0.03
20260412_194451,kuka,kuka_main,15,2.1209254,565.703757170513,-43.8708136827017,634.794774803154,556.955,-19.429,643.266,0.03
20260412_194451,kuka,kuka_main,16,2.3761761,568.346359882896,-51.2533228474547,632.236064240371,556.955,-19.429,643.266,0.03
20260412_194451,kuka,kuka_main,17,2.5968373,571.124515918396,-59.0145206609149,629.546103634569,565.535889,-43.3592682,634.972351,0.03
20260412_194451,kuka,kuka_main,18,2.6611511,574.010448471812,-67.0768084291887,626.751787987611,565.535889,-43.3592682,634.972351,0.03
20260412_194451,kuka,kuka_main,19,2.713337,576.974621121325,-75.3576717040181,623.88171605713,565.704,-43.871,634.795,0.03
20260412_194451,kuka,kuka_main,20,2.912069,579.986240576101,-83.7710847840279,620.965703569172,565.768555,-44.0335388,634.738892,0.03
20260412_194451,kuka,kuka_main,21,3.1850775,583.013759423899,-92.2289152159722,618.034296430828,565.768555,-44.0335388,634.738892,0.03
20260412_194451,kuka,kuka_main,22,3.2379053,586.025378878675,-100.642328295982,615.11828394287,576.801392,-74.8163528,624.070557,0.03
20260412_194451,kuka,kuka_main,23,3.4479881,588.989551528188,-108.923191570811,612.248212012389,576.801392,-74.8163528,624.070557,0.03
20260412_194451,kuka,kuka_main,24,3.4989169,591.875484081604,-116.985479339085,609.453896365431,576.801392,-74.8163528,624.070557,0.03
20260412_194451,kuka,kuka_main,25,3.5507485,594.653640117104,-124.746677152545,606.763935759629,576.801392,-74.8163528,624.070557,0.03
20260412_194451,kuka,kuka_main,26,3.960824,597.296242829487,-132.129186317298,604.205225196846,576.801392,-74.8163528,624.070557,0.03
20260412_194451,kuka,kuka_main,27,4.0126758,599.777777777778,-139.061728395062,601.802469135803,576.801392,-74.8163528,624.070557,0.03
20260412_194451,kuka,kuka_main,28,4.0654863,602.075495632829,-145.480749704411,599.577694704721,581.036072,-85.1297,620.549255,0.03
20260412_194451,kuka,kuka_main,29,4.2701699,604.16991492493,-151.331825822028,597.549764913956,583.403442,-91.1161118,618.496582,0.03
20260412_194451,kuka,kuka_main,30,4.3213655,606.045324791412,-156.571066083945,595.733891868633,586.213257,-98.5349808,615.941101,0.03
20260412_194451,kuka,kuka_main,31,4.5912827,607.69028772425,-161.166518086794,594.141149981282,597.252319,-131.978989,604.258057,0.03
20260412_194451,kuka,kuka_main,32,4.7880004,609.098142317672,-165.099572189053,592.777989184476,597.296,-132.128922,604.205,0.03
20260412_194451,kuka,kuka_main,33,4.8391727,610.267506015764,-168.366366012293,591.645748143466,597.296,-132.129,604.205,0.03
20260412_194451,kuka,kuka_main,34,4.8921879,611.202777860073,-170.979188942425,590.740167468818,597.296,-132.129,604.205,0.03
20260412_194451,kuka,kuka_main,35,5.1034952,611.914641237214,-172.967886630947,590.050902929047,597.296,-132.129,604.205,0.03
20260412_194451,kuka,kuka_main,36,5.3550886,612.420566626477,-174.381265496189,589.561038663253,612.421,-174.381,589.561,0.03
20260412_194451,kuka,kuka_main,37,5.4064871,612.745314347429,-175.288497224564,589.246600393759,610.268,-168.366089,591.645935,0.03
20260412_194451,kuka,kuka_main,38,5.6006044,612.921437307523,-175.780523271811,589.076068638747,610.268,-168.366,591.646,0.03
20260412_194451,kuka,kuka_main,39,5.6517316,612.989783749701,-175.971459364245,589.009891924892,610.276428,-168.388992,591.638062,0.03
20260412_194451,kuka,kuka_main,40,5.7038315,613,-176,589,612.601563,-174.868927,589.393433,0.03
20260412_194451,kuka,kuka_main,41,6.1184316,613,-176,588.951351189053,612.601563,-174.868927,589.393433,0.03
20260412_194451,kuka,kuka_main,42,6.1715861,613,-176,588.625891940587,612.601563,-174.868927,589.393433,0.03
20260412_194451,kuka,kuka_main,43,6.2243185,613,-176,587.787211178234,612.601563,-174.868927,589.393433,0.03
20260412_194451,kuka,kuka_main,44,6.4283226,613,-176,586.240793459413,612.601563,-174.868927,589.393433,0.03
20260412_194451,kuka,kuka_main,45,6.478968,613,-176,583.831624939114,612.601563,-174.868927,589.393433,0.03
20260412_194451,kuka,kuka_main,46,6.7420937,613,-176,580.44179933368,612.601563,-174.868927,589.393433,0.03
20260412_194451,kuka,kuka_main,47,6.9386293,613,-176,575.988123884591,613.000061,-176.000015,587.776733,0.03
20260412_194451,kuka,kuka_main,48,6.9900898,613,-176,570.41972532225,613.003174,-176.0009,587.236,0.03
20260412_194451,kuka,kuka_main,49,7.045107,613,-176,563.715655829762,613.001404,-176.000412,580.678101,0.03
20260412_194451,kuka,kuka_main,50,7.243911,613,-176,555.882499006724,613,-176,580.441895,0.03
20260412_194451,kuka,kuka_main,51,7.5088858,613,-176,546.951975833002,613,-176,580.442,0.03
20260412_194451,kuka,kuka_main,52,7.5743437,613,-176,536.978550632519,613,-176,580.442,0.03
20260412_194451,kuka,kuka_main,53,7.8173825,613,-176,526.037037037037,613.232788,-176.066696,564.938599,0.03
20260412_194451,kuka,kuka_main,54,7.8703003,613,-176,514.22020394994,613.232788,-176.066696,564.938599,0.03
20260412_194451,kuka,kuka_main,55,7.923314,613,-176,501.63638151002,613.232788,-176.066696,564.938599,0.03
20260412_194451,kuka,kuka_main,56,8.3545896,613,-176,488.407067055259,613.232788,-176.066696,564.938599,0.03
20260412_194451,kuka,kuka_main,57,8.4055743,613,-176,474.66453108661,613.232788,-176.066696,564.938599,0.03
20260412_194451,kuka,kuka_main,58,8.4578297,613,-176,460.549423231787,613.281189,-176.080475,541.819763,0.03
20260412_194451,kuka,kuka_main,59,8.6633108,613,-176,446.208378209043,613.457642,-176.131,538.114441,0.03
20260412_194451,kuka,kuka_main,60,8.7144566,613,-176,431.791621790957,613.713318,-176.204193,531.620239,0.03
20260412_194451,kuka,kuka_main,61,8.9811919,613,-176,417.450576768213,613.713318,-176.204193,531.620239,0.03
20260412_194451,kuka,kuka_main,62,9.180271,613,-176,403.33546891339,613.713318,-176.204193,531.620239,0.03
20260412_194451,kuka,kuka_main,63,9.2321952,613,-176,389.592932944741,613.713318,-176.204193,531.620239,0.03
20260412_194451,kuka,kuka_main,64,9.2850631,613,-176,376.36361848998,613,-176,474.665,0.03
20260412_194451,kuka,kuka_main,65,9.5268881,613,-176,363.77979605006,613,-176,474.665,0.03
20260412_194451,kuka,kuka_main,66,9.7844167,613,-176,351.962962962963,613,-176,474.665,0.03
20260412_194451,kuka,kuka_main,67,9.8368156,613,-176,341.021449367481,614.869446,-176.534058,433.845337,0.03
20260412_194451,kuka,kuka_main,68,10.0380435,613,-176,331.048024166998,614.924072,-176.549667,423.702454,0.03
20260412_194451,kuka,kuka_main,69,10.1021149,613,-176,322.117500993275,614.858337,-176.530884,416.151794,0.03
20260412_194451,kuka,kuka_main,70,10.1550385,613,-176,314.284344170237,613.968933,-176.27681,390.787,0.03
20260412_194451,kuka,kuka_main,71,10.5834547,613,-176,307.58027467775,613.083191,-176.023773,377.430084,0.03
20260412_194451,kuka,kuka_main,72,10.6353549,613,-176,302.011876115409,613.018311,-176.005234,376.59668,0.03
20260412_194451,kuka,kuka_main,73,10.689543,613,-176,297.55820066632,613,-176,376.364,0.03
20260412_194451,kuka,kuka_main,74,10.8898595,613,-176,294.168375060886,613.002441,-176.000687,376.324646,0.03
20260412_194451,kuka,kuka_main,75,10.9406851,613,-176,291.759206540587,613.03595,-176.010239,375.779236,0.03
20260412_194451,kuka,kuka_main,76,11.1992025,613,-176,290.212788821766,614.20752,-176.343872,340.927185,0.03
20260412_194451,kuka,kuka_main,77,11.3966124,613,-176,289.374108059413,614.213623,-176.345612,334.099152,0.03
20260412_194451,kuka,kuka_main,78,11.4477858,613,-176,289.048648810947,614.161499,-176.330765,328.313446,0.03
20260412_194451,kuka,kuka_main,79,11.5003823,613,-176,289,614.161499,-176.330765,328.313446,0.03
20260412_194451,kuka,kuka_main,80,11.7368825,613,-176,289.048648810947,613.32666,-176.093018,303.233307,0.03
20260412_194451,kuka,kuka_main,81,12.0044069,613,-176,289.374108059413,613,-176,297.558289,0.03
20260412_194451,kuka,kuka_main,82,12.0568102,613,-176,290.212788821766,613,-176,297.558,0.03
20260412_194451,kuka,kuka_main,83,12.2680994,613,-176,291.759206540587,613,-176,297.558,0.03
20260412_194451,kuka,kuka_main,84,12.3197065,613,-176,294.168375060886,613,-176,297.558,0.03
20260412_194451,kuka,kuka_main,85,12.372551,613,-176,297.55820066632,613.00354,-176.000992,290.884186,0.03
20260412_194451,kuka,kuka_main,86,12.7951544,613,-176,302.011876115409,613.00354,-176.000992,290.884186,0.03
20260412_194451,kuka,kuka_main,87,12.8448675,613,-176,307.58027467775,613.00354,-176.000992,290.884186,0.03
20260412_194451,kuka,kuka_main,88,12.8985805,613,-176,314.284344170238,613.025208,-176.007217,294.462646,0.03
20260412_194451,kuka,kuka_main,89,13.0907913,613,-176,322.117500993276,613.027039,-176.007736,296.728485,0.03
20260412_194451,kuka,kuka_main,90,13.1415751,613,-176,331.048024166998,613.016357,-176.004684,299.854309,0.03
20260412_194451,kuka,kuka_main,91,13.4069893,613,-176,341.021449367481,613,-176,302.012,0.03
20260412_194451,kuka,kuka_main,92,13.6139089,613,-176,351.962962962963,613,-176,302.012,0.03
20260412_194451,kuka,kuka_main,93,13.6642539,613,-176,363.77979605006,613,-176,302.012,0.03
20260412_194451,kuka,kuka_main,94,13.716793,613,-176,376.36361848998,613.18219,-176.05217,309.330139,0.03
20260412_194451,kuka,kuka_main,95,13.9295944,613,-176,389.592932944741,613.18219,-176.05217,309.330139,0.03
20260412_194451,kuka,kuka_main,96,14.1835601,613,-176,403.33546891339,613.178589,-176.051132,333.889,0.03
20260412_194451,kuka,kuka_main,97,14.2356215,613,-176,417.450576768213,613,-176,341.02063,0.03
20260412_194451,kuka,kuka_main,98,14.4487719,613,-176,431.791621790957,613,-176,341.02063,0.03
20260412_194451,kuka,kuka_main,99,14.500087,613,-176,446.208378209043,613.000366,-176.000092,341.025787,0.03
20260412_194451,kuka,kuka_main,100,14.5530399,613,-176,460.549423231787,613.000366,-176.000092,341.025787,0.03
20260412_194451,kuka,kuka_main,101,14.9633585,613,-176,474.66453108661,614.253235,-176.359131,364.570526,0.03
20260412_194451,kuka,kuka_main,102,15.0149725,613,-176,488.407067055259,614.458496,-176.417938,371.698578,0.03
20260412_194451,kuka,kuka_main,103,15.0787782,613,-176,501.63638151002,614.458496,-176.417938,371.698578,0.03
20260412_194451,kuka,kuka_main,104,15.2918467,613,-176,514.22020394994,614.458496,-176.417938,371.698578,0.03
20260412_194451,kuka,kuka_main,105,15.342336,613,-176,526.037037037037,614.458496,-176.417938,371.698578,0.03
20260412_194451,kuka,kuka_main,106,15.665509,613,-176,536.978550632519,613,-176,431.792,0.03
20260412_194451,kuka,kuka_main,107,15.8672734,613,-176,546.951975833003,613,-176,431.792,0.03
20260412_194451,kuka,kuka_main,108,15.9178483,613,-176,555.882499006725,613.03418,-176.009796,432.189667,0.03
20260412_194451,kuka,kuka_main,109,15.9704709,613,-176,563.715655829763,613.710632,-176.203827,440.825104,0.03
20260412_194451,kuka,kuka_main,110,16.1774944,613,-176,570.41972532225,613.710632,-176.203827,440.825104,0.03
20260412_194451,kuka,kuka_main,111,16.4416623,613,-176,575.988123884591,615.190186,-176.628174,475.977051,0.03
20260412_194451,kuka,kuka_main,112,16.4941851,613,-176,580.44179933368,615.190186,-176.628174,475.977051,0.03
20260412_194451,kuka,kuka_main,113,16.7010504,613,-176,583.831624939114,614.325317,-176.380112,517.936951,0.03
20260412_194451,kuka,kuka_main,114,16.7541807,613,-176,586.240793459413,613.964844,-176.276718,524.023743,0.03
20260412_194451,kuka,kuka_main,115,16.8091007,613,-176,587.787211178234,613.964844,-176.276718,524.023743,0.03
20260412_194451,kuka,kuka_main,116,17.2589577,613,-176,588.625891940587,613.964844,-176.276718,524.023743,0.03
20260412_194451,kuka,kuka_main,117,17.3096856,613,-176,588.951351189053,613.964844,-176.276718,524.023743,0.03
20260412_194451,kuka,kuka_main,118,17.3611617,613,-176,589,613.964844,-176.276718,524.023743,0.03
20260412_194451,kuka,kuka_main,119,17.5887137,613,-175.986216170232,589,613.403259,-176.115692,549.196045,0.03
20260412_194451,kuka,kuka_main,120,17.651251,613,-175.8940027165,589,613.511475,-176.146759,555.388611,0.03
20260412_194451,kuka,kuka_main,121,17.9246194,613,-175.6563765005,589,613,-176,588.626,0.03
20260412_194451,kuka,kuka_main,122,18.16245,613,-175.2182248135,589,613,-176,588.626,0.03
20260412_194451,kuka,kuka_main,123,18.2134707,613,-174.535627066082,589,613,-175.977036,588.636963,0.03
20260412_194451,kuka,kuka_main,124,18.2654114,613,-173.575176477876,589,613,-175.218,589,0.03
20260412_194451,kuka,kuka_main,125,18.4699539,613,-172.313301767301,589,613.000061,-175.180466,589,0.03
20260412_194451,kuka,kuka_main,126,18.7267938,613,-170.735588841304,589,613,-173.575,589,0.03
20260412_194451,kuka,kuka_main,127,18.778541,613,-168.836102485099,589,613,-173.575,589,0.03
20260412_194451,kuka,kuka_main,128,18.9847102,613,-166.616708051905,589,613,-173.575,589,0.03
20260412_194451,kuka,kuka_main,129,19.0345995,613,-164.086393152684,589,613,-173.575,589,0.03
20260412_194451,kuka,kuka_main,130,19.0873175,613,-161.26058934588,589,613,-173.575,589,0.03
20260412_194451,kuka,kuka_main,131,19.5066645,613,-158.160493827161,589,613,-173.575,589,0.03
20260412_194451,kuka,kuka_main,132,19.5591488,613,-154.81239111915,589,613,-173.575,589,0.03
20260412_194451,kuka,kuka_main,133,19.611686,613,-151.246974761172,589,613,-173.575,589,0.03
20260412_194451,kuka,kuka_main,134,19.8172029,613,-147.49866899899,589,613,-158.159714,589,0.03
20260412_194451,kuka,kuka_main,135,19.868602,613,-143.60495047454,589,613,-158.159714,589,0.03
20260412_194451,kuka,kuka_main,136,20.1227624,613,-139.605669915673,589,613.000122,-143.613235,589,0.03
20260412_194451,kuka,kuka_main,137,20.33408,613,-135.542373825896,589,613,-143.605,589,0.03
20260412_194451,kuka,kuka_main,138,20.3859822,613,-131.457626174104,589,613,-143.605,589,0.03
20260412_194451,kuka,kuka_main,139,20.4387193,613,-127.394330084327,589,613,-143.605,589,0.03
20260412_194451,kuka,kuka_main,140,20.6352463,613,-123.39504952546,589,613,-143.605,589,0.03
20260412_194451,kuka,kuka_main,141,20.9665538,613,-119.50133100101,589,613,-119.501,589,0.03
20260412_194451,kuka,kuka_main,142,21.0180727,613,-115.753025238828,589,613,-119.501,589,0.03
20260412_194451,kuka,kuka_main,143,21.2229087,613,-112.18760888085,589,613.022034,-122.475433,589.000671,0.03
20260412_194451,kuka,kuka_main,144,21.2740551,613,-108.83950617284,589,613.022034,-122.475433,589.000671,0.03
20260412_194451,kuka,kuka_main,145,21.3274625,613,-105.73941065412,589,613,-119.501,589,0.03
20260412_194451,kuka,kuka_main,146,21.7426182,613,-102.913606847316,589,613,-119.501,589,0.03
20260412_194451,kuka,kuka_main,147,21.7958181,613,-100.383291948095,589,613.014465,-107.165527,589.000366,0.03
20260412_194451,kuka,kuka_main,148,21.8485087,613,-98.1638975149006,589,613,-105.739,589,0.03
20260412_194451,kuka,kuka_main,149,22.1045784,613,-96.2644111586959,589,613,-105.739,589,0.03
20260412_194451,kuka,kuka_main,150,22.1553592,613,-94.6866982326992,589,613.004822,-104.861526,589.000122,0.03
20260412_194451,kuka,kuka_main,151,22.422485,613,-93.4248235221241,589,613.004822,-104.861526,589.000122,0.03
20260412_194451,kuka,kuka_main,152,22.63596,613,-92.4643729339177,589,613.004822,-104.861526,589.000122,0.03
20260412_194451,kuka,kuka_main,153,22.6900639,613,-91.7817751864995,589,613.004578,-96.0504,589.000061,0.03
20260412_194451,kuka,kuka_main,154,22.7696599,613,-91.3436234995004,589,613,-93.425,589,0.03
20260412_194451,kuka,kuka_main,155,22.9824258,613,-91.1059972835003,589,613.000061,-93.3885193,589,0.03
20260412_194451,kuka,kuka_main,156,23.2433071,613,-91.0137838297682,589,613.000061,-93.3885193,589,0.03
20260412_194451,kuka,kuka_main,157,23.2964537,613,-91,589,613.000061,-93.3885193,589,0.03
20260412_194451,kuka,kuka_main,158,23.5027204,612.982081021301,-90.9862161702317,589,613,-91.0067139,589,0.03
20260412_194451,kuka,kuka_main,159,23.5534255,612.862203531449,-90.8940027164996,589,613,-91.0067139,589,0.03
20260412_194451,kuka,kuka_main,160,23.606672,612.553289450649,-90.6563765004996,589,613,-91.0067139,589,0.03
20260412_194451,kuka,kuka_main,161,24.0242613,611.983692257551,-90.2182248135004,589,612.553,-90.656,589,0.03
20260412_194451,kuka,kuka_main,162,24.0770385,611.096315185907,-89.5356270660824,589,612.547241,-90.6515961,589,0.03
20260412_194451,kuka,kuka_main,163,24.1287157,609.847729421239,-88.575176477876,589,611.984,-90.218,589,0.03
20260412_194451,kuka,kuka_main,164,24.3400395,608.207292297491,-87.3133017673008,589,611.961853,-90.2008743,589.000061,0.03
20260412_194451,kuka,kuka_main,165,24.3911914,606.156265493695,-85.7355888413041,589,611.961853,-90.2008743,589.000061,0.03
20260412_194451,kuka,kuka_main,166,24.6486475,603.686933230629,-83.8361024850994,589,609.848,-88.575,589,0.03
20260412_194451,kuka,kuka_main,167,24.8561489,600.801720467477,-81.6167080519052,589,609.848,-88.575,589,0.03
20260412_194451,kuka,kuka_main,168,24.9077996,597.512311098489,-79.086393152684,589,609.80481,-88.5411072,589.000305,0.03
20260412_194451,kuka,kuka_main,169,24.9611846,593.838766149645,-76.2605893458805,589,609.80481,-88.5411072,589.000305,0.03
20260412_194451,kuka,kuka_main,170,25.1636968,589.808641975309,-73.1604938271605,589,609.80481,-88.5411072,589.000305,0.03
20260412_194451,kuka,kuka_main,171,25.4431701,585.456108454895,-69.8123911191498,589,609.80481,-88.5411072,589.000305,0.03
20260412_194451,kuka,kuka_main,172,25.4948657,580.821067189524,-66.2469747611724,589,597.406555,-78.9378052,589.032532,0.03
20260412_194451,kuka,kuka_main,173,25.6980923,575.948269698687,-62.4986689989899,589,597.406555,-78.9378052,589.032532,0.03
20260412_194451,kuka,kuka_main,174,25.7489721,570.886435616901,-58.6049504745395,589,597.406555,-78.9378052,589.032532,0.03
20260412_194451,kuka,kuka_main,175,25.8024688,565.687370890375,-54.6056699156731,589,585.455688,-69.8117676,589,0.03
20260412_194451,kuka,kuka_main,176,26.2162375,560.405085973664,-50.5423738258956,589,585.455688,-69.8117676,589,0.03
20260412_194451,kuka,kuka_main,177,26.2669914,555.094914026336,-46.4576261741044,589,585.455688,-69.8117676,589,0.03
20260412_194451,kuka,kuka_main,178,26.3188451,549.812629109625,-42.3943300843269,589,579.623901,-65.1311951,589.091187,0.03
20260412_194451,kuka,kuka_main,179,26.524213,544.613564383099,-38.3950495254605,589,579.623901,-65.1311951,589.091187,0.03
20260412_194451,kuka,kuka_main,180,26.5758392,539.551730301313,-34.5013310010101,589,571.147644,-58.5424957,589.123657,0.03
20260412_194451,kuka,kuka_main,181,26.8471727,534.678932810476,-30.7530252388276,589,571.147644,-58.5424957,589.123657,0.03
20260412_194451,kuka,kuka_main,182,27.0575393,530.043891545105,-27.1876088808502,589,560.360413,-50.5055313,589.001,0.03
20260412_194451,kuka,kuka_main,183,27.1102546,525.691358024691,-23.8395061728395,589,560.360413,-50.5055313,589.001,0.03
20260412_194451,kuka,kuka_main,184,27.1619186,521.661233850355,-20.7394106541195,589,560.360413,-50.5055313,589.001,0.03
20260412_194451,kuka,kuka_main,185,27.3617962,517.987688901511,-17.913606847316,589,560.360413,-50.5055313,589.001,0.03
20260412_194451,kuka,kuka_main,186,27.6196117,514.698279532523,-15.3832919480947,589,560.360413,-50.5055313,589.001,0.03
20260412_194451,kuka,kuka_main,187,27.6735849,511.813066769371,-13.1638975149006,589,560.360413,-50.5055313,589.001,0.03
20260412_194451,kuka,kuka_main,188,27.8926833,509.343734506305,-11.2644111586959,589,560.360413,-50.5055313,589.001,0.03
20260412_194451,kuka,kuka_main,189,27.9418985,507.292707702509,-9.68669823269917,589,560.360413,-50.5055313,589.001,0.03
20260412_194451,kuka,kuka_main,190,27.9929104,505.652270578761,-8.42482352212406,589,560.360413,-50.5055313,589.001,0.03
20260412_194451,kuka,kuka_main,191,28.4099801,504.403684814093,-7.46437293391766,589,560.360413,-50.5055313,589.001,0.03
20260412_194451,kuka,kuka_main,192,28.4631908,503.516307742449,-6.78177518649953,589,560.360413,-50.5055313,589.001,0.03
20260412_194451,kuka,kuka_main,193,28.5153158,502.94671054935,-6.34362349950037,589,560.360413,-50.5055313,589.001,0.03
20260412_194451,kuka,kuka_main,194,28.7181858,502.63779646855,-6.10599728350033,589,511.797028,-13.1514282,589.000122,0.03
20260412_194451,kuka,kuka_main,195,28.7689868,502.517918978699,-6.01378382976822,589,511.797028,-13.1514282,589.000122,0.03
20260412_194451,kuka,kuka_main,196,29.0261364,502.5,-6,589,511.797028,-13.1514282,589.000122,0.03
20260412_194451,kuka,kuka_main,197,29.2255783,502.482081021301,-5.97243234046334,589,502.913,-6.31779861,589,0.03
20260412_194451,kuka,kuka_main,198,29.2775782,502.362203531449,-5.78800543299919,589,502.913,-6.31779861,589,0.03
20260412_194451,kuka,kuka_main,199,29.3308402,502.05328945065,-5.31275300099921,589,502.913,-6.31779861,589,0.03
20260412_194451,kuka,kuka_main,200,29.5321309,501.483692257551,-4.43644962700085,589,502.913,-6.31779861,589,0.03
20260412_194451,kuka,kuka_main,201,29.8030565,500.596315185907,-3.0712541321647,589,502.913,-6.31779861,589,0.03
20260412_194451,kuka,kuka_main,202,29.8562192,499.347729421239,-1.15035295575193,589,500.599396,-3.07617188,589,0.03
20260412_194451,kuka,kuka_main,203,30.0661602,497.707292297491,1.37339646539838,589,500.596,-3.07099676,589,0.03
20260412_194451,kuka,kuka_main,204,30.1178455,495.656265493695,4.52882231739181,589,500.596,-3.07099843,589,0.03
20260412_194451,kuka,kuka_main,205,30.182655,493.186933230629,8.32779502980127,589,497.161133,2.24868202,589.00415,0.03
20260412_194451,kuka,kuka_main,206,30.5886245,490.301720467477,12.7665838961895,589,497.161133,2.24868202,589.00415,0.03
20260412_194451,kuka,kuka_main,207,30.6413768,487.012311098489,17.827213694632,589,497.161133,2.24868202,589.00415,0.03
20260412_194451,kuka,kuka_main,208,30.6945465,483.338766149645,23.478821308239,589,490.909058,11.8526115,589.002197,0.03
20260412_194451,kuka,kuka_main,209,30.902104,479.308641975309,29.679012345679,589,490.909058,11.8526115,589.002197,0.03
20260412_194451,kuka,kuka_main,210,30.9523679,474.956108454895,36.3752177617005,589,490.909058,11.8526115,589.002197,0.03
20260412_194451,kuka,kuka_main,211,31.2215694,470.321067189524,43.5060504776551,589,490.302,12.767,589,0.03
20260412_194451,kuka,kuka_main,212,31.425076,465.448269698687,51.0026620020201,589,490.288635,12.7895613,589.000183,0.03
20260412_194451,kuka,kuka_main,213,31.4769585,460.386435616901,58.7900990509209,589,490.028229,13.2282801,589.003967,0.03
20260412_194451,kuka,kuka_main,214,31.5293248,455.187370890375,66.7886601686539,589,482.552429,25.3615189,589.066528,0.03
20260412_194451,kuka,kuka_main,215,31.7280374,449.905085973664,74.9152523482087,589,479.281891,30.4078083,589.068237,0.03
20260412_194451,kuka,kuka_main,216,31.9830885,444.594914026336,83.0847476517913,589,479.281891,30.4078083,589.068237,0.03
20260412_194451,kuka,kuka_main,217,32.0355547,439.312629109625,91.2113398313461,589,470.321,43.506,589,0.03
20260412_194451,kuka,kuka_main,218,32.2872292,434.113564383099,99.2099009490791,589,470.28598,43.5685081,589.00061,0.03
20260412_194451,kuka,kuka_main,219,32.3377603,429.051730301313,106.99733799798,589,469.941772,44.1812553,589.00647,0.03
20260412_194451,kuka,kuka_main,220,32.3902236,424.178932810476,114.493949522345,589,469.941772,44.1812553,589.00647,0.03
20260412_194451,kuka,kuka_main,221,32.8076605,419.543891545105,121.6247822383,589,442.88797,86.3677292,589.047302,0.03
20260412_194451,kuka,kuka_main,222,32.8712818,415.191358024691,128.320987654321,589,442.88797,86.3677292,589.047302,0.03
20260412_194451,kuka,kuka_main,223,32.923974,411.161233850355,134.521178691761,589,442.88797,86.3677292,589.047302,0.03
20260412_194451,kuka,kuka_main,224,33.1314266,407.487688901511,140.172786305368,589,439.301605,91.2311,589.000122,0.03
20260412_194451,kuka,kuka_main,225,33.1824303,404.198279532523,145.233416103811,589,439.301605,91.2311,589.000122,0.03
20260412_194451,kuka,kuka_main,226,33.4406269,401.313066769371,149.672204970199,589,417.959717,125.074959,589.041443,0.03
20260412_194451,kuka,kuka_main,227,33.6517012,398.843734506305,153.471177682608,589,417.959717,125.074959,589.041443,0.03
20260412_194451,kuka,kuka_main,228,33.7036607,396.792707702509,156.626603534602,589,412.902649,132.153671,589.012817,0.03
20260412_194451,kuka,kuka_main,229,33.7565108,395.152270578761,159.150352955752,589,411.161,134.521,589,0.03
20260412_194451,kuka,kuka_main,230,33.9616722,393.903684814093,161.071254132165,589,411.161,134.521,589,0.03
20260412_194451,kuka,kuka_main,231,34.2222546,393.016307742449,162.436449627001,589,411.161,134.521,589,0.03
20260412_194451,kuka,kuka_main,232,34.2744189,392.44671054935,163.312753000999,589,395.439819,158.738953,589.000671,0.03
20260412_194451,kuka,kuka_main,233,34.4791056,392.13779646855,163.788005432999,589,395.439819,158.738953,589.000671,0.03
20260412_194451,kuka,kuka_main,234,34.5295269,392.017918978699,163.972432340464,589,395.439819,158.738953,589.000671,0.03
20260412_194451,kuka,kuka_main,235,34.5815756,392,164,589,395.439819,158.738953,589.000671,0.03
20260412_194451,kuka,kuka_main,236,34.9934541,392,164,588.951351189053,395.152,159.15,589,0.03
20260412_194451,kuka,kuka_main,237,35.0453351,392,164,588.625891940587,395.134583,159.1772,588.999756,0.03
20260412_194451,kuka,kuka_main,238,35.0967029,392,164,587.787211178234,392.070526,163.893051,588.952087,0.03
20260412_194451,kuka,kuka_main,239,35.3111313,392,164,586.240793459413,391.999847,164.000229,588.951,0.03
20260412_194451,kuka,kuka_main,240,35.3623085,392,164,583.831624939114,391.999847,164.000229,588.951,0.03
20260412_194451,kuka,kuka_main,241,35.6265923,392,164,580.44179933368,392,164,583.832,0.03
20260412_194451,kuka,kuka_main,242,35.8286121,392,164,575.988123884591,392.000092,164.000031,583.808777,0.03
20260412_194451,kuka,kuka_main,243,35.8796544,392,164,570.41972532225,392.000092,164.000031,583.808777,0.03
20260412_194451,kuka,kuka_main,244,35.9308224,392,164,563.715655829762,392,164,580.442,0.03
20260412_194451,kuka,kuka_main,245,36.1336299,392,164,555.882499006724,392,164,580.442,0.03
20260412_194451,kuka,kuka_main,246,36.3892468,392,164,546.951975833002,392,164,580.442,0.03
20260412_194451,kuka,kuka_main,247,36.4408984,392,164,536.978550632519,392,164,580.442,0.03
20260412_194451,kuka,kuka_main,248,36.6948451,392,164,526.037037037037,392.000244,164.000107,555.890747,0.03
20260412_194451,kuka,kuka_main,249,36.7487708,392,164,514.22020394994,392.000244,164.000107,555.890747,0.03
20260412_194451,kuka,kuka_main,250,36.8001066,392,164,501.63638151002,392.182739,164.076385,551.637695,0.03
20260412_194451,kuka,kuka_main,251,37.2264935,392,164,488.407067055259,392.182739,164.076385,551.637695,0.03
20260412_194451,kuka,kuka_main,252,37.2772627,392,164,474.66453108661,392.182739,164.076385,551.637695,0.03
20260412_194451,kuka,kuka_main,253,37.3314782,392,164,460.549423231787,392.001709,164.000717,514.254944,0.03
20260412_194451,kuka,kuka_main,254,37.5567024,392,164,446.208378209043,392,164,514.22,0.03
20260412_194451,kuka,kuka_main,255,37.6078665,392,164,431.791621790957,392,164,514.22,0.03
20260412_194451,kuka,kuka_main,256,37.8754063,392,164,417.450576768213,393.411591,164.586899,494.978485,0.03
20260412_194451,kuka,kuka_main,257,38.0748667,392,164,403.33546891339,393.654114,164.687653,489.61676,0.03
20260412_194451,kuka,kuka_main,258,38.126688,392,164,389.592932944741,393.856384,164.771652,483.243744,0.03
20260412_194451,kuka,kuka_main,259,38.1794946,392,164,376.36361848998,393.629944,164.677155,455.326752,0.03
20260412_194451,kuka,kuka_main,260,38.3902663,392,164,363.77979605006,393.629944,164.677155,455.326752,0.03
20260412_194451,kuka,kuka_main,261,38.6575448,392,164,351.962962962963,393.629944,164.677155,455.326752,0.03
20260412_194451,kuka,kuka_main,262,38.7106983,392,164,341.021449367481,392,164,431.792,0.03
20260412_194451,kuka,kuka_main,263,38.9113548,392,164,331.048024166998,392,164,431.792,0.03
20260412_194451,kuka,kuka_main,264,38.9636671,392,164,322.117500993275,392.045715,164.018661,431.354858,0.03
20260412_194451,kuka,kuka_main,265,39.0159015,392,164,314.284344170237,392.844543,164.344666,422.882019,0.03
20260412_194451,kuka,kuka_main,266,39.4258352,392,164,307.58027467775,392.844543,164.344666,422.882019,0.03
20260412_194451,kuka,kuka_main,267,39.4767499,392,164,302.011876115409,394.356232,164.960724,391.980713,0.03
20260412_194451,kuka,kuka_main,268,39.5296834,392,164,297.55820066632,394.356232,164.960724,391.980713,0.03
20260412_194451,kuka,kuka_main,269,39.7303749,392,164,294.168375060886,393.683655,164.685883,361.529755,0.03
20260412_194451,kuka,kuka_main,270,39.7813214,392,164,291.759206540587,393.341522,164.546432,356.186646,0.03
20260412_194451,kuka,kuka_main,271,40.0513023,392,164,290.212788821766,392,164,341.021,0.03
20260412_194451,kuka,kuka_main,272,40.2577371,392,164,289.374108059413,392,164,341.021,0.03
20260412_194451,kuka,kuka_main,273,40.321277,392,164,289.048648810947,392.003,164.00116,340.971283,0.03
20260412_194451,kuka,kuka_main,274,40.3741652,392,164,289,392.294861,164.113739,335.557617,0.03
20260412_194451,kuka,kuka_main,275,40.5766271,392,164,289.048648810947,392.294861,164.113739,335.557617,0.03
20260412_194451,kuka,kuka_main,276,40.8986488,392,164,289.374108059413,392.294861,164.113739,335.557617,0.03
20260412_194451,kuka,kuka_main,277,40.951876,392,164,290.212788821766,392.192932,164.074326,292.793823,0.03
20260412_194451,kuka,kuka_main,278,41.1588066,392,164,291.759206540587,392.108826,164.041931,291.242889,0.03
20260412_194451,kuka,kuka_main,279,41.2094497,392,164,294.168375060886,392.042908,164.016525,290.094086,0.03
20260412_194451,kuka,kuka_main,280,41.2617666,392,164,297.55820066632,392,164,289.374,0.03
20260412_194451,kuka,kuka_main,281,41.6846962,392,164,302.011876115409,392,164,289.374,0.03
20260412_194451,kuka,kuka_main,282,41.7360261,392,164,307.58027467775,392,164,289.374,0.03
20260412_194451,kuka,kuka_main,283,41.7899447,392,164,314.284344170238,392,164,297.558,0.03
20260412_194451,kuka,kuka_main,284,41.9965104,392,164,322.117500993276,392.00061,164.000229,297.589569,0.03
20260412_194451,kuka,kuka_main,285,42.0477742,392,164,331.048024166998,392.006531,164.002487,297.898865,0.03
20260412_194451,kuka,kuka_main,286,42.3029351,392,164,341.021449367481,392.002045,164.000778,314.179291,0.03
20260412_194451,kuka,kuka_main,287,42.5577055,392,164,351.962962962963,392,164,314.284088,0.03
20260412_194451,kuka,kuka_main,288,42.609692,392,164,363.77979605006,392,164,314.284,0.03
20260412_194451,kuka,kuka_main,289,42.6625611,392,164,376.36361848998,392.179932,164.071487,317.626038,0.03
20260412_194451,kuka,kuka_main,290,42.8963534,392,164,389.592932944741,392.317841,164.126297,320.595703,0.03
20260412_194451,kuka,kuka_main,291,43.1629503,392,164,403.33546891339,392.712769,164.283371,339.375793,0.03
20260412_194451,kuka,kuka_main,292,43.2159588,392,164,417.450576768213,392.312,164.124115,357.585205,0.03
20260412_194451,kuka,kuka_main,293,43.430559,392,164,431.791621790957,392.188721,164.075073,360.250031,0.03
20260412_194451,kuka,kuka_main,294,43.4825403,392,164,446.208378209043,392.083527,164.033234,362.283875,0.03
20260412_194451,kuka,kuka_main,295,43.5355315,392,164,460.549423231787,392,164,363.78,0.03
20260412_194451,kuka,kuka_main,296,43.9536785,392,164,474.66453108661,392,164,363.78,0.03
20260412_194451,kuka,kuka_main,297,44.0042149,392,164,488.407067055259,392,164,363.78,0.03
20260412_194451,kuka,kuka_main,298,44.0567957,392,164,501.63638151002,392,164,363.78,0.03
20260412_194451,kuka,kuka_main,299,44.2664874,392,164,514.22020394994,394.367188,164.972443,394.35968,0.03
20260412_194451,kuka,kuka_main,300,44.3189598,392,164,526.037037037037,394.367188,164.972443,394.35968,0.03
20260412_194451,kuka,kuka_main,301,44.5882642,392,164,536.978550632519,394.367188,164.972443,394.35968,0.03
20260412_194451,kuka,kuka_main,302,44.7869364,392,164,546.951975833003,394.367188,164.972443,394.35968,0.03
20260412_194451,kuka,kuka_main,303,44.8381025,392,164,555.882499006725,394.367188,164.972443,394.35968,0.03
20260412_194451,kuka,kuka_main,304,44.8898248,392,164,563.715655829763,392,164,460.549,0.03
20260412_194451,kuka,kuka_main,305,45.0930972,392,164,570.41972532225,392,164,460.549,0.03
20260412_194451,kuka,kuka_main,306,45.3495626,392,164,575.988123884591,392,164,460.549,0.03
20260412_194451,kuka,kuka_main,307,45.4125546,392,164,580.44179933368,392,164,460.549,0.03
20260412_194451,kuka,kuka_main,308,45.6166722,392,164,583.831624939114,392,164,460.549,0.03
20260412_194451,kuka,kuka_main,309,45.6682453,392,164,586.240793459413,392,164,460.549,0.03
20260412_194451,kuka,kuka_main,310,45.7216065,392,164,587.787211178234,392,164,460.549,0.03
20260412_194451,kuka,kuka_main,311,46.1378776,392,164,588.625891940587,392,164,460.549,0.03
20260412_194451,kuka,kuka_main,312,46.1906246,392,164,588.951351189053,392,164,460.549,0.03
20260412_194451,kuka,kuka_main,313,46.2434965,392,164,589,392,164,460.549,0.03
20260412_194451,kuka,kuka_main,314,46.4454312,392.025621707099,163.973405316682,589.009891924893,392,164,460.549,0.03
20260412_194451,kuka,kuka_main,315,46.496285,392.197030244624,163.795487594187,589.076068638747,392,164,460.549,0.03
20260412_194451,kuka,kuka_main,316,46.7491943,392.63873544613,163.337008777435,589.246600393759,392,164,460.549,0.03
20260412_194451,kuka,kuka_main,317,46.9546648,393.453182111376,162.491633757813,589.561038663253,392,164,460.549,0.03
20260412_194451,kuka,kuka_main,318,47.0036582,394.7220108654,161.174621633382,590.050902929047,392,164,460.549,0.03
20260412_194451,kuka,kuka_main,319,47.0545822,396.507319017595,159.321516969078,590.740167468818,392,164,460.549,0.03
20260412_194451,kuka,kuka_main,320,47.2618514,398.852921420782,156.88684105691,591.645748143466,392.720215,163.253891,589.278198,0.03
20260412_194451,kuka,kuka_main,321,47.5300926,401.785611330282,153.842783176163,592.777989184476,392.720215,163.253891,589.278198,0.03
20260412_194451,kuka,kuka_main,322,47.58476,405.316421262992,150.177891853603,594.141149981282,396.507,159.322,590.74,0.03
20260412_194451,kuka,kuka_main,323,47.812139,409.441883856459,145.895766123676,595.733891868633,396.541626,159.287201,590.753174,0.03
20260412_194451,kuka,kuka_main,324,47.8747077,414.145292727952,141.013746788708,597.549764913956,397.242981,158.580887,591.020874,0.03
20260412_194451,kuka,kuka_main,325,47.9285195,419.39796333354,135.561607679111,599.577694704721,397.242981,158.580887,591.020874,0.03
20260412_194451,kuka,kuka_main,326,48.3355183,425.160493827161,129.58024691358,601.802469135802,405.316,150.178,594.141,0.03
20260412_194451,kuka,kuka_main,327,48.3879923,431.384025919698,123.120378159301,604.205225196846,405.341553,150.153351,594.150635,0.03
20260412_194451,kuka,kuka_main,328,48.4402925,438.011505738056,116.241221892144,606.763935759629,412.592712,142.973801,596.905,0.03
20260412_194451,kuka,kuka_main,329,48.6507649,444.97894468423,109.009196656875,609.453896365431,412.592712,142.973801,596.905,0.03
20260412_194451,kuka,kuka_main,330,48.7013295,452.216680294385,101.496610327347,612.248212012389,420.453308,134.744751,599.948181,0.03
20260412_194451,kuka,kuka_main,331,48.969877,459.650637097925,93.7803513667104,615.11828394287,425.16,129.58,601.802,0.03
20260412_194451,kuka,kuka_main,332,49.1665697,467.20358747657,85.9405800876104,618.034296430828,425.16,129.58,601.802,0.03
20260412_194451,kuka,kuka_main,333,49.2177143,474.79641252343,78.0594199123896,620.965703569172,425.910645,128.891037,602.082764,0.03
20260412_194451,kuka,kuka_main,334,49.270406,482.349362902075,70.2196486332896,623.88171605713,425.910645,128.891037,602.082764,0.03
20260412_194451,kuka,kuka_main,335,49.471733,489.783319705615,62.5033896726531,626.751787987611,442.114838,113.093376,608.232056,0.03
20260412_194451,kuka,kuka_main,336,49.7233481,497.02105531577,54.9908033431253,629.546103634569,458.99585,94.5477905,614.85553,0.03
20260412_194451,kuka,kuka_main,337,49.7767198,503.988494261944,47.7587781078556,632.236064240371,459.651,93.78,615.118,0.03
20260412_194451,kuka,kuka_main,338,49.9816026,510.615974080302,40.8796218406993,634.794774803154,459.68161,93.7527542,615.129517,0.03
20260412_194451,kuka,kuka_main,339,50.0329508,516.839506172839,34.4197530864198,637.197530864197,460.141052,93.3432388,615.302673,0.03
20260412_194451,kuka,kuka_main,340,50.0850514,522.60203666646,28.4383923208894,639.422305295279,477.496704,76.91745,621.896362,0.03
20260412_194451,kuka,kuka_main,341,50.5517672,527.854707272048,22.986253211292,641.450235086044,501.565674,50.6586342,631.272461,0.03
20260412_194451,kuka,kuka_main,342,50.6045808,532.558116143542,18.1042338763239,643.266108131367,503.193512,48.7157135,631.919495,0.03
20260412_194451,kuka,kuka_main,343,50.6580476,536.683578737008,13.8221081463964,644.858850018718,503.988,47.759,632.236,0.03
20260412_194451,kuka,kuka_main,344,50.8790449,540.214388669718,10.1572168238367,646.222010815524,503.988,47.759,632.236,0.03
20260412_194451,kuka,kuka_main,345,50.9306964,543.147078579218,7.11315894309018,647.354251856534,504.461151,47.3169708,632.417114,0.03
20260412_194451,kuka,kuka_main,346,51.1847734,545.492680982405,4.67848303092171,648.259832531182,533.59845,17.3445759,643.65509,0.03
20260412_194451,kuka,kuka_main,347,51.389748,547.2779891346,2.8253783666176,648.949097070953,535.668213,14.9898281,644.46228,0.03
20260412_194451,kuka,kuka_main,348,51.4414518,548.546817888624,1.50836624218732,649.438961336747,536.575562,13.9470654,644.81665,0.03
20260412_194451,kuka,kuka_main,349,51.4927744,549.36126455387,0.66299122256541,649.753399606241,536.684,13.822,644.859,0.03
20260412_194451,kuka,kuka_main,350,51.6947632,549.802969755376,0.204512405812409,649.923931361253,536.684,13.822,644.859,0.03
20260412_194451,kuka,kuka_main,351,51.9634917,549.974378292902,0.0265946833174837,649.990108075108,536.684,13.822,644.859,0.03
20260412_194451,kuka,kuka_main,352,52.0162877,550,0,650,536.684,13.822,644.859,0.03
20260412_194621,kuka,kuka_main,1,3.58e-05,550,0,650,550,-2.07191035e-16,650,0.03
20260412_194621,kuka,kuka_main,2,0.2794344,550,-0.0194595243788199,649.990270237811,550,-2.8444044e-16,650,0.03
20260412_194621,kuka,kuka_main,3,0.3328811,550,-0.149643223765278,649.925178388117,550,-0.00726806466,649.996155,0.03
20260412_194621,kuka,kuka_main,4,0.4030193,550,-0.485115528706439,649.757442235647,550,-0.019,649.99,0.03
20260412_194621,kuka,kuka_main,5,0.6259314,550,-1.1036826162347,649.448158691883,550,-0.0432263091,649.977905,0.03
20260412_194621,kuka,kuka_main,6,0.8877824,550,-2.06735002435433,648.966324987823,550,-0.0432263091,649.977905,0.03
20260412_194621,kuka,kuka_main,7,0.944924,550,-3.42328026652805,648.288359866736,550,-2.0670743,648.965942,0.03
20260412_194621,kuka,kuka_main,8,1.1517922,550,-5.20475044616356,647.397624776918,550,-2.06700134,648.966,0.03
20260412_194621,kuka,kuka_main,9,1.2026941,550,-7.4321098711001,646.28394506445,550.000244,-2.137532,648.930725,0.03
20260412_194621,kuka,kuka_main,10,1.2557822,550,-10.113737668095,644.943131165953,550,-5.20500278,647.398,0.03
20260412_194621,kuka,kuka_main,11,1.6841364,550,-13.2470003973103,643.376499801345,550,-5.205,647.398,0.03
20260412_194621,kuka,kuka_main,12,1.7366966,550,-16.819209666799,641.590395166601,550.000305,-5.24104834,647.379944,0.03
20260412_194621,kuka,kuka_main,13,1.7882973,550,-20.8085797469923,639.595710126504,550.003479,-12.8519344,643.573364,0.03
20260412_194621,kuka,kuka_main,14,2.0076111,550,-25.1851851851852,637.407407407407,550.000061,-13.2391129,643.379944,0.03
20260412_194621,kuka,kuka_main,15,2.0598582,550,-29.9119184200239,635.044040789988,550,-13.2470026,643.376,0.03
20260412_194621,kuka,kuka_main,16,2.3174912,550,-34.9454473959919,632.527276302004,550,-13.247,643.376,0.03
20260412_194621,kuka,kuka_main,17,2.5198276,550,-40.2371731778965,629.881413411052,550.003906,-13.4037962,643.297363,0.03
20260412_194621,kuka,kuka_main,18,2.5857931,550,-45.7341875653559,627.132906217322,550.028748,-14.4622793,642.766663,0.03
20260412_194621,kuka,kuka_main,19,2.6401062,550,-51.3802307072851,624.309884646357,550.028748,-14.4622793,642.766663,0.03
20260412_194621,kuka,kuka_main,20,2.8455049,550,-57.1166487163826,621.441675641809,550.028748,-14.4622793,642.766663,0.03
20260412_194621,kuka,kuka_main,21,3.1154626,550,-62.8833512836174,618.558324358191,550.028748,-14.4622793,642.766663,0.03
20260412_194621,kuka,kuka_main,22,3.1685629,550,-68.6197692927149,615.690115353643,550.152161,-40.9799271,629.502197,0.03
20260412_194621,kuka,kuka_main,23,3.3766702,550,-74.2658124346441,612.867093782678,550.206665,-44.9724922,627.503601,0.03
20260412_194621,kuka,kuka_main,24,3.4286778,550,-79.7628268221034,610.118586588948,550.222107,-50.341156,624.819031,0.03
20260412_194621,kuka,kuka_main,25,3.4829929,550,-85.0545526040081,607.472723697996,550.001465,-62.8372116,618.580811,0.03
20260412_194621,kuka,kuka_main,26,3.9015086,550,-90.0880815799761,604.955959210012,550,-62.883,618.558,0.03
20260412_194621,kuka,kuka_main,27,3.9533723,550,-94.8148148148148,602.592592592593,550.000732,-62.9073868,618.545776,0.03
20260412_194621,kuka,kuka_main,28,4.0056559,550,-99.1914202530077,600.404289873496,550.19751,-72.9405899,613.52356,0.03
20260412_194621,kuka,kuka_main,29,4.219045,550,-103.180790333201,598.409604833399,550.208069,-78.2895889,610.849304,0.03
20260412_194621,kuka,kuka_main,30,4.27113,550,-106.75299960269,596.623500198655,550.135437,-84.6481781,607.672424,0.03
20260412_194621,kuka,kuka_main,31,4.5421568,550,-109.886262331905,595.056868834047,550.135437,-84.6481781,607.672424,0.03
20260412_194621,kuka,kuka_main,32,4.7864655,550,-112.5678901289,593.71605493555,550.135437,-84.6481781,607.672424,0.03
20260412_194621,kuka,kuka_main,33,4.8376891,550,-114.795249553836,592.602375223082,550.016663,-90.8558426,604.571899,0.03
20260412_194621,kuka,kuka_main,34,4.8899365,550,-116.576719733472,591.711640133264,550.048096,-107.454277,596.272583,0.03
20260412_194621,kuka,kuka_main,35,5.1478689,550,-117.932649975646,591.033675012177,550.010681,-109.398834,595.300537,0.03
20260412_194621,kuka,kuka_main,36,5.4017099,550,-118.896317383765,590.551841308117,550,-109.886,595.057,0.03
20260412_194621,kuka,kuka_main,37,5.4568,550,-119.514884471294,590.242557764353,550.012146,-117.485588,591.257263,0.03
20260412_194621,kuka,kuka_main,38,5.6981395,550,-119.850356776235,590.074821611883,550.012146,-117.485588,591.257263,0.03
20260412_194621,kuka,kuka_main,39,5.7497391,550,-119.980540475621,590.009729762189,550,-118.89637,590.551819,0.03
20260412_194621,kuka,kuka_main,40,5.8050672,550,-120,590,550,-118.896019,590.552,0.03
20260412_194621,kuka,kuka_main,41,6.2781851,550,-120,589.951351189053,550,-120,590,0.03
20260412_194621,kuka,kuka_main,42,6.3295794,550,-120,589.625891940587,550,-120,589.988,0.03
20260412_194621,kuka,kuka_main,43,6.3826648,550,-120,588.787211178234,550,-120,589.951,0.03
20260412_194621,kuka,kuka_main,44,6.5972079,550,-120,587.240793459413,550,-120,589.940796,0.03
20260412_194621,kuka,kuka_main,45,6.6484331,550,-120,584.831624939114,550.000305,-120.000069,589.472473,0.03
20260412_194621,kuka,kuka_main,46,6.9077492,550,-120,581.44179933368,550,-120,588.787,0.03
20260412_194621,kuka,kuka_main,47,7.1120379,550,-120,576.988123884591,550.000244,-120.000061,588.747864,0.03
20260412_194621,kuka,kuka_main,48,7.1632051,550,-120,571.41972532225,550.004578,-120.000992,588.063477,0.03
20260412_194621,kuka,kuka_main,49,7.2158728,550,-120,564.715655829762,550.000549,-120.000122,581.524658,0.03
20260412_194621,kuka,kuka_main,50,7.4189197,550,-120,556.882499006724,550,-120,581.442,0.03
20260412_194621,kuka,kuka_main,51,7.6901687,550,-120,547.951975833002,550,-120,581.442,0.03
20260412_194621,kuka,kuka_main,52,7.7543416,550,-120,537.978550632519,550.178589,-120.038895,574.281067,0.03
20260412_194621,kuka,kuka_main,53,7.9713993,550,-120,527.037037037037,550.240295,-120.05233,569.897156,0.03
20260412_194621,kuka,kuka_main,54,8.022709,550,-120,515.22020394994,550.266235,-120.057976,564.395081,0.03
20260412_194621,kuka,kuka_main,55,8.0749147,550,-120,502.63638151002,550.061462,-120.01339,550.002563,0.03
20260412_194621,kuka,kuka_main,56,8.4865455,550,-120,489.407067055259,550,-120,547.952,0.03
20260412_194621,kuka,kuka_main,57,8.5392754,550,-120,475.66453108661,550.001831,-120.000397,547.918823,0.03
20260412_194621,kuka,kuka_main,58,8.5923679,550,-120,461.549423231787,550.428833,-120.093361,538.671753,0.03
20260412_194621,kuka,kuka_main,59,8.7995734,550,-120,447.208378209043,550.428833,-120.093361,538.671753,0.03
20260412_194621,kuka,kuka_main,60,8.8502677,550,-120,432.791621790957,550.749084,-120.163101,526.438721,0.03
20260412_194621,kuka,kuka_main,61,9.1236765,550,-120,418.450576768213,550.070251,-120.015297,490.7005,0.03
20260412_194621,kuka,kuka_main,62,9.3241891,550,-120,404.33546891339,550.012878,-120.0028,489.639648,0.03
20260412_194621,kuka,kuka_main,63,9.3774514,550,-120,390.592932944741,550.000122,-120.000031,489.409485,0.03
20260412_194621,kuka,kuka_main,64,9.4306131,550,-120,377.36361848998,550,-120,489.407,0.03
20260412_194621,kuka,kuka_main,65,9.6443749,550,-120,364.77979605006,550.000732,-120.00016,489.39975,0.03
20260412_194621,kuka,kuka_main,66,9.9060721,550,-120,352.962962962963,551.03009,-120.224091,478.286,0.03
20260412_194621,kuka,kuka_main,67,9.9592962,550,-120,342.021449367481,552.509399,-120.545944,453.629272,0.03
20260412_194621,kuka,kuka_main,68,10.1585574,550,-120,332.048024166998,552.781738,-120.605209,444.198181,0.03
20260412_194621,kuka,kuka_main,69,10.2230875,550,-120,323.117500993275,552.888611,-120.628471,435.485321,0.03
20260412_194621,kuka,kuka_main,70,10.2767353,550,-120,315.284344170237,552.107239,-120.458519,403.988892,0.03
20260412_194621,kuka,kuka_main,71,10.7024947,550,-120,308.58027467775,550.505615,-120.110023,382.441467,0.03
20260412_194621,kuka,kuka_main,72,10.755056,550,-120,303.011876115409,550.285095,-120.062042,380.166077,0.03
20260412_194621,kuka,kuka_main,73,10.8078784,550,-120,298.55820066632,550,-120,377.364,0.03
20260412_194621,kuka,kuka_main,74,11.0170344,550,-120,295.168375060886,550,-120,377.364,0.03
20260412_194621,kuka,kuka_main,75,11.0691433,550,-120,292.759206540587,550.001282,-120.000275,377.347198,0.03
20260412_194621,kuka,kuka_main,76,11.3277724,550,-120,291.212788821766,551.339844,-120.290634,350.927338,0.03
20260412_194621,kuka,kuka_main,77,11.5367603,550,-120,290.374108059413,551.47,-120.318863,344.746368,0.03
20260412_194621,kuka,kuka_main,78,11.5883531,550,-120,290.048648810947,551.533752,-120.33271,337.66684,0.03
20260412_194621,kuka,kuka_main,79,11.6418886,550,-120,290,551.533752,-120.33271,337.66684,0.03
20260412_194621,kuka,kuka_main,80,11.839766,550,-120,290.048648810947,550.876587,-120.190178,309.317688,0.03
20260412_194621,kuka,kuka_main,81,12.1109257,550,-120,290.374108059413,550.081482,-120.017685,296.27066,0.03
20260412_194621,kuka,kuka_main,82,12.1644424,550,-120,291.212788821766,550,-120,295.168,0.03
20260412_194621,kuka,kuka_main,83,12.3728484,550,-120,292.759206540587,550.000183,-120.000038,295.120514,0.03
20260412_194621,kuka,kuka_main,84,12.4249488,550,-120,295.168375060886,550.001587,-120.000343,294.654816,0.03
20260412_194621,kuka,kuka_main,85,12.4774354,550,-120,298.55820066632,550,-120,291.21405,0.03
20260412_194621,kuka,kuka_main,86,12.8953495,550,-120,303.011876115409,550,-120,291.213,0.03
20260412_194621,kuka,kuka_main,87,12.9474353,550,-120,308.58027467775,550.000244,-120.000061,291.237518,0.03
20260412_194621,kuka,kuka_main,88,12.999941,550,-120,315.284344170238,550.030579,-120.006699,296.035797,0.03
20260412_194621,kuka,kuka_main,89,13.205929,550,-120,323.117500993276,550.03009,-120.006592,298.416656,0.03
20260412_194621,kuka,kuka_main,90,13.2567433,550,-120,332.048024166998,550.015747,-120.003456,301.292664,0.03
20260412_194621,kuka,kuka_main,91,13.529214,550,-120,342.021449367481,550,-120,303.012,0.03
20260412_194621,kuka,kuka_main,92,13.7420717,550,-120,352.962962962963,550,-120,303.012,0.03
20260412_194621,kuka,kuka_main,93,13.792802,550,-120,364.77979605006,550,-120,303.012,0.03
20260412_194621,kuka,kuka_main,94,13.8446276,550,-120,377.36361848998,550.24231,-120.053055,311.838898,0.03
20260412_194621,kuka,kuka_main,95,14.0668107,550,-120,390.592932944741,550.29541,-120.064682,315.062195,0.03
20260412_194621,kuka,kuka_main,96,14.3253288,550,-120,404.33546891339,550.161621,-120.035393,336.751801,0.03
20260412_194621,kuka,kuka_main,97,14.377561,550,-120,418.450576768213,550,-120,342.021027,0.03
20260412_194621,kuka,kuka_main,98,14.5904422,550,-120,432.791621790957,550,-120,342.021,0.03
20260412_194621,kuka,kuka_main,99,14.6423738,550,-120,447.208378209043,550.003052,-120.000671,342.057953,0.03
20260412_194621,kuka,kuka_main,100,14.6951053,550,-120,461.549423231787,550.571106,-120.124893,349.486786,0.03
20260412_194621,kuka,kuka_main,101,15.1418036,550,-120,475.66453108661,550.571106,-120.124893,349.486786,0.03
20260412_194621,kuka,kuka_main,102,15.194746,550,-120,489.407067055259,551.812927,-120.3964,378.569214,0.03
20260412_194621,kuka,kuka_main,103,15.2594256,550,-120,502.63638151002,551.452515,-120.317558,409.046783,0.03
20260412_194621,kuka,kuka_main,104,15.4637758,550,-120,515.22020394994,551.16156,-120.253944,415.454926,0.03
20260412_194621,kuka,kuka_main,105,15.5148819,550,-120,527.037037037037,550.857544,-120.187469,420.869781,0.03
20260412_194621,kuka,kuka_main,106,15.7760531,550,-120,537.978550632519,550,-120,432.792,0.03
20260412_194621,kuka,kuka_main,107,15.9788957,550,-120,547.951975833003,550.002197,-120.000488,432.814331,0.03
20260412_194621,kuka,kuka_main,108,16.0299293,550,-120,556.882499006725,550.040955,-120.008942,433.205017,0.03
20260412_194621,kuka,kuka_main,109,16.082647,550,-120,564.715655829763,550.943054,-120.205978,443.36084,0.03
20260412_194621,kuka,kuka_main,110,16.3068035,550,-120,571.41972532225,551.345215,-120.293816,448.814209,0.03
20260412_194621,kuka,kuka_main,111,16.5793607,550,-120,576.988123884591,552.575928,-120.562546,482.492615,0.03
20260412_194621,kuka,kuka_main,112,16.6322599,550,-120,581.44179933368,551.667419,-120.36409,516.539551,0.03
20260412_194621,kuka,kuka_main,113,16.8457213,550,-120,584.831624939114,551.667419,-120.36409,516.539551,0.03
20260412_194621,kuka,kuka_main,114,16.8966521,550,-120,587.240793459413,551.667419,-120.36409,516.539551,0.03
20260412_194621,kuka,kuka_main,115,16.9491643,550,-120,588.787211178234,550.006836,-120.001495,537.908813,0.03
20260412_194621,kuka,kuka_main,116,17.3574875,550,-120,589.625891940587,550,-120,537.979,0.03
20260412_194621,kuka,kuka_main,117,17.4084756,550,-120,589.951351189053,550.001343,-120.00029,538.005859,0.03
20260412_194621,kuka,kuka_main,118,17.4603954,550,-120,590,550.286621,-120.062546,544.657043,0.03
20260412_194621,kuka,kuka_main,119,17.6607654,550,-119.990270237811,590,550.442627,-120.096588,549.576111,0.03
20260412_194621,kuka,kuka_main,120,17.7232398,550,-119.925178388117,590,550.580505,-120.126678,556.284424,0.03
20260412_194621,kuka,kuka_main,121,17.9953327,550,-119.757442235647,590,550.000549,-120.000114,589.615173,0.03
20260412_194621,kuka,kuka_main,122,18.2009586,550,-119.448158691883,590,550,-120,589.626,0.03
20260412_194621,kuka,kuka_main,123,18.2525534,550,-118.966324987823,590,550,-120,589.626,0.03
20260412_194621,kuka,kuka_main,124,18.3065359,550,-118.288359866736,590,550,-118.966011,590,0.03
20260412_194621,kuka,kuka_main,125,18.5126187,550,-117.397624776918,590,550,-118.966,590,0.03
20260412_194621,kuka,kuka_main,126,18.7692606,550,-116.28394506445,590,550,-117.398,590,0.03
20260412_194621,kuka,kuka_main,127,18.8223005,550,-114.943131165952,590,550,-116.284,590,0.03
20260412_194621,kuka,kuka_main,128,19.1039256,550,-113.376499801345,590,550.000061,-116.212601,590,0.03
20260412_194621,kuka,kuka_main,129,19.1581725,550,-111.5903951666,590,550.000427,-115.517,590,0.03
20260412_194621,kuka,kuka_main,130,19.2126597,550,-109.595710126504,590,550,-114.943,590,0.03
20260412_194621,kuka,kuka_main,131,19.651943,550,-107.407407407407,590,550.000122,-109.618065,590,0.03
20260412_194621,kuka,kuka_main,132,19.7046386,550,-105.044040789988,590,550,-109.596,590,0.03
20260412_194621,kuka,kuka_main,133,19.7572136,550,-102.527276302004,590,550,-109.596,590,0.03
20260412_194621,kuka,kuka_main,134,19.9623627,550,-99.8814134110517,590,550.000244,-109.559662,590,0.03
20260412_194621,kuka,kuka_main,135,20.0151692,550,-97.132906217322,590,550.004395,-108.828056,590.000122,0.03
20260412_194621,kuka,kuka_main,136,20.2772112,550,-94.3098846463575,590,550,-102.526627,590,0.03
20260412_194621,kuka,kuka_main,137,20.4899453,550,-91.4416756418087,590,550.001465,-102.329185,590.000061,0.03
20260412_194621,kuka,kuka_main,138,20.5426659,550,-88.5583243581913,590,550.001465,-102.329185,590.000061,0.03
20260412_194621,kuka,kuka_main,139,20.5941129,550,-85.6901153536425,590,550,-94.3098297,590,0.03
20260412_194621,kuka,kuka_main,140,20.8107657,550,-82.867093782678,590,550,-94.31,590,0.03
20260412_194621,kuka,kuka_main,141,21.0797449,550,-80.1185865889483,590,550.019226,-85.1762772,590.000366,0.03
20260412_194621,kuka,kuka_main,142,21.1328083,550,-77.4727236979959,590,550,-82.867,590,0.03
20260412_194621,kuka,kuka_main,143,21.3388606,550,-74.9559592100119,590,550.000366,-82.7965698,590,0.03
20260412_194621,kuka,kuka_main,144,21.391674,550,-72.5925925925926,590,550.00354,-82.0034714,590.000061,0.03
20260412_194621,kuka,kuka_main,145,21.4436655,550,-70.4042898734961,590,550,-77.4730225,590,0.03
20260412_194621,kuka,kuka_main,146,21.8574457,550,-68.4096048333995,590,550,-77.4730225,590,0.03
20260412_194621,kuka,kuka_main,147,21.9070176,550,-66.6235001986551,590,550,-77.4730225,590,0.03
20260412_194621,kuka,kuka_main,148,21.9615445,550,-65.0568688340475,590,550.008057,-69.524086,590.000122,0.03
20260412_194621,kuka,kuka_main,149,22.1674692,550,-63.71605493555,590,550.001099,-68.5438843,590,0.03
20260412_194621,kuka,kuka_main,150,22.2192679,550,-62.6023752230818,590,550,-68.4100266,590,0.03
20260412_194621,kuka,kuka_main,151,22.4906453,550,-61.711640133264,590,550,-68.41,590,0.03
20260412_194621,kuka,kuka_main,152,22.692957,550,-61.0336750121772,590,550.000427,-68.3398895,590,0.03
20260412_194621,kuka,kuka_main,153,22.7450184,550,-60.5518413081173,590,550.005554,-67.3243866,590.000061,0.03
20260412_194621,kuka,kuka_main,154,22.8093041,550,-60.2425577643532,590,550,-61.7120209,590,0.03
20260412_194621,kuka,kuka_main,155,23.0217317,550,-60.0748216118826,590,550,-61.712,590,0.03
20260412_194621,kuka,kuka_main,156,23.2821966,550,-60.0097297621893,590,550,-60.075,590,0.03
20260412_194621,kuka,kuka_main,157,23.3346218,550,-60,590,550,-60.01,590,0.03
20260412_194621,kuka,kuka_main,158,23.5348203,550,-59.9902702378106,590,550,-60.0068741,590,0.03
20260412_194621,kuka,kuka_main,159,23.5868414,550,-59.9251783881174,590,550,-60.0000076,590,0.03
20260412_194621,kuka,kuka_main,160,23.6386414,550,-59.7574422356468,590,550,-60,590,0.03
20260412_194621,kuka,kuka_main,161,24.0764374,550,-59.4481586918827,590,550,-59.757,590,0.03
20260412_194621,kuka,kuka_main,162,24.1286253,550,-58.9663249878228,590,550,-59.722847,590,0.03
20260412_194621,kuka,kuka_main,163,24.1803845,550,-58.288359866736,590,550,-59.722847,590,0.03
20260412_194621,kuka,kuka_main,164,24.4034438,550,-57.3976247769182,590,550.000061,-59.4123955,590,0.03
20260412_194621,kuka,kuka_main,165,24.4544195,550,-56.28394506445,590,550.000305,-58.7955742,590,0.03
20260412_194621,kuka,kuka_main,166,24.715804,550,-54.9431311659525,590,550,-58.288,590,0.03
20260412_194621,kuka,kuka_main,167,24.9255755,550,-53.3764998013449,590,550,-58.288,590,0.03
20260412_194621,kuka,kuka_main,168,24.9766151,550,-51.5903951666005,590,550.001282,-57.7979507,590,0.03
20260412_194621,kuka,kuka_main,169,25.0298721,550,-49.5957101265039,590,550,-54.943,590,0.03
20260412_194621,kuka,kuka_main,170,25.2917449,550,-47.4074074074074,590,550.000916,-54.7489319,590,0.03
20260412_194621,kuka,kuka_main,171,25.5727999,550,-45.0440407899881,590,550,-49.5959969,590,0.03
20260412_194621,kuka,kuka_main,172,25.6267416,550,-42.5272763020041,590,550,-49.596,590,0.03
20260412_194621,kuka,kuka_main,173,25.8553875,550,-39.8814134110517,590,550,-49.596,590,0.03
20260412_194621,kuka,kuka_main,174,25.9068537,550,-37.132906217322,590,550,-49.596,590,0.03
20260412_194621,kuka,kuka_main,175,25.9583865,550,-34.3098846463575,590,550.000061,-42.5321388,590,0.03
20260412_194621,kuka,kuka_main,176,26.372155,550,-31.4416756418087,590,550,-42.527,590,0.03
20260412_194621,kuka,kuka_main,177,26.4233599,550,-28.5583243581913,590,550.000671,-42.4576416,590,0.03
20260412_194621,kuka,kuka_main,178,26.4780575,550,-25.6901153536425,590,550.018738,-33.8024902,590.000061,0.03
20260412_194621,kuka,kuka_main,179,26.6795586,550,-22.867093782678,590,550.00592,-32.063282,590,0.03
20260412_194621,kuka,kuka_main,180,26.7317227,550,-20.1185865889483,590,550.000061,-31.4451046,590,0.03
20260412_194621,kuka,kuka_main,181,27.0020257,550,-17.4727236979959,590,550,-31.442,590,0.03
20260412_194621,kuka,kuka_main,182,27.2048374,550,-14.9559592100119,590,550,-31.442,590,0.03
20260412_194621,kuka,kuka_main,183,27.256268,550,-12.5925925925926,590,550.006,-30.9544811,590,0.03
20260412_194621,kuka,kuka_main,184,27.3080304,550,-10.4042898734961,590,550.02063,-19.3508205,590.000061,0.03
20260412_194621,kuka,kuka_main,185,27.5222146,550,-8.40960483339951,590,550.00415,-17.8076859,590,0.03
20260412_194621,kuka,kuka_main,186,27.7795154,550,-6.62350019865509,590,550,-17.473,590,0.03
20260412_194621,kuka,kuka_main,187,27.8325034,550,-5.05686883404746,590,550.021606,-9.66439533,590,0.03
20260412_194621,kuka,kuka_main,188,28.069791,550,-3.71605493555002,590,550.007751,-7.48028088,590,0.03
20260412_194621,kuka,kuka_main,189,28.1217471,550,-2.60237522308177,590,550.007751,-7.48028088,590,0.03
20260412_194621,kuka,kuka_main,190,28.1738361,550,-1.71164013326404,590,550.007751,-7.48028088,590,0.03
20260412_194621,kuka,kuka_main,191,28.6005727,550,-1.03367501217717,590,550.000061,-1.72965574,590,0.03
20260412_194621,kuka,kuka_main,192,28.6528292,550,-0.551841308117318,590,550,-1.7120024,590,0.03
20260412_194621,kuka,kuka_main,193,28.7044988,550,-0.242557764353194,590,550,-1.7120024,590,0.03
20260412_194621,kuka,kuka_main,194,28.9119782,550,-0.0748216118825837,590,550.000061,-1.64284372,590,0.03
20260412_194621,kuka,kuka_main,195,28.9628884,550,-0.00972976218932331,590,550.000488,-0.94066596,590,0.03
20260412_194621,kuka,kuka_main,196,29.2227269,550,0,590,550,-0.243,590,0.03
20260412_194621,kuka,kuka_main,197,29.4243191,550,0.0194595243788199,590,550,-0.184665635,590,0.03
20260412_194621,kuka,kuka_main,198,29.4755119,550,0.149643223765278,590,550,-0.0148804635,590,0.03
20260412_194621,kuka,kuka_main,199,29.5281546,550,0.485115528706439,590,550,1.62913409e-06,590,0.03
20260412_194621,kuka,kuka_main,200,29.729406,550,1.1036826162347,590,550.000061,0.138953209,590,0.03
20260412_194621,kuka,kuka_main,201,29.9992568,550,2.06735002435433,590,550,0.485001653,590,0.03
20260412_194621,kuka,kuka_main,202,30.0537263,550,3.42328026652805,590,550,2.06700158,590,0.03
20260412_194621,kuka,kuka_main,203,30.2861497,550,5.20475044616356,590,550,2.08213758,590,0.03
20260412_194621,kuka,kuka_main,204,30.3395866,550,7.4321098711001,590,550.000427,2.7459023,590,0.03
20260412_194621,kuka,kuka_main,205,30.4063243,550,10.113737668095,590,550,3.42300177,590,0.03
20260412_194621,kuka,kuka_main,206,30.8191385,550,13.2470003973103,590,550.001526,9.84812832,590,0.03
20260412_194621,kuka,kuka_main,207,30.8721702,550,16.819209666799,590,550,10.1135254,590,0.03
20260412_194621,kuka,kuka_main,208,30.9247446,550,20.8085797469923,590,550,10.114,590,0.03
20260412_194621,kuka,kuka_main,209,31.1260556,550,25.1851851851852,590,550.000488,10.1640024,590,0.03
20260412_194621,kuka,kuka_main,210,31.1781008,550,29.9119184200239,590,550.009338,11.1781063,590,0.03
20260412_194621,kuka,kuka_main,211,31.4500172,550,34.9454473959919,590,550,20.809,590,0.03
20260412_194621,kuka,kuka_main,212,31.6652034,550,40.2371731778965,590,550.000671,20.8590527,590,0.03
20260412_194621,kuka,kuka_main,213,31.7177381,550,45.7341875653559,590,550.000671,20.8590527,590,0.03
20260412_194621,kuka,kuka_main,214,31.7696709,550,51.3802307072851,590,550.025391,32.5676689,590.000061,0.03
20260412_194621,kuka,kuka_main,215,31.9669697,550,57.1166487163826,590,550.006714,34.4029312,590,0.03
20260412_194621,kuka,kuka_main,216,32.2265686,550,62.8833512836174,590,550,34.945,590,0.03
20260412_194621,kuka,kuka_main,217,32.2797045,550,68.6197692927149,590,550.110046,40.2954216,590.000671,0.03
20260412_194621,kuka,kuka_main,218,32.4815769,550,74.2658124346441,590,550.110046,40.2954216,590.000671,0.03
20260412_194621,kuka,kuka_main,219,32.5315402,550,79.7628268221034,590,550.110046,40.2954216,590.000671,0.03
20260412_194621,kuka,kuka_main,220,32.5822945,550,85.0545526040081,590,550.110046,40.2954216,590.000671,0.03
20260412_194621,kuka,kuka_main,221,32.9998537,550,90.0880815799761,590,550,62.883,590,0.03
20260412_194621,kuka,kuka_main,222,33.0644559,550,94.8148148148148,590,550,62.883,590,0.03
20260412_194621,kuka,kuka_main,223,33.1179903,550,99.1914202530077,590,550.158447,73.1373825,590.002441,0.03
20260412_194621,kuka,kuka_main,224,33.322627,550,103.180790333201,590,550.165039,78.473938,590.002502,0.03
20260412_194621,kuka,kuka_main,225,33.3758863,550,106.75299960269,590,550.123962,83.4813232,590.001892,0.03
20260412_194621,kuka,kuka_main,226,33.6335531,550,109.886262331905,590,550.123962,83.4813232,590.001892,0.03
20260412_194621,kuka,kuka_main,227,33.8740838,550,112.5678901289,590,550.123962,83.4813232,590.001892,0.03
20260412_194621,kuka,kuka_main,228,33.9255727,550,114.795249553836,590,550.123962,83.4813232,590.001892,0.03
20260412_194621,kuka,kuka_main,229,33.9789757,550,116.576719733472,590,550.065918,105.066338,590.001709,0.03
20260412_194621,kuka,kuka_main,230,34.1954778,550,117.932649975646,590,550.02533,108.367661,590.000671,0.03
20260412_194621,kuka,kuka_main,231,34.4637395,550,118.896317383765,590,550,109.886,590,0.03
20260412_194621,kuka,kuka_main,232,34.5196444,550,119.514884471294,590,550.017578,115.432472,590.00061,0.03
20260412_194621,kuka,kuka_main,233,34.7297358,550,119.850356776235,590,550.017578,115.432472,590.00061,0.03
20260412_194621,kuka,kuka_main,234,34.7806936,550,119.980540475621,590,550.017578,115.432472,590.00061,0.03
20260412_194621,kuka,kuka_main,235,34.8329275,550,120,590,550,118.896,590,0.03
20260412_194621,kuka,kuka_main,236,35.2562466,550,120,589.951351189053,550,118.896,590,0.03
20260412_194621,kuka,kuka_main,237,35.3076015,550,120,589.625891940587,550,118.896,590,0.03
20260412_194621,kuka,kuka_main,238,35.3626923,550,120,588.787211178234,550,120,589.951,0.03
20260412_194621,kuka,kuka_main,239,35.6152854,550,120,587.240793459413,550.000122,120.000031,589.816895,0.03
20260412_194621,kuka,kuka_main,240,35.6678085,550,120,584.831624939114,550.000183,120.000038,588.978149,0.03
20260412_194621,kuka,kuka_main,241,35.9385835,550,120,581.44179933368,550,120,588.787,0.03
20260412_194621,kuka,kuka_main,242,36.1431804,550,120,576.988123884591,550.000366,120.000084,588.731201,0.03
20260412_194621,kuka,kuka_main,243,36.1946832,550,120,571.41972532225,550.005127,120.001122,587.958435,0.03
20260412_194621,kuka,kuka_main,244,36.2476564,550,120,564.715655829762,550.000427,120.000092,581.504211,0.03
20260412_194621,kuka,kuka_main,245,36.4521143,550,120,556.882499006724,550,120,581.441956,0.03
20260412_194621,kuka,kuka_main,246,36.7098699,550,120,547.951975833002,550,120,581.442,0.03
20260412_194621,kuka,kuka_main,247,36.7631906,550,120,537.978550632519,550.201477,120.044182,572.923096,0.03
20260412_194621,kuka,kuka_main,248,37.0085788,550,120,527.037037037037,550.259216,120.056847,567.358276,0.03
20260412_194621,kuka,kuka_main,249,37.0592777,550,120,515.22020394994,550.261047,120.057251,562.356079,0.03
20260412_194621,kuka,kuka_main,250,37.1114384,550,120,502.63638151002,550.261047,120.057251,562.356079,0.03
20260412_194621,kuka,kuka_main,251,37.5833869,550,120,489.407067055259,550,120,547.952,0.03
20260412_194621,kuka,kuka_main,252,37.6364709,550,120,475.66453108661,550.001221,120.000267,547.929626,0.03
20260412_194621,kuka,kuka_main,253,37.6894925,550,120,461.549423231787,550.428955,120.094131,538.6604,0.03
20260412_194621,kuka,kuka_main,254,37.9013249,550,120,447.208378209043,550.428955,120.094131,538.6604,0.03
20260412_194621,kuka,kuka_main,255,37.952709,550,120,432.791621790957,550.732666,120.160782,527.450867,0.03
20260412_194621,kuka,kuka_main,256,38.2325396,550,120,418.450576768213,550.031128,120.006821,489.972626,0.03
20260412_194621,kuka,kuka_main,257,38.4579166,550,120,404.33546891339,550.001709,120.000374,489.438,0.03
20260412_194621,kuka,kuka_main,258,38.5097583,550,120,390.592932944741,550,120,489.407,0.03
20260412_194621,kuka,kuka_main,259,38.5624284,550,120,377.36361848998,550,120,489.407,0.03
20260412_194621,kuka,kuka_main,260,38.7883134,550,120,364.77979605006,550.012634,120.002777,489.283875,0.03
20260412_194621,kuka,kuka_main,261,39.0599198,550,120,352.962962962963,550.012634,120.002777,489.283875,0.03
20260412_194621,kuka,kuka_main,262,39.1140336,550,120,342.021449367481,552.722,120.598579,446.749237,0.03
20260412_194621,kuka,kuka_main,263,39.3311058,550,120,332.048024166998,552.86853,120.630768,438.144165,0.03
20260412_194621,kuka,kuka_main,264,39.382927,550,120,323.117500993275,552.878784,120.632988,429.466248,0.03
20260412_194621,kuka,kuka_main,265,39.4351646,550,120,315.284344170237,551.6875,120.370949,397.074463,0.03
20260412_194621,kuka,kuka_main,266,39.8942038,550,120,308.58027467775,551.6875,120.370949,397.074463,0.03
20260412_194621,kuka,kuka_main,267,39.9463254,550,120,303.011876115409,550.095581,120.021011,378.287811,0.03
20260412_194621,kuka,kuka_main,268,39.9993776,550,120,298.55820066632,550,120,377.364,0.03
20260412_194621,kuka,kuka_main,269,40.2493563,550,120,295.168375060886,550.003479,120.000778,377.315186,0.03
20260412_194621,kuka,kuka_main,270,40.3009087,550,120,292.759206540587,550.053467,120.011864,376.60965,0.03
20260412_194621,kuka,kuka_main,271,40.5748656,550,120,291.212788821766,551.394,120.309143,342.145538,0.03
20260412_194621,kuka,kuka_main,272,40.7839754,550,120,290.374108059413,551.39447,120.309235,333.790741,0.03
20260412_194621,kuka,kuka_main,273,40.8477689,550,120,290.048648810947,551.305054,120.289391,327.177826,0.03
20260412_194621,kuka,kuka_main,274,40.9015136,550,120,290,550.643616,120.142693,308.889587,0.03
20260412_194621,kuka,kuka_main,275,41.1089537,550,120,290.048648810947,550.464966,120.103088,305.686523,0.03
20260412_194621,kuka,kuka_main,276,41.3656135,550,120,290.374108059413,550.000671,120.000145,298.5672,0.03
20260412_194621,kuka,kuka_main,277,41.4198606,550,120,291.212788821766,550,120,298.558,0.03
20260412_194621,kuka,kuka_main,278,41.6294767,550,120,292.759206540587,550.000305,120.000069,298.510468,0.03
20260412_194621,kuka,kuka_main,279,41.6819247,550,120,295.168375060886,550.003601,120.000801,297.974854,0.03
20260412_194621,kuka,kuka_main,280,41.7343129,550,120,298.55820066632,550.003601,120.000801,297.974854,0.03
20260412_194621,kuka,kuka_main,281,42.1511623,550,120,303.011876115409,550,120,291.213,0.03
20260412_194621,kuka,kuka_main,282,42.2031419,550,120,308.58027467775,550.000061,120.000015,291.220428,0.03
20260412_194621,kuka,kuka_main,283,42.2558474,550,120,315.284344170238,550.029297,120.006546,295.509369,0.03
20260412_194621,kuka,kuka_main,284,42.4631153,550,120,323.117500993276,550.030884,120.006905,298.002411,0.03
20260412_194621,kuka,kuka_main,285,42.5153298,550,120,332.048024166998,550.021,120.004692,300.533173,0.03
20260412_194621,kuka,kuka_main,286,42.7715027,550,120,342.021449367481,550.021,120.004692,300.533173,0.03
20260412_194621,kuka,kuka_main,287,42.9727254,550,120,352.962962962963,550.001221,120.000267,303.046417,0.03
20260412_194621,kuka,kuka_main,288,43.0250879,550,120,364.77979605006,550.014832,120.003296,303.434631,0.03
20260412_194621,kuka,kuka_main,289,43.0799869,550,120,377.36361848998,550.014832,120.003296,303.434631,0.03
20260412_194621,kuka,kuka_main,290,43.3412753,550,120,390.592932944741,550.014832,120.003296,303.434631,0.03
20260412_194621,kuka,kuka_main,291,43.607118,550,120,404.33546891339,550.014832,120.003296,303.434631,0.03
20260412_194621,kuka,kuka_main,292,43.6597536,550,120,418.450576768213,550.014832,120.003296,303.434631,0.03
20260412_194621,kuka,kuka_main,293,43.8803478,550,120,432.791621790957,550.014832,120.003296,303.434631,0.03
20260412_194621,kuka,kuka_main,294,43.9293324,550,120,447.208378209043,550.014832,120.003296,303.434631,0.03
20260412_194621,kuka,kuka_main,295,43.9800772,550,120,461.549423231787,550.014832,120.003296,303.434631,0.03
20260412_194621,kuka,kuka_main,296,44.4605333,550,120,475.66453108661,550,120,475.665,0.03
20260412_194621,kuka,kuka_main,297,44.5119634,550,120,489.407067055259,550,120,475.665,0.03
20260412_194621,kuka,kuka_main,298,44.5643671,550,120,502.63638151002,550,120,475.665,0.03
20260412_194621,kuka,kuka_main,299,44.7684049,550,120,515.22020394994,550,120,475.665,0.03
20260412_194621,kuka,kuka_main,300,44.8209668,550,120,527.037037037037,550,120,475.665,0.03
20260412_194621,kuka,kuka_main,301,45.0944068,550,120,537.978550632519,550,120,475.665,0.03
20260412_194621,kuka,kuka_main,302,45.3246454,550,120,547.951975833003,550.001038,120.000237,418.460419,0.03
20260412_194621,kuka,kuka_main,303,45.3759095,550,120,556.882499006725,550.034,120.007469,418.75296,0.03
20260412_194621,kuka,kuka_main,304,45.4277699,550,120,564.715655829763,551.066467,120.234093,428.821594,0.03
20260412_194621,kuka,kuka_main,305,45.6608381,550,120,571.41972532225,551.474487,120.323662,433.443115,0.03
20260412_194621,kuka,kuka_main,306,45.9153056,550,120,576.988123884591,553.202759,120.703217,466.408539,0.03
20260412_194621,kuka,kuka_main,307,45.9787889,550,120,581.44179933368,552.8,120.614944,501.704529,0.03
20260412_194621,kuka,kuka_main,308,46.1840106,550,120,584.831624939114,552.379,120.522522,509.882874,0.03
20260412_194621,kuka,kuka_main,309,46.2393939,550,120,587.240793459413,551.86554,120.409767,517.653259,0.03
20260412_194621,kuka,kuka_main,310,46.2965339,550,120,588.787211178234,550.05426,120.011917,537.485413,0.03
20260412_194621,kuka,kuka_main,311,46.7651264,550,120,589.625891940587,550,120,537.979,0.03
20260412_194621,kuka,kuka_main,312,46.8173786,550,120,589.951351189053,550.000916,120.000198,537.997131,0.03
20260412_194621,kuka,kuka_main,313,46.8699339,550,120,590,550.28656,120.062836,544.660339,0.03
20260412_194621,kuka,kuka_main,314,47.074051,550,119.980540475621,590.009729762189,550.423523,120.092865,548.892639,0.03
20260412_194621,kuka,kuka_main,315,47.1256031,550,119.850356776235,590.074821611883,550.538269,120.118034,553.750305,0.03
20260412_194621,kuka,kuka_main,316,47.3854506,550,119.514884471294,590.242557764353,550.001343,120.000298,589.598328,0.03
20260412_194621,kuka,kuka_main,317,47.6050652,550,118.896317383765,590.551841308117,550,120,589.626,0.03
20260412_194621,kuka,kuka_main,318,47.6567232,550,117.932649975646,591.033675012177,550,120,589.626,0.03
20260412_194621,kuka,kuka_main,319,47.7121699,550,116.576719733472,591.711640133264,550,117.932648,591.034241,0.03
20260412_194621,kuka,kuka_main,320,47.9268946,550,114.795249553836,592.602375223082,550,117.932648,591.034241,0.03
20260412_194621,kuka,kuka_main,321,48.194212,550,112.5678901289,593.71605493555,550,117.932648,591.034241,0.03
20260412_194621,kuka,kuka_main,322,48.2476743,550,109.886262331905,595.056868834047,550,114.795,592.602,0.03
20260412_194621,kuka,kuka_main,323,48.4526709,550,106.75299960269,596.623500198655,550.000488,114.70076,592.649109,0.03
20260412_194621,kuka,kuka_main,324,48.5159921,550,103.180790333201,598.409604833399,550.004395,113.81974,593.089722,0.03
20260412_194621,kuka,kuka_main,325,48.5668723,550,99.1914202530077,600.404289873496,550,109.886,595.057,0.03
20260412_194621,kuka,kuka_main,326,48.9765149,550,94.8148148148148,602.592592592593,550,109.886,595.057,0.03
20260412_194621,kuka,kuka_main,327,49.0287856,550,90.0880815799761,604.955959210012,550,109.886,595.057,0.03
20260412_194621,kuka,kuka_main,328,49.0816985,550,85.0545526040081,607.472723697996,550.058,99.9087677,600.045471,0.03
20260412_194621,kuka,kuka_main,329,49.2953589,550,79.7628268221034,610.118586588948,550.03,96.8299103,601.585205,0.03
20260412_194621,kuka,kuka_main,330,49.3464263,550,74.2658124346441,612.867093782678,550.003479,95.0201187,602.490417,0.03
20260412_194621,kuka,kuka_main,331,49.6258043,550,68.6197692927149,615.690115353643,550,94.8146362,602.593201,0.03
20260412_194621,kuka,kuka_main,332,49.9182416,550,62.8833512836174,618.558324358191,550.008667,94.5215836,602.739563,0.03
20260412_194621,kuka,kuka_main,333,49.9733409,550,57.1166487163826,621.441675641809,550.008667,94.5215836,602.739563,0.03
20260412_194621,kuka,kuka_main,334,50.0293396,550,51.3802307072851,624.309884646357,550.05719,70.6871109,614.654785,0.03
20260412_194621,kuka,kuka_main,335,50.3235527,550,45.7341875653559,627.132906217322,550.011902,69.0231094,615.488098,0.03
20260412_194621,kuka,kuka_main,336,50.587192,550,40.2371731778966,629.881413411052,550,68.62,615.69,0.03
20260412_194621,kuka,kuka_main,337,50.6410634,550,34.9454473959919,632.527276302004,550.230225,55.5025482,622.238281,0.03
20260412_194621,kuka,kuka_main,338,50.9429867,550,29.9119184200239,635.044040789988,550.208496,49.9411926,625.019409,0.03
20260412_194621,kuka,kuka_main,339,50.9935787,550,25.1851851851852,637.407407407407,550.137939,45.3976593,627.294128,0.03
20260412_194621,kuka,kuka_main,340,51.0475358,550,20.8085797469923,639.595710126504,550.000061,40.234539,629.882202,0.03
20260412_194621,kuka,kuka_main,341,51.5397371,550,16.819209666799,641.590395166601,550.102844,28.2345123,635.877075,0.03
20260412_194621,kuka,kuka_main,342,51.5917726,550,13.2470003973102,643.376499801345,550.068665,24.6166363,637.688049,0.03
20260412_194621,kuka,kuka_main,343,51.6449009,550,10.1137376680949,644.943131165953,550,20.809,639.596,0.03
20260412_194621,kuka,kuka_main,344,51.8649351,550,7.43210987110004,646.28394506445,550.00061,20.758297,639.621338,0.03
20260412_194621,kuka,kuka_main,345,51.9165938,550,5.20475044616354,647.397624776918,550.008667,20.0559864,639.972,0.03
20260412_194621,kuka,kuka_main,346,52.1757055,550,3.42328026652808,648.288359866736,550.008667,20.0559864,639.972,0.03
20260412_194621,kuka,kuka_main,347,52.3806329,550,2.06735002435434,648.966324987823,550.000549,10.0442457,644.977844,0.03
20260412_194621,kuka,kuka_main,348,52.4319585,550,1.10368261623464,649.448158691883,550.005188,9.36041355,645.319397,0.03
20260412_194621,kuka,kuka_main,349,52.48466,550,0.485115528706388,649.757442235647,550.005188,9.36041355,645.319397,0.03
20260412_194621,kuka,kuka_main,350,52.7083106,550,0.149643223765167,649.925178388117,550,3.4219532,648.288574,0.03
20260412_194621,kuka,kuka_main,351,52.9894906,550,0.0194595243786466,649.990270237811,550,0.15000011,649.925,0.03
20260412_194621,kuka,kuka_main,352,53.0425377,550,0,650,550,0.14963536,649.925171,0.03
20260412_194750,kuka,kuka_main,1,3.77e-05,550,0,650,550,-7.50674479e-17,650,0.03
20260412_194750,kuka,kuka_main,2,0.2771445,550.008108135158,-0.0243244054735249,649.991891864842,550,-7.50674479e-17,650,0.03
20260412_194750,kuka,kuka_main,3,0.3297667,550.062351343235,-0.187054029706598,649.937648656765,550.004089,-0.0122516733,649.995911,0.03
20260412_194750,kuka,kuka_main,4,0.3971638,550.202131470294,-0.606394410883049,649.797868529706,550.008,-0.024,649.992,0.03
20260412_194750,kuka,kuka_main,5,0.6037822,550.459867756764,-1.37960327029337,649.540132243236,550.03125,-0.0935960785,649.968811,0.03
20260412_194750,kuka,kuka_main,6,0.8623222,550.861395843481,-2.58418753044291,649.138604156519,550.202,-0.606,649.798,0.03
20260412_194750,kuka,kuka_main,7,0.9145495,551.42636677772,-4.27910033316007,648.57363322228,550.860657,-2.58287334,649.139343,0.03
20260412_194750,kuka,kuka_main,8,1.1224808,552.168646019235,-6.50593805770445,647.831353980765,550.861,-2.58400321,649.139,0.03
20260412_194750,kuka,kuka_main,9,1.1739691,553.096712446292,-9.29013733887513,646.903287553708,550.861,-2.584,649.139,0.03
20260412_194750,kuka,kuka_main,10,1.2267349,554.214057361706,-12.6421720851188,645.785942638294,552.50946,-7.49587727,647.500854,0.03
20260412_194750,kuka,kuka_main,11,1.6511608,555.519583498879,-16.5587504966378,644.480416501121,553.097,-9.29,646.903,0.03
20260412_194750,kuka,kuka_main,12,1.702226,557.008004027833,-21.0240120834988,642.991995972167,553.109375,-9.32626152,646.89093,0.03
20260412_194750,kuka,kuka_main,13,1.7559878,558.670241561247,-26.0107246837403,641.329758438753,555.406067,-16.208416,644.596802,0.03
20260412_194750,kuka,kuka_main,14,1.9707374,560.493827160494,-31.4814814814815,639.506172839506,555.519714,-16.5580292,644.480286,0.03
20260412_194750,kuka,kuka_main,15,2.0216715,562.463299341677,-37.3898980250299,637.536700658323,555.52,-16.5590038,644.48,0.03
20260412_194750,kuka,kuka_main,16,2.2819095,564.560603081663,-43.6818092449898,635.439396918337,555.52,-16.559,644.48,0.03
20260412_194750,kuka,kuka_main,17,2.4873432,566.765488824124,-50.2964664723707,633.234511175876,555.546143,-16.6303368,644.456177,0.03
20260412_194750,kuka,kuka_main,18,2.5531184,569.055911485565,-57.1677344566949,630.944088514435,555.839478,-17.4332066,644.188416,0.03
20260412_194750,kuka,kuka_main,19,2.6067597,571.408429461369,-64.2252883841064,628.591570538631,560.885559,-32.0038452,639.330872,0.03
20260412_194750,kuka,kuka_main,20,2.8096839,573.798603631826,-71.3958108954783,626.201396368174,562.711365,-37.677227,637.440186,0.03
20260412_194750,kuka,kuka_main,21,3.0817903,576.201396368174,-78.6041891045217,623.798603631826,564.561,-43.682,635.439,0.03
20260412_194750,kuka,kuka_main,22,3.1343332,578.591570538631,-85.7747116158937,621.408429461369,566.858459,-49.9267769,633.364746,0.03
20260412_194750,kuka,kuka_main,23,3.3460393,580.944088514435,-92.8322655433051,619.055911485565,568.467957,-54.4658585,631.855225,0.03
20260412_194750,kuka,kuka_main,24,3.3976885,583.234511175876,-99.7035335276293,616.765488824124,570.420898,-60.1736,629.954834,0.03
20260412_194750,kuka,kuka_main,25,3.451333,585.439396918337,-106.31819075501,614.560603081663,576.192322,-78.5743,623.80896,0.03
20260412_194750,kuka,kuka_main,26,3.9549584,587.536700658323,-112.61010197497,612.463299341677,576.201,-78.604,623.799,0.03
20260412_194750,kuka,kuka_main,27,4.0069072,589.506172839506,-118.518518518518,610.493827160494,576.204712,-78.6139,623.795715,0.03
20260412_194750,kuka,kuka_main,28,4.0608702,591.329758438753,-123.98927531626,608.670241561247,580.065186,-89.3105392,620.253723,0.03
20260412_194750,kuka,kuka_main,29,4.2779065,592.991995972167,-128.975987916501,607.008004027833,581.851807,-94.5382,618.514893,0.03
20260412_194750,kuka,kuka_main,30,4.328726,594.480416501121,-133.441249503362,605.519583498879,584.047668,-101.239059,616.27832,0.03
20260412_194750,kuka,kuka_main,31,4.6028262,595.785942638294,-137.357827914881,604.214057361706,587.537,-112.61,612.463,0.03
20260412_194750,kuka,kuka_main,32,4.8181808,596.903287553708,-140.709862661125,603.096712446292,587.546082,-112.635056,612.454773,0.03
20260412_194750,kuka,kuka_main,33,4.8694423,597.831353980765,-143.494061942296,602.168646019235,587.752747,-113.20652,612.266235,0.03
20260412_194750,kuka,kuka_main,34,4.9233113,598.57363322228,-145.72089966684,601.42636677772,592.956848,-128.378662,607.227051,0.03
20260412_194750,kuka,kuka_main,35,5.1420545,599.138604156519,-147.415812469557,600.861395843481,594.066589,-131.831924,606.071,0.03
20260412_194750,kuka,kuka_main,36,5.4004531,599.540132243236,-148.620396729707,600.459867756764,595.786,-137.358,604.214,0.03
20260412_194750,kuka,kuka_main,37,5.4526497,599.797868529706,-149.393605589117,600.202131470294,597.552368,-142.548248,602.489258,0.03
20260412_194750,kuka,kuka_main,38,5.6585544,599.937648656765,-149.812945970294,600.062351343235,598.44342,-145.238495,601.591675,0.03
20260412_194750,kuka,kuka_main,39,5.711206,599.991891864842,-149.975675594527,600.008108135158,599.110413,-147.285706,600.907043,0.03
20260412_194750,kuka,kuka_main,40,5.7638074,600,-150,600,599.54,-148.62,600.46,0.03
20260412_194750,kuka,kuka_main,41,6.1794093,600,-150,599.951351189053,600,-150,600,0.03
20260412_194750,kuka,kuka_main,42,6.2306984,600,-150,599.625891940587,600,-150,599.977966,0.03
20260412_194750,kuka,kuka_main,43,6.2838763,600,-150,598.787211178234,600,-150,599.951,0.03
20260412_194750,kuka,kuka_main,44,6.5113329,600,-150,597.240793459413,600.000061,-150.000015,599.871399,0.03
20260412_194750,kuka,kuka_main,45,6.5621118,600,-150,594.831624939114,600.000305,-150.000076,599.224731,0.03
20260412_194750,kuka,kuka_main,46,6.8215647,600,-150,591.44179933368,600,-150,598.787,0.03
20260412_194750,kuka,kuka_main,47,7.0208385,600,-150,586.988123884591,600.000122,-150.000031,598.769592,0.03
20260412_194750,kuka,kuka_main,48,7.0727211,600,-150,581.41972532225,600.003296,-150.000824,598.228882,0.03
20260412_194750,kuka,kuka_main,49,7.1254405,600,-150,574.715655829762,600.000916,-150.000229,591.586548,0.03
20260412_194750,kuka,kuka_main,50,7.3248762,600,-150,566.882499006724,600,-150,591.441895,0.03
20260412_194750,kuka,kuka_main,51,7.5927818,600,-150,557.951975833002,600,-150,591.442,0.03
20260412_194750,kuka,kuka_main,52,7.6575275,600,-150,547.978550632519,600.159424,-150.039764,584.523315,0.03
20260412_194750,kuka,kuka_main,53,7.8628465,600,-150,537.037037037037,600.22583,-150.056335,579.200806,0.03
20260412_194750,kuka,kuka_main,54,7.9149756,600,-150,525.22020394994,600.243408,-150.060715,574.091431,0.03
20260412_194750,kuka,kuka_main,55,7.9668029,600,-150,512.63638151002,600.035767,-150.008926,559.22522,0.03
20260412_194750,kuka,kuka_main,56,8.4004522,600,-150,499.407067055259,600,-150,557.952,0.03
20260412_194750,kuka,kuka_main,57,8.4527853,600,-150,485.66453108661,600.00354,-150.00087,557.88147,0.03
20260412_194750,kuka,kuka_main,58,8.5072507,600,-150,471.549423231787,600.417297,-150.104034,547.86969,0.03
20260412_194750,kuka,kuka_main,59,8.7098627,600,-150,457.208378209043,600.572266,-150.142654,542.371,0.03
20260412_194750,kuka,kuka_main,60,8.7624353,600,-150,442.791621790957,600.713623,-150.177902,533.52124,0.03
20260412_194750,kuka,kuka_main,61,9.0337833,600,-150,428.450576768213,600.041382,-150.010315,500.238159,0.03
20260412_194750,kuka,kuka_main,62,9.234967,600,-150,414.33546891339,600.006958,-150.00174,499.545349,0.03
20260412_194750,kuka,kuka_main,63,9.2872686,600,-150,400.592932944741,600,-150,499.407074,0.03
20260412_194750,kuka,kuka_main,64,9.340138,600,-150,387.36361848998,600,-150,499.407,0.03
20260412_194750,kuka,kuka_main,65,9.536288,600,-150,374.77979605006,600.002869,-150.000717,499.37616,0.03
20260412_194750,kuka,kuka_main,66,9.7940585,600,-150,362.962962962963,601.035706,-150.257767,486.875641,0.03
20260412_194750,kuka,kuka_main,67,9.8472286,600,-150,352.021449367481,602.407104,-150.59906,459.097321,0.03
20260412_194750,kuka,kuka_main,68,10.0510387,600,-150,342.048024166998,602.590759,-150.644791,448.835449,0.03
20260412_194750,kuka,kuka_main,69,10.1148278,600,-150,333.117500993275,602.609192,-150.649368,440.061829,0.03
20260412_194750,kuka,kuka_main,70,10.1673761,600,-150,325.284344170237,601.717041,-150.427353,410.373352,0.03
20260412_194750,kuka,kuka_main,71,10.5913496,600,-150,318.58027467775,600.341492,-150.084991,391.112305,0.03
20260412_194750,kuka,kuka_main,72,10.6437505,600,-150,313.011876115409,600.160156,-150.039856,389.088806,0.03
20260412_194750,kuka,kuka_main,73,10.6983581,600,-150,308.55820066632,600.160156,-150.039856,389.088806,0.03
20260412_194750,kuka,kuka_main,74,10.8977687,600,-150,305.168375060886,600.160156,-150.039856,389.088806,0.03
20260412_194750,kuka,kuka_main,75,10.9474402,600,-150,302.759206540587,600.160156,-150.039856,389.088806,0.03
20260412_194750,kuka,kuka_main,76,11.2077281,600,-150,301.212788821766,601.039856,-150.257843,366.742279,0.03
20260412_194750,kuka,kuka_main,77,11.4046886,600,-150,300.374108059413,601.039856,-150.257843,366.742279,0.03
20260412_194750,kuka,kuka_main,78,11.4564224,600,-150,300.048648810947,601.039856,-150.257843,366.742279,0.03
20260412_194750,kuka,kuka_main,79,11.5086293,600,-150,300,600.963257,-150.238861,323.581146,0.03
20260412_194750,kuka,kuka_main,80,11.7639202,600,-150,300.048648810947,600.728943,-150.180756,317.970123,0.03
20260412_194750,kuka,kuka_main,81,12.0333716,600,-150,300.374108059413,600.054321,-150.013474,305.981,0.03
20260412_194750,kuka,kuka_main,82,12.0865591,600,-150,301.212788821766,600,-150,305.168,0.03
20260412_194750,kuka,kuka_main,83,12.2877011,600,-150,302.759206540587,600.000061,-150.000015,305.141632,0.03
20260412_194750,kuka,kuka_main,84,12.3416529,600,-150,305.168375060886,600.001526,-150.000381,304.610657,0.03
20260412_194750,kuka,kuka_main,85,12.3949175,600,-150,308.55820066632,600,-150,301.213,0.03
20260412_194750,kuka,kuka_main,86,12.846102,600,-150,313.011876115409,600,-150,301.213,0.03
20260412_194750,kuka,kuka_main,87,12.9003114,600,-150,318.58027467775,600.000244,-150.000061,301.23764,0.03
20260412_194750,kuka,kuka_main,88,12.9558351,600,-150,325.284344170238,600.028442,-150.007095,307.418121,0.03
20260412_194750,kuka,kuka_main,89,13.1891625,600,-150,333.117500993276,600.020386,-150.005081,310.257385,0.03
20260412_194750,kuka,kuka_main,90,13.2423775,600,-150,342.048024166998,600.006531,-150.001633,312.288391,0.03
20260412_194750,kuka,kuka_main,91,13.5169304,600,-150,352.021449367481,600,-150,313.012,0.03
20260412_194750,kuka,kuka_main,92,13.7224841,600,-150,362.962962962963,600,-150,313.012,0.03
20260412_194750,kuka,kuka_main,93,13.7731936,600,-150,374.77979605006,600.009033,-150.002243,313.295776,0.03
20260412_194750,kuka,kuka_main,94,13.8257653,600,-150,387.36361848998,600.236084,-150.058929,322.914429,0.03
20260412_194750,kuka,kuka_main,95,14.0784249,600,-150,400.592932944741,600.286133,-150.071426,326.941711,0.03
20260412_194750,kuka,kuka_main,96,14.3374537,600,-150,414.33546891339,600.104858,-150.026169,348.402924,0.03
20260412_194750,kuka,kuka_main,97,14.3913348,600,-150,428.450576768213,600,-150,352.021,0.03
20260412_194750,kuka,kuka_main,98,14.5966556,600,-150,442.791621790957,600,-150,352.021,0.03
20260412_194750,kuka,kuka_main,99,14.6483734,600,-150,457.208378209043,600.001404,-150.000351,352.039978,0.03
20260412_194750,kuka,kuka_main,100,14.7011216,600,-150,471.549423231787,600.376404,-150.094009,357.336121,0.03
20260412_194750,kuka,kuka_main,101,15.1194791,600,-150,485.66453108661,601.399231,-150.349457,378.248657,0.03
20260412_194750,kuka,kuka_main,102,15.1722514,600,-150,499.407067055259,601.590576,-150.397247,385.832184,0.03
20260412_194750,kuka,kuka_main,103,15.2368948,600,-150,512.63638151002,601.413635,-150.353043,415.958618,0.03
20260412_194750,kuka,kuka_main,104,15.4449522,600,-150,525.22020394994,601.158691,-150.289368,422.962189,0.03
20260412_194750,kuka,kuka_main,105,15.4972935,600,-150,537.037037037037,600.87793,-150.219238,428.930206,0.03
20260412_194750,kuka,kuka_main,106,15.7562483,600,-150,547.978550632519,600.87793,-150.219238,428.930206,0.03
20260412_194750,kuka,kuka_main,107,15.9673567,600,-150,557.951975833003,600.001343,-150.000336,442.806915,0.03
20260412_194750,kuka,kuka_main,108,16.01821,600,-150,566.882499006725,600.031921,-150.00798,443.147522,0.03
20260412_194750,kuka,kuka_main,109,16.0699716,600,-150,574.715655829763,600.784241,-150.195969,452.389801,0.03
20260412_194750,kuka,kuka_main,110,16.287012,600,-150,581.41972532225,601.164795,-150.291061,457.948181,0.03
20260412_194750,kuka,kuka_main,111,16.5586349,600,-150,586.988123884591,602.322937,-150.580414,490.247742,0.03
20260412_194750,kuka,kuka_main,112,16.6119116,600,-150,591.44179933368,601.365967,-150.341293,529.231201,0.03
20260412_194750,kuka,kuka_main,113,16.848214,600,-150,594.831624939114,600.989685,-150.247269,535.275085,0.03
20260412_194750,kuka,kuka_main,114,16.9011059,600,-150,597.240793459413,600.642273,-150.160461,540.142639,0.03
20260412_194750,kuka,kuka_main,115,16.9536224,600,-150,598.787211178234,600.000488,-150.000122,547.973694,0.03
20260412_194750,kuka,kuka_main,116,17.3660269,600,-150,599.625891940587,600,-150,547.979,0.03
20260412_194750,kuka,kuka_main,117,17.4189475,600,-150,599.951351189053,600.002319,-150.00058,548.030151,0.03
20260412_194750,kuka,kuka_main,118,17.4707608,600,-150,600,600.309143,-150.077255,556.126343,0.03
20260412_194750,kuka,kuka_main,119,17.6847553,600,-149.987837797263,600,600.447205,-150.11174,561.411194,0.03
20260412_194750,kuka,kuka_main,120,17.7487338,600,-149.906472985147,600,600.550842,-150.13765,568.011108,0.03
20260412_194750,kuka,kuka_main,121,18.0221544,600,-149.696802794558,600,600,-150,599.626038,0.03
20260412_194750,kuka,kuka_main,122,18.2299301,600,-149.310198364853,600,600,-150,599.626,0.03
20260412_194750,kuka,kuka_main,123,18.2824768,600,-148.707906234779,600,600.000061,-149.933945,599.661804,0.03
20260412_194750,kuka,kuka_main,124,18.3345809,600,-147.86044983342,600,600,-149.31,600,0.03
20260412_194750,kuka,kuka_main,125,18.5505194,600,-146.747030971148,600,600.000061,-149.272675,600,0.03
20260412_194750,kuka,kuka_main,126,18.8092642,600,-145.354931330562,600,600,-147.86,600,0.03
20260412_194750,kuka,kuka_main,127,18.8625762,600,-143.678913957441,600,600,-145.363297,600,0.03
20260412_194750,kuka,kuka_main,128,19.0712431,600,-141.720624751681,600,600,-145.355,600,0.03
20260412_194750,kuka,kuka_main,129,19.1256378,600,-139.487993958251,600,600,-145.355,600,0.03
20260412_194750,kuka,kuka_main,130,19.1805405,600,-136.99463765813,600,600.002441,-140.038635,600.000122,0.03
20260412_194750,kuka,kuka_main,131,19.6185688,600,-134.259259259259,600,600,-139.488,600,0.03
20260412_194750,kuka,kuka_main,132,19.6718542,600,-131.305050987485,600,600.000305,-139.415359,600,0.03
20260412_194750,kuka,kuka_main,133,19.725268,600,-128.159095377505,600,600.000061,-134.272018,600,0.03
20260412_194750,kuka,kuka_main,134,19.9313451,600,-124.851766763815,600,600,-134.259018,600,0.03
20260412_194750,kuka,kuka_main,135,19.9831995,600,-121.416132771653,600,600,-134.259,600,0.03
20260412_194750,kuka,kuka_main,136,20.2415813,600,-117.887355807947,600,600,-121.416023,600,0.03
20260412_194750,kuka,kuka_main,137,20.4636736,600,-114.302094552261,600,600,-121.416,600,0.03
20260412_194750,kuka,kuka_main,138,20.5168397,600,-110.697905447739,600,600.000244,-121.379112,600,0.03
20260412_194750,kuka,kuka_main,139,20.5699082,600,-107.112644192053,600,600.000916,-114.454582,600,0.03
20260412_194750,kuka,kuka_main,140,20.7948823,600,-103.583867228347,600,600,-114.302025,600,0.03
20260412_194750,kuka,kuka_main,141,21.0612883,600,-100.148233236185,600,600,-114.302,600,0.03
20260412_194750,kuka,kuka_main,142,21.1135867,600,-96.8409046224949,600,600.038513,-109.270363,600.001,0.03
20260412_194750,kuka,kuka_main,143,21.3164916,600,-93.6949490125149,600,600.039368,-105.445007,600.001,0.03
20260412_194750,kuka,kuka_main,144,21.3684784,600,-90.7407407407408,600,600.021484,-102.27227,600.000549,0.03
20260412_194750,kuka,kuka_main,145,21.4220337,600,-88.0053623418702,600,600,-100.148,600,0.03
20260412_194750,kuka,kuka_main,146,21.8347932,600,-85.5120060417494,600,600.022583,-90.923378,600.000427,0.03
20260412_194750,kuka,kuka_main,147,21.8862474,600,-83.2793752483189,600,600.007385,-88.7780609,600.000122,0.03
20260412_194750,kuka,kuka_main,148,21.9398697,600,-81.3210860425593,600,600,-88.005,600,0.03
20260412_194750,kuka,kuka_main,149,22.148574,600,-79.6450686694375,600,600.000549,-87.9095459,600,0.03
20260412_194750,kuka,kuka_main,150,22.1999878,600,-78.2529690288522,600,600.005615,-86.772438,600.000061,0.03
20260412_194750,kuka,kuka_main,151,22.4695846,600,-77.1395501665801,600,600,-81.321,600,0.03
20260412_194750,kuka,kuka_main,152,22.6803175,600,-76.2920937652215,600,600.000122,-81.284523,600,0.03
20260412_194750,kuka,kuka_main,153,22.7308813,600,-75.6898016351467,600,600.002869,-80.2166901,600.000061,0.03
20260412_194750,kuka,kuka_main,154,22.7937506,600,-75.3031972054415,600,600,-77.14,600,0.03
20260412_194750,kuka,kuka_main,155,23.0038086,600,-75.0935270148532,600,600,-77.14,600,0.03
20260412_194750,kuka,kuka_main,156,23.2632377,600,-75.0121622027366,600,600,-75.303,600,0.03
20260412_194750,kuka,kuka_main,157,23.3153351,600,-75,600,600,-75.012,600,0.03
20260412_194750,kuka,kuka_main,158,23.5206736,600,-74.9878377972632,600,600,-75.0074,600,0.03
20260412_194750,kuka,kuka_main,159,23.5715848,600,-74.9064729851467,600,600,-74.9999771,600,0.03
20260412_194750,kuka,kuka_main,160,23.6255606,600,-74.6968027945585,600,600,-74.9999847,600,0.03
20260412_194750,kuka,kuka_main,161,24.0650814,600,-74.3101983648533,600,600,-74.697,600,0.03
20260412_194750,kuka,kuka_main,162,24.1171217,600,-73.7079062347785,600,600,-74.6614075,600,0.03
20260412_194750,kuka,kuka_main,163,24.1699976,600,-72.86044983342,600,600,-74.31,600,0.03
20260412_194750,kuka,kuka_main,164,24.4296812,600,-71.7470309711478,600,600.000061,-74.2737198,600,0.03
20260412_194750,kuka,kuka_main,165,24.480878,600,-70.3549313305624,600,600.000427,-73.6784897,600,0.03
20260412_194750,kuka,kuka_main,166,24.7417441,600,-68.6789139574406,600,600,-72.86,600,0.03
20260412_194750,kuka,kuka_main,167,24.9479984,600,-66.7206247516811,600,600.000122,-72.8237381,600,0.03
20260412_194750,kuka,kuka_main,168,24.9999576,600,-64.4879939582506,600,600.000122,-72.8237381,600,0.03
20260412_194750,kuka,kuka_main,169,25.0529589,600,-61.9946376581298,600,600,-68.679,600,0.03
20260412_194750,kuka,kuka_main,170,25.257104,600,-59.2592592592593,600,600,-68.6779404,600,0.03
20260412_194750,kuka,kuka_main,171,25.5372183,600,-56.3050509874851,600,600.004883,-59.9241829,600.000061,0.03
20260412_194750,kuka,kuka_main,172,25.5914238,600,-53.1590953775051,600,600,-59.258625,600,0.03
20260412_194750,kuka,kuka_main,173,25.8797655,600,-49.8517667638147,600,600.001,-59.0616226,600,0.03
20260412_194750,kuka,kuka_main,174,25.9328851,600,-46.4161327716525,600,600.001,-59.0616226,600,0.03
20260412_194750,kuka,kuka_main,175,25.986665,600,-42.8873558079468,600,600,-53.1589966,600,0.03
20260412_194750,kuka,kuka_main,176,26.4159827,600,-39.3020945522609,600,600,-53.159,600,0.03
20260412_194750,kuka,kuka_main,177,26.4689982,600,-35.6979054477391,600,600.001099,-53.0646667,600,0.03
20260412_194750,kuka,kuka_main,178,26.5222258,600,-32.1126441920532,600,600.030579,-42.8615761,600.000122,0.03
20260412_194750,kuka,kuka_main,179,26.7334443,600,-28.5838672283475,600,600.011841,-40.4168243,600.000061,0.03
20260412_194750,kuka,kuka_main,180,26.7855802,600,-25.1482332361853,600,600.000305,-39.3258705,600,0.03
20260412_194750,kuka,kuka_main,181,27.0554517,600,-21.8409046224949,600,600,-39.3016281,600,0.03
20260412_194750,kuka,kuka_main,182,27.3434361,600,-18.6949490125149,600,600,-39.3016281,600,0.03
20260412_194750,kuka,kuka_main,183,27.3942752,600,-15.7407407407408,600,600,-39.3016281,600,0.03
20260412_194750,kuka,kuka_main,184,27.4490312,600,-13.0053623418702,600,600,-39.3016281,600,0.03
20260412_194750,kuka,kuka_main,185,27.8282545,600,-10.5120060417494,600,600.000183,-21.8167458,600,0.03
20260412_194750,kuka,kuka_main,186,28.1028375,600,-8.27937524831887,600,600.000427,-13.0601158,600,0.03
20260412_194750,kuka,kuka_main,187,28.1590785,600,-6.32108604255932,600,600,-13.0049982,600,0.03
20260412_194750,kuka,kuka_main,188,28.5767848,600,-4.64506866943752,600,600.000854,-12.8484173,600,0.03
20260412_194750,kuka,kuka_main,189,28.6314396,600,-3.25296902885222,600,600.006,-11.659647,600,0.03
20260412_194750,kuka,kuka_main,190,28.6879005,600,-2.13955016658005,600,600.006,-11.659647,600,0.03
20260412_194750,kuka,kuka_main,191,29.2250728,600,-1.29209376522145,600,600,-2.13982368,600,0.03
20260412_194750,kuka,kuka_main,192,29.2780879,600,-0.689801635146651,600,600,-2.14000058,600,0.03
20260412_194750,kuka,kuka_main,193,29.3324649,600,-0.303197205441492,600,600,-0.69,600,0.03
20260412_194750,kuka,kuka_main,194,29.6321454,600,-0.0935270148532368,600,600,-0.665991664,600,0.03
20260412_194750,kuka,kuka_main,195,29.6853333,600,-0.012162202736647,600,600,-0.665991664,600,0.03
20260412_194750,kuka,kuka_main,196,29.9459903,600,0,600,600,-0.303,600,0.03
20260412_194750,kuka,kuka_main,197,30.1958499,600,0.0243244054735249,600,600,-0.240047604,600,0.03
20260412_194750,kuka,kuka_main,198,30.2475593,600,0.187054029706598,600,600,-0.0260706749,600,0.03
20260412_194750,kuka,kuka_main,199,30.3003798,600,0.606394410883049,600,600,-5.71923558e-14,600,0.03
20260412_194750,kuka,kuka_main,200,30.5338162,600,1.37960327029337,600,600.000061,0.147476345,600,0.03
20260412_194750,kuka,kuka_main,201,30.8026994,600,2.58418753044291,600,600.000061,0.147476345,600,0.03
20260412_194750,kuka,kuka_main,202,30.8559302,600,4.27910033316007,600,600.000061,0.147476345,600,0.03
20260412_194750,kuka,kuka_main,203,31.0925124,600,6.50593805770445,600,600.000061,0.147476345,600,0.03
20260412_194750,kuka,kuka_main,204,31.1440676,600,9.29013733887513,600,600.000366,2.87744761,600,0.03
20260412_194750,kuka,kuka_main,205,31.2081583,600,12.6421720851188,600,600,4.279,600,0.03
20260412_194750,kuka,kuka_main,206,31.6340896,600,16.5587504966378,600,600.007,11.4763165,600,0.03
20260412_194750,kuka,kuka_main,207,31.687,600,21.0240120834988,600,600.001038,12.4935341,600,0.03
20260412_194750,kuka,kuka_main,208,31.7389873,600,26.0107246837403,600,600,12.642,600,0.03
20260412_194750,kuka,kuka_main,209,31.9558279,600,31.4814814814815,600,600,12.642,600,0.03
20260412_194750,kuka,kuka_main,210,32.0085843,600,37.3898980250299,600,600.011108,13.7266512,600,0.03
20260412_194750,kuka,kuka_main,211,32.2798533,600,43.6818092449898,600,600,26.011,600,0.03
20260412_194750,kuka,kuka_main,212,32.5025666,600,50.2964664723707,600,600.000366,26.0351582,600,0.03
20260412_194750,kuka,kuka_main,213,32.5556214,600,57.1677344566949,600,600.008179,26.5855713,600,0.03
20260412_194750,kuka,kuka_main,214,32.6097893,600,64.2252883841064,600,600.033508,40.9990501,600.000061,0.03
20260412_194750,kuka,kuka_main,215,32.8427506,600,71.3958108954783,600,600.033508,40.9990501,600.000061,0.03
20260412_194750,kuka,kuka_main,216,33.1011702,600,78.6041891045217,600,600,43.682,600,0.03
20260412_194750,kuka,kuka_main,217,33.1557851,600,85.7747116158937,600,600,43.682,600,0.03
20260412_194750,kuka,kuka_main,218,33.3775581,600,92.8322655433051,600,600.236633,56.491951,600.001953,0.03
20260412_194750,kuka,kuka_main,219,33.4292305,600,99.7035335276293,600,600.253967,62.0269623,600.002136,0.03
20260412_194750,kuka,kuka_main,220,33.4827527,600,106.31819075501,600,600.003662,78.477478,600.000061,0.03
20260412_194750,kuka,kuka_main,221,33.9250668,600,112.61010197497,600,600.003662,78.477478,600.000061,0.03
20260412_194750,kuka,kuka_main,222,33.9878138,600,118.518518518518,600,600.003662,78.477478,600.000061,0.03
20260412_194750,kuka,kuka_main,223,34.0412764,600,123.98927531626,600,600.214844,89.8632278,600.004395,0.03
20260412_194750,kuka,kuka_main,224,34.2579485,600,128.975987916501,600,600.242371,95.6172333,600.004944,0.03
20260412_194750,kuka,kuka_main,225,34.3094699,600,133.441249503362,600,600.210815,101.728569,600.004272,0.03
20260412_194750,kuka,kuka_main,226,34.5735509,600,137.357827914881,600,600,112.61,600,0.03
20260412_194750,kuka,kuka_main,227,34.8363349,600,140.709862661125,600,600,112.61,600,0.03
20260412_194750,kuka,kuka_main,228,34.8877778,600,143.494061942296,600,600,112.61,600,0.03
20260412_194750,kuka,kuka_main,229,34.9404364,600,145.72089966684,600,600.108215,129.930618,600.003662,0.03
20260412_194750,kuka,kuka_main,230,35.166393,600,147.415812469557,600,600.055481,134.319458,600.001892,0.03
20260412_194750,kuka,kuka_main,231,35.4377966,600,148.620396729707,600,600.055481,134.319458,600.001892,0.03
20260412_194750,kuka,kuka_main,232,35.4916839,600,149.393605589117,600,600.019409,145.935806,600.000854,0.03
20260412_194750,kuka,kuka_main,233,35.7391413,600,149.812945970294,600,600.019409,145.935806,600.000854,0.03
20260412_194750,kuka,kuka_main,234,35.7919864,600,149.975675594527,600,600.019409,145.935806,600.000854,0.03
20260412_194750,kuka,kuka_main,235,35.846661,600,150,600,600,148.62,600,0.03
20260412_194750,kuka,kuka_main,236,36.2737185,600,150,599.951351189053,600,148.62,600,0.03
20260412_194750,kuka,kuka_main,237,36.3256398,600,150,599.625891940587,600,148.62,600,0.03
20260412_194750,kuka,kuka_main,238,36.3803574,600,150,598.787211178234,600,148.62,600,0.03
20260412_194750,kuka,kuka_main,239,36.6248853,600,150,597.240793459413,600.000122,150.000031,599.813354,0.03
20260412_194750,kuka,kuka_main,240,36.6771138,600,150,594.831624939114,600.000183,150.000046,598.977539,0.03
20260412_194750,kuka,kuka_main,241,36.9478038,600,150,591.44179933368,600,150,598.787,0.03
20260412_194750,kuka,kuka_main,242,37.1805668,600,150,586.988123884591,600.000488,150.000122,598.707764,0.03
20260412_194750,kuka,kuka_main,243,37.2345707,600,150,581.41972532225,600.005432,150.001358,597.813293,0.03
20260412_194750,kuka,kuka_main,244,37.2885505,600,150,574.715655829762,600,150,591.441956,0.03
20260412_194750,kuka,kuka_main,245,37.5221623,600,150,566.882499006724,600,150,591.442,0.03
20260412_194750,kuka,kuka_main,246,37.7794237,600,150,557.951975833002,600.125732,150.031586,581.64093,0.03
20260412_194750,kuka,kuka_main,247,37.8313518,600,150,547.978550632519,600.125732,150.031586,581.64093,0.03
20260412_194750,kuka,kuka_main,248,38.1084842,600,150,537.037037037037,600.125732,150.031586,581.64093,0.03
20260412_194750,kuka,kuka_main,249,38.1604989,600,150,525.22020394994,600.125732,150.031586,581.64093,0.03
20260412_194750,kuka,kuka_main,250,38.2134318,600,150,512.63638151002,600.258911,150.065109,557.565369,0.03
20260412_194750,kuka,kuka_main,251,38.6797949,600,150,499.407067055259,600.203186,150.051086,531.953125,0.03
20260412_194750,kuka,kuka_main,252,38.7327629,600,150,485.66453108661,600.124878,150.031403,529.037476,0.03
20260412_194750,kuka,kuka_main,253,38.7864484,600,150,471.549423231787,600,150,525.22,0.03
20260412_194750,kuka,kuka_main,254,39.0340324,600,150,457.208378209043,600,150,525.22,0.03
20260412_194750,kuka,kuka_main,255,39.0844765,600,150,442.791621790957,600.050903,150.012817,524.072937,0.03
20260412_194750,kuka,kuka_main,256,39.3542965,600,150,428.450576768213,600.392761,150.098862,482.303375,0.03
20260412_194750,kuka,kuka_main,257,39.5962178,600,150,414.33546891339,600.290344,150.073074,478.910919,0.03
20260412_194750,kuka,kuka_main,258,39.6476417,600,150,400.592932944741,600.170288,150.042862,475.574493,0.03
20260412_194750,kuka,kuka_main,259,39.7055565,600,150,387.36361848998,600,150,471.549,0.03
20260412_194750,kuka,kuka_main,260,39.9520389,600,150,374.77979605006,600.004089,150.001038,471.489899,0.03
20260412_194750,kuka,kuka_main,261,40.2238025,600,150,362.962962962963,600.768799,150.194153,458.503479,0.03
20260412_194750,kuka,kuka_main,262,40.2761372,600,150,352.021449367481,601.471497,150.371582,428.762848,0.03
20260412_194750,kuka,kuka_main,263,40.499299,600,150,342.048024166998,601.422668,150.359238,421.663605,0.03
20260412_194750,kuka,kuka_main,264,40.5497844,600,150,333.117500993275,601.294861,150.326965,414.764557,0.03
20260412_194750,kuka,kuka_main,265,40.6046927,600,150,325.284344170237,600.49707,150.125504,395.159271,0.03
20260412_194750,kuka,kuka_main,266,41.0309525,600,150,318.58027467775,600.000488,150.000122,387.370728,0.03
20260412_194750,kuka,kuka_main,267,41.0829546,600,150,313.011876115409,600,150,387.364,0.03
20260412_194750,kuka,kuka_main,268,41.1363011,600,150,308.55820066632,600,150,387.364,0.03
20260412_194750,kuka,kuka_main,269,41.3376134,600,150,305.168375060886,600.00177,150.000443,387.336731,0.03
20260412_194750,kuka,kuka_main,270,41.3884947,600,150,302.759206540587,600.04187,150.010651,386.709106,0.03
20260412_194750,kuka,kuka_main,271,41.6563593,600,150,301.212788821766,601.263611,150.321396,350.738342,0.03
20260412_194750,kuka,kuka_main,272,41.8617097,600,150,300.374108059413,601.245667,150.316803,342.4646,0.03
20260412_194750,kuka,kuka_main,273,41.9254298,600,150,300.048648810947,601.161438,150.29538,336.405273,0.03
20260412_194750,kuka,kuka_main,274,41.9779969,600,150,300,600.53,150.134796,317.864349,0.03
20260412_194750,kuka,kuka_main,275,42.1884445,600,150,300.048648810947,600.372925,150.094849,314.830963,0.03
20260412_194750,kuka,kuka_main,276,42.4486503,600,150,300.374108059413,600,150,308.558472,0.03
20260412_194750,kuka,kuka_main,277,42.5028956,600,150,301.212788821766,600,150,308.558,0.03
20260412_194750,kuka,kuka_main,278,42.792993,600,150,302.759206540587,600.000549,150.000137,308.468048,0.03
20260412_194750,kuka,kuka_main,279,42.8456987,600,150,305.168375060886,600.004272,150.001099,307.757874,0.03
20260412_194750,kuka,kuka_main,280,42.9009056,600,150,308.55820066632,600.004272,150.001099,307.757874,0.03
20260412_194750,kuka,kuka_main,281,43.3343397,600,150,313.011876115409,600,150,301.213,0.03
20260412_194750,kuka,kuka_main,282,43.384932,600,150,318.58027467775,600.000305,150.000076,301.246887,0.03
20260412_194750,kuka,kuka_main,283,43.4379728,600,150,325.284344170238,600.000305,150.000076,301.246887,0.03
20260412_194750,kuka,kuka_main,284,43.6404916,600,150,333.117500993276,600.000305,150.000076,301.246887,0.03
20260412_194750,kuka,kuka_main,285,43.6914269,600,150,342.048024166998,600,150,333.118,0.03
20260412_194750,kuka,kuka_main,286,43.9471109,600,150,352.021449367481,600,150,313.012,0.03
20260412_194750,kuka,kuka_main,287,44.1451723,600,150,362.962962962963,600,150,313.012,0.03
20260412_194750,kuka,kuka_main,288,44.1954246,600,150,374.77979605006,600.005554,150.001419,313.186676,0.03
20260412_194750,kuka,kuka_main,289,44.2474612,600,150,387.36361848998,600.183228,150.046677,320.009918,0.03
20260412_194750,kuka,kuka_main,290,44.4627335,600,150,400.592932944741,600.255615,150.065109,324.277435,0.03
20260412_194750,kuka,kuka_main,291,44.7350807,600,150,414.33546891339,600.156128,150.039764,346.281433,0.03
20260412_194750,kuka,kuka_main,292,44.7887629,600,150,428.450576768213,600,150,352.021,0.03
20260412_194750,kuka,kuka_main,293,45.0295756,600,150,442.791621790957,600,150,352.021,0.03
20260412_194750,kuka,kuka_main,294,45.0803035,600,150,457.208378209043,600.001,150.000244,352.033783,0.03
20260412_194750,kuka,kuka_main,295,45.1332743,600,150,471.549423231787,600.363037,150.091873,357.140259,0.03
20260412_194750,kuka,kuka_main,296,45.5461251,600,150,485.66453108661,601.369751,150.346634,377.377502,0.03
20260412_194750,kuka,kuka_main,297,45.5977057,600,150,499.407067055259,601.537354,150.389053,383.370422,0.03
20260412_194750,kuka,kuka_main,298,45.6495011,600,150,512.63638151002,601.462769,150.370224,414.224274,0.03
20260412_194750,kuka,kuka_main,299,45.8634135,600,150,525.22020394994,601.239441,150.31369,420.935913,0.03
20260412_194750,kuka,kuka_main,300,45.9145167,600,150,537.037037037037,600.876,150.22171,428.949341,0.03
20260412_194750,kuka,kuka_main,301,46.1879635,600,150,547.978550632519,600.876,150.22171,428.949341,0.03
20260412_194750,kuka,kuka_main,302,46.4012046,600,150,557.951975833003,600.002,150.000504,442.814178,0.03
20260412_194750,kuka,kuka_main,303,46.453809,600,150,566.882499006725,600.036804,150.009262,443.202179,0.03
20260412_194750,kuka,kuka_main,304,46.5057221,600,150,574.715655829763,600.762939,150.192062,452.106659,0.03
20260412_194750,kuka,kuka_main,305,46.7104539,600,150,581.41972532225,601.026672,150.258469,455.847748,0.03
20260412_194750,kuka,kuka_main,306,46.9618823,600,150,586.988123884591,601.026672,150.258469,455.847748,0.03
20260412_194750,kuka,kuka_main,307,47.0252755,600,150,591.44179933368,601.026672,150.258469,455.847748,0.03
20260412_194750,kuka,kuka_main,308,47.224891,600,150,594.831624939114,601.026672,150.258469,455.847748,0.03
20260412_194750,kuka,kuka_main,309,47.2740343,600,150,597.240793459413,601.026672,150.258469,455.847748,0.03
20260412_194750,kuka,kuka_main,310,47.3258775,600,150,598.787211178234,601.026672,150.258469,455.847748,0.03
20260412_194750,kuka,kuka_main,311,47.8000942,600,150,599.625891940587,601.026672,150.258469,455.847748,0.03
20260412_194750,kuka,kuka_main,312,47.8502352,600,150,599.951351189053,601.026672,150.258469,455.847748,0.03
20260412_194750,kuka,kuka_main,313,47.9011082,600,150,600,601.026672,150.258469,455.847748,0.03
20260412_194750,kuka,kuka_main,314,48.1008103,599.991891864842,149.975675594526,600.008108135158,601.026672,150.258469,455.847748,0.03
20260412_194750,kuka,kuka_main,315,48.1524206,599.937648656765,149.812945970293,600.062351343235,601.026672,150.258469,455.847748,0.03
20260412_194750,kuka,kuka_main,316,48.466071,599.797868529706,149.393605589117,600.202131470294,601.026672,150.258469,455.847748,0.03
20260412_194750,kuka,kuka_main,317,48.6692406,599.540132243236,148.620396729707,600.459867756764,601.026672,150.258469,455.847748,0.03
20260412_194750,kuka,kuka_main,318,48.7196379,599.138604156519,147.415812469557,600.861395843481,601.026672,150.258469,455.847748,0.03
20260412_194750,kuka,kuka_main,319,48.7711466,598.57363322228,145.72089966684,601.42636677772,600,150,591.442,0.03
20260412_194750,kuka,kuka_main,320,48.9722485,597.831353980765,143.494061942296,602.168646019235,599.992493,149.975876,591.498474,0.03
20260412_194750,kuka,kuka_main,321,49.2334435,596.903287553708,140.709862661125,603.096712446292,599.992493,149.975876,591.498474,0.03
20260412_194750,kuka,kuka_main,322,49.2872277,595.785942638294,137.357827914881,604.214057361706,598.574,145.721,601.426,0.03
20260412_194750,kuka,kuka_main,323,49.4883609,594.480416501121,133.441249503362,605.519583498879,598.549744,145.64624,601.45105,0.03
20260412_194750,kuka,kuka_main,324,49.5502722,592.991995972167,128.975987916501,607.008004027833,598.322693,144.946899,601.685059,0.03
20260412_194750,kuka,kuka_main,325,49.6030903,591.329758438753,123.98927531626,608.670241561247,595.820068,137.45723,604.181,0.03
20260412_194750,kuka,kuka_main,326,50.0168319,589.506172839506,118.518518518519,610.493827160494,595.786,137.358,604.214,0.03
20260412_194750,kuka,kuka_main,327,50.0684251,587.536700658323,112.61010197497,612.463299341677,595.779846,137.33815,604.220642,0.03
20260412_194750,kuka,kuka_main,328,50.1215279,585.439396918337,106.31819075501,614.560603081663,592.83905,128.208221,607.277161,0.03
20260412_194750,kuka,kuka_main,329,50.3523969,583.234511175876,99.7035335276293,616.765488824124,591.314514,123.69648,608.778503,0.03
20260412_194750,kuka,kuka_main,330,50.4049102,580.944088514435,92.8322655433051,619.055911485565,590.060059,120.086075,609.975647,0.03
20260412_194750,kuka,kuka_main,331,50.6773383,578.591570538631,85.7747116158936,621.408429461369,589.506,118.519,610.494,0.03
20260412_194750,kuka,kuka_main,332,50.9012666,576.201396368174,78.6041891045217,623.798603631826,589.496765,118.487717,610.504578,0.03
20260412_194750,kuka,kuka_main,333,50.9528951,573.798603631826,71.3958108954783,626.201396368174,589.357605,118.017448,610.662903,0.03
20260412_194750,kuka,kuka_main,334,51.004723,571.408429461369,64.2252883841063,628.591570538631,585.717712,106.27021,614.603516,0.03
20260412_194750,kuka,kuka_main,335,51.2075078,569.055911485565,57.1677344566949,630.944088514435,583.762756,100.351601,616.577637,0.03
20260412_194750,kuka,kuka_main,336,51.4693905,566.765488824124,50.2964664723707,633.234511175876,578.592041,85.775177,621.407959,0.03
20260412_194750,kuka,kuka_main,337,51.5223057,564.560603081663,43.6818092449899,635.439396918337,578.592,85.775,621.408,0.03
20260412_194750,kuka,kuka_main,338,51.7282613,562.463299341677,37.3898980250298,637.536700658323,578.582214,85.7405472,621.419556,0.03
20260412_194750,kuka,kuka_main,339,51.7795044,560.493827160494,31.4814814814816,639.506172839506,578.434814,85.2227859,621.593262,0.03
20260412_194750,kuka,kuka_main,340,51.8317474,558.670241561247,26.0107246837403,641.329758438753,573.725342,69.6816406,626.792358,0.03
20260412_194750,kuka,kuka_main,341,52.2629648,557.008004027833,21.0240120834988,642.991995972167,564.962708,44.7299461,635.091614,0.03
20260412_194750,kuka,kuka_main,342,52.3156637,555.519583498879,16.5587504966377,644.480416501121,564.962708,44.7299461,635.091614,0.03
20260412_194750,kuka,kuka_main,343,52.3676763,554.214057361706,12.6421720851186,645.785942638294,564.962708,44.7299461,635.091614,0.03
20260412_194750,kuka,kuka_main,344,52.5676695,553.096712446292,9.29013733887504,646.903287553708,564.962708,44.7299461,635.091614,0.03
20260412_194750,kuka,kuka_main,345,52.6169458,552.168646019235,6.50593805770444,647.831353980765,564.487305,43.433548,635.52179,0.03
20260412_194750,kuka,kuka_main,346,52.9350091,551.42636677772,4.2791003331601,648.57363322228,554.22937,12.6834145,645.772217,0.03
20260412_194750,kuka,kuka_main,347,53.1353797,550.861395843481,2.5841875304429,649.138604156519,554.214,12.6420202,645.786,0.03
20260412_194750,kuka,kuka_main,348,53.1866203,550.459867756764,1.3796032702933,649.540132243236,554.214,12.6419983,645.786,0.03
20260412_194750,kuka,kuka_main,349,53.2401204,550.202131470294,0.606394410882984,649.797868529706,552.263428,6.67485905,647.773743,0.03
20260412_194750,kuka,kuka_main,350,53.4418762,550.062351343235,0.187054029706474,649.937648656765,551.096558,3.22583103,648.924,0.03
20260412_194750,kuka,kuka_main,351,53.7092641,550.008108135158,0.0243244054732941,649.991891864842,550.46,1.38,649.54,0.03
20260412_194750,kuka,kuka_main,352,53.7618973,550,0,650,550.008,0.0239976812,649.992,0.03
20260412_194915,kuka,kuka_main,1,0.0002742,550,0,650,550,-7.98108324e-17,650,0.03
20260412_194915,kuka,kuka_main,2,0.2678924,550.016216270316,-0.0162162703156833,649.983783729684,550,-7.98108324e-17,650,0.03
20260412_194915,kuka,kuka_main,3,0.3191421,550.124702686471,-0.124702686471065,649.875297313529,550.005432,-0.00543310586,649.994568,0.03
20260412_194915,kuka,kuka_main,4,0.3862624,550.404262940589,-0.404262940588699,649.595737059411,550.005432,-0.00543310586,649.994568,0.03
20260412_194915,kuka,kuka_main,5,0.5945402,550.919735513529,-0.919735513528915,649.080264486471,550.032959,-0.0329304151,649.967102,0.03
20260412_194915,kuka,kuka_main,6,0.8543526,551.722791686962,-1.72279168696194,648.277208313038,550.404,-0.404,649.596,0.03
20260412_194915,kuka,kuka_main,7,0.9093456,552.85273355544,-2.85273355544004,647.14726644456,551.687134,-1.68694842,648.313,0.03
20260412_194915,kuka,kuka_main,8,1.1128578,554.33729203847,-4.33729203846964,645.66270796153,551.723,-1.72301328,648.277,0.03
20260412_194915,kuka,kuka_main,9,1.1649363,556.193424892583,-6.19342489258342,643.806575107417,551.723,-1.72299993,648.277,0.03
20260412_194915,kuka,kuka_main,10,1.2183448,558.428114723412,-8.42811472341251,641.571885276588,554.381226,-4.36364746,645.634583,0.03
20260412_194915,kuka,kuka_main,11,1.6390928,561.039166997759,-11.0391669977585,638.960833002241,556.193,-6.193,643.807,0.03
20260412_194915,kuka,kuka_main,12,1.6902708,564.016008055666,-14.0160080556659,635.983991944334,556.217102,-6.21667528,643.783325,0.03
20260412_194915,kuka,kuka_main,13,1.7429183,567.340483122494,-17.3404831224936,632.659516877506,560.318848,-10.3080854,639.691,0.03
20260412_194915,kuka,kuka_main,14,1.9693701,570.987654320988,-20.9876543209877,629.012345679012,560.885132,-10.8824863,639.11731,0.03
20260412_194915,kuka,kuka_main,15,2.022752,574.926598683353,-24.9265986833532,625.073401316647,560.885132,-10.8824863,639.11731,0.03
20260412_194915,kuka,kuka_main,16,2.2817073,579.121206163327,-29.1212061633265,620.878793836673,561.039,-11.039,638.961,0.03
20260412_194915,kuka,kuka_main,17,2.4927868,583.530977648247,-33.5309776482471,616.469022351753,561.063354,-11.0618677,638.938049,0.03
20260412_194915,kuka,kuka_main,18,2.5564177,588.11182297113,-38.11182297113,611.88817702887,561.400635,-11.3789263,638.619934,0.03
20260412_194915,kuka,kuka_main,19,2.6098298,592.816858922738,-42.8168589227376,607.183141077262,568.10968,-17.8394547,632.147522,0.03
20260412_194915,kuka,kuka_main,20,2.8119314,597.597207263652,-47.5972072636522,602.402792736348,571.317322,-21.0355,628.951294,0.03
20260412_194915,kuka,kuka_main,21,3.0818169,602.402792736348,-52.4027927363478,597.597207263652,578.887634,-28.8725929,621.12677,0.03
20260412_194915,kuka,kuka_main,22,3.1334852,607.183141077262,-57.1831410772624,592.816858922738,579.121,-29.121,620.879,0.03
20260412_194915,kuka,kuka_main,23,3.3447133,611.88817702887,-61.8881770288701,588.11182297113,579.145325,-29.1431808,620.856873,0.03
20260412_194915,kuka,kuka_main,24,3.395953,616.469022351753,-66.4690223517529,583.530977648247,579.482117,-29.4506855,620.55011,0.03
20260412_194915,kuka,kuka_main,25,3.4488446,620.878793836673,-70.8787938366734,579.121206163327,585.977539,-35.5098267,614.502808,0.03
20260412_194915,kuka,kuka_main,26,3.8565786,625.073401316647,-75.0734013166468,574.926598683353,601.416443,-50.9781609,599.036499,0.03
20260412_194915,kuka,kuka_main,27,3.9100087,629.012345679012,-79.0123456790123,570.987654320988,603.244934,-52.9187393,597.092407,0.03
20260412_194915,kuka,kuka_main,28,3.9642025,632.659516877506,-82.6595168775064,567.340483122494,607.075562,-57.065094,592.935303,0.03
20260412_194915,kuka,kuka_main,29,4.1606654,635.983991944334,-85.9839919443342,564.016008055666,607.182,-57.1819115,592.818115,0.03
20260412_194915,kuka,kuka_main,30,4.2120744,638.960833002242,-88.9608330022415,561.039166997758,607.183,-57.183,592.817,0.03
20260412_194915,kuka,kuka_main,31,4.4812659,641.571885276588,-91.5718852765876,558.428114723412,607.183,-57.183,592.817,0.03
20260412_194915,kuka,kuka_main,32,4.7131684,643.806575107417,-93.8065751074166,556.193424892583,607.216309,-57.2130089,592.787415,0.03
20260412_194915,kuka,kuka_main,33,4.7674413,645.66270796153,-95.6627079615304,554.33729203847,607.591553,-57.5512848,592.453796,0.03
20260412_194915,kuka,kuka_main,34,4.8242367,647.14726644456,-97.1472664445599,552.85273355544,615.332581,-64.6960678,585.385803,0.03
20260412_194915,kuka,kuka_main,35,5.0534149,648.277208313038,-98.2772083130381,551.722791686962,615.332581,-64.6960678,585.385803,0.03
20260412_194915,kuka,kuka_main,36,5.3725281,649.080264486471,-99.0802644864711,550.919735513529,615.332581,-64.6960678,585.385803,0.03
20260412_194915,kuka,kuka_main,37,5.4254015,649.595737059411,-99.5957370594113,550.404262940589,615.332581,-64.6960678,585.385803,0.03
20260412_194915,kuka,kuka_main,38,5.6350233,649.875297313529,-99.875297313529,550.124702686471,615.332581,-64.6960678,585.385803,0.03
20260412_194915,kuka,kuka_main,39,5.6881651,649.983783729684,-99.9837837296845,550.016216270316,615.332581,-64.6960678,585.385803,0.03
20260412_194915,kuka,kuka_main,40,5.7416855,650,-100,550,641.572205,-91.5721588,558.427795,0.03
20260412_194915,kuka,kuka_main,41,6.1617054,650,-100,549.951351189053,646.461487,-96.4104462,553.599731,0.03
20260412_194915,kuka,kuka_main,42,6.2144304,650,-100,549.625891940587,648.016113,-97.9781952,552.029358,0.03
20260412_194915,kuka,kuka_main,43,6.2664273,650,-100,548.787211178234,649.999939,-99.9999542,550.000061,0.03
20260412_194915,kuka,kuka_main,44,6.4606009,650,-100,547.240793459413,650,-100,550,0.03
20260412_194915,kuka,kuka_main,45,6.5114759,650,-100,544.831624939114,650,-100,549.990173,0.03
20260412_194915,kuka,kuka_main,46,6.7706385,650,-100,541.44179933368,650,-100,547.241,0.03
20260412_194915,kuka,kuka_main,47,6.9726528,650,-100,536.988123884591,650.000366,-100.000053,547.166626,0.03
20260412_194915,kuka,kuka_main,48,7.024765,650,-100,531.41972532225,650.003357,-100.000511,546.43573,0.03
20260412_194915,kuka,kuka_main,49,7.077299,650,-100,524.715655829762,650,-100.000008,541.448242,0.03
20260412_194915,kuka,kuka_main,50,7.2811486,650,-100,516.882499006724,650,-100.000008,541.448242,0.03
20260412_194915,kuka,kuka_main,51,7.5510295,650,-100,507.951975833002,650,-100,541.442,0.03
20260412_194915,kuka,kuka_main,52,7.616337,650,-100,497.978550632519,650.128845,-100.019783,535.812256,0.03
20260412_194915,kuka,kuka_main,53,7.809437,650,-100,487.037037037037,650.196777,-100.030212,531.102722,0.03
20260412_194915,kuka,kuka_main,54,7.8622481,650,-100,475.22020394994,650.22876,-100.035118,526.240173,0.03
20260412_194915,kuka,kuka_main,55,7.9142086,650,-100,462.63638151002,650.22876,-100.035118,526.240173,0.03
20260412_194915,kuka,kuka_main,56,8.3340421,650,-100,449.407067055259,650,-100,507.952,0.03
20260412_194915,kuka,kuka_main,57,8.3869961,650,-100,435.66453108661,650.003174,-100.000481,507.885132,0.03
20260412_194915,kuka,kuka_main,58,8.4410515,650,-100,421.549423231787,650.366,-100.05616,498.758392,0.03
20260412_194915,kuka,kuka_main,59,8.6409558,650,-100,407.208378209043,650.511108,-100.078423,493.63678,0.03
20260412_194915,kuka,kuka_main,60,8.6929649,650,-100,392.791621790957,650.644592,-100.0989,486.366119,0.03
20260412_194915,kuka,kuka_main,61,8.9636413,650,-100,378.450576768213,650.061096,-100.009377,450.720673,0.03
20260412_194915,kuka,kuka_main,62,9.1864461,650,-100,364.33546891339,650.015259,-100.002342,449.730042,0.03
20260412_194915,kuka,kuka_main,63,9.237371,650,-100,350.592932944741,650.000305,-100.000053,449.414063,0.03
20260412_194915,kuka,kuka_main,64,9.2907647,650,-100,337.36361848998,650.000305,-100.000053,449.414063,0.03
20260412_194915,kuka,kuka_main,65,9.5048543,650,-100,324.77979605006,650.005188,-100.000793,449.348083,0.03
20260412_194915,kuka,kuka_main,66,9.763113,650,-100,312.962962962963,651.013062,-100.155128,436.399628,0.03
20260412_194915,kuka,kuka_main,67,9.8168623,650,-100,302.021449367481,652.258,-100.345795,409.80658,0.03
20260412_194915,kuka,kuka_main,68,10.0132616,650,-100,292.048024166998,652.433167,-100.372643,400.359955,0.03
20260412_194915,kuka,kuka_main,69,10.077359,650,-100,283.117500993275,652.433167,-100.372643,400.359955,0.03
20260412_194915,kuka,kuka_main,70,10.1302179,650,-100,275.284344170237,651.753,-100.268509,363.063965,0.03
20260412_194915,kuka,kuka_main,71,10.5435896,650,-100,268.58027467775,650.458923,-100.070297,342.799469,0.03
20260412_194915,kuka,kuka_main,72,10.5955771,650,-100,263.011876115409,650.259644,-100.039772,340.369537,0.03
20260412_194915,kuka,kuka_main,73,10.6482241,650,-100,258.55820066632,650,-100,337.364,0.03
20260412_194915,kuka,kuka_main,74,10.8540569,650,-100,255.168375060886,650,-100,337.364,0.03
20260412_194915,kuka,kuka_main,75,10.90576,650,-100,252.759206540587,650.003418,-100.000526,337.310516,0.03
20260412_194915,kuka,kuka_main,76,11.1672142,650,-100,251.212788821766,651.203613,-100.183563,308.498352,0.03
20260412_194915,kuka,kuka_main,77,11.3696793,650,-100,250.374108059413,651.300476,-100.198341,301.314,0.03
20260412_194915,kuka,kuka_main,78,11.4208395,650,-100,250.048648810947,651.317627,-100.200966,294.434357,0.03
20260412_194915,kuka,kuka_main,79,11.4737415,650,-100,250,650.914246,-100.139458,273.473694,0.03
20260412_194915,kuka,kuka_main,80,11.6709699,650,-100,250.048648810947,650.710632,-100.108398,268.336212,0.03
20260412_194915,kuka,kuka_main,81,11.9413908,650,-100,250.374108059413,650.062805,-100.009583,256.156769,0.03
20260412_194915,kuka,kuka_main,82,11.9939357,650,-100,251.212788821766,650,-100,255.168,0.03
20260412_194915,kuka,kuka_main,83,12.1935242,650,-100,252.759206540587,650.000183,-100.000023,255.11554,0.03
20260412_194915,kuka,kuka_main,84,12.2444989,650,-100,255.168375060886,650.001648,-100.000252,254.524536,0.03
20260412_194915,kuka,kuka_main,85,12.2980366,650,-100,258.55820066632,650,-100,251.213791,0.03
20260412_194915,kuka,kuka_main,86,12.713787,650,-100,263.011876115409,650,-100,251.213,0.03
20260412_194915,kuka,kuka_main,87,12.7654823,650,-100,268.58027467775,650.000305,-100.000046,251.244904,0.03
20260412_194915,kuka,kuka_main,88,12.8194863,650,-100,275.284344170238,650.02594,-100.004,255.784271,0.03
20260412_194915,kuka,kuka_main,89,13.0244322,650,-100,283.117500993276,650.026245,-100.004051,258.273865,0.03
20260412_194915,kuka,kuka_main,90,13.0763115,650,-100,292.048024166998,650.026245,-100.004051,258.273865,0.03
20260412_194915,kuka,kuka_main,91,13.345832,650,-100,302.021449367481,650,-100,263.012,0.03
20260412_194915,kuka,kuka_main,92,13.542504,650,-100,312.962962962963,650.000488,-100.000076,263.028595,0.03
20260412_194915,kuka,kuka_main,93,13.5943867,650,-100,324.77979605006,650.01062,-100.00164,263.363342,0.03
20260412_194915,kuka,kuka_main,94,13.6482856,650,-100,337.36361848998,650.179321,-100.027664,270.218597,0.03
20260412_194915,kuka,kuka_main,95,13.856641,650,-100,350.592932944741,650.231567,-100.035721,273.324554,0.03
20260412_194915,kuka,kuka_main,96,14.1165293,650,-100,364.33546891339,650.177185,-100.027328,294.930695,0.03
20260412_194915,kuka,kuka_main,97,14.1696348,650,-100,378.450576768213,650,-100,302.02066,0.03
20260412_194915,kuka,kuka_main,98,14.3799841,650,-100,392.791621790957,650,-100,302.021,0.03
20260412_194915,kuka,kuka_main,99,14.431649,650,-100,407.208378209043,650,-100,302.021,0.03
20260412_194915,kuka,kuka_main,100,14.4850525,650,-100,421.549423231787,650.216614,-100.033417,304.711487,0.03
20260412_194915,kuka,kuka_main,101,14.9050219,650,-100,435.66453108661,651.282959,-100.197884,320.992432,0.03
20260412_194915,kuka,kuka_main,102,14.9560881,650,-100,449.407067055259,651.564148,-100.241249,326.847321,0.03
20260412_194915,kuka,kuka_main,103,15.0196386,650,-100,462.63638151002,652.16394,-100.333717,353.198547,0.03
20260412_194915,kuka,kuka_main,104,15.22601,650,-100,475.22020394994,652.124512,-100.327629,361.795502,0.03
20260412_194915,kuka,kuka_main,105,15.2784186,650,-100,487.037037037037,651.989807,-100.306847,369.555176,0.03
20260412_194915,kuka,kuka_main,106,15.5389769,650,-100,497.978550632519,650.004578,-100.00071,407.152222,0.03
20260412_194915,kuka,kuka_main,107,15.7617735,650,-100,507.951975833002,650,-100,407.208038,0.03
20260412_194915,kuka,kuka_main,108,15.8124143,650,-100,516.882499006725,650,-100,407.208,0.03
20260412_194915,kuka,kuka_main,109,15.8651944,650,-100,524.715655829763,650,-100,407.208,0.03
20260412_194915,kuka,kuka_main,110,16.1025379,650,-100,531.41972532225,650.703491,-100.108406,415.810516,0.03
20260412_194915,kuka,kuka_main,111,16.3724949,650,-100,536.988123884591,652.065186,-100.318199,440.987,0.03
20260412_194915,kuka,kuka_main,112,16.4255514,650,-100,541.44179933368,652.292542,-100.353188,474.230682,0.03
20260412_194915,kuka,kuka_main,113,16.6307577,650,-100,544.831624939114,652.070435,-100.318954,482.616302,0.03
20260412_194915,kuka,kuka_main,114,16.6835289,650,-100,547.240793459413,651.772034,-100.27298,490.223419,0.03
20260412_194915,kuka,kuka_main,115,16.7383862,650,-100,548.787211178234,650.306213,-100.047165,513.270508,0.03
20260412_194915,kuka,kuka_main,116,17.1633058,650,-100,549.625891940587,650,-100,516.882,0.03
20260412_194915,kuka,kuka_main,117,17.2173952,650,-100,549.951351189053,650.001221,-100.000191,516.927917,0.03
20260412_194915,kuka,kuka_main,118,17.2732703,650,-100,550,650.150085,-100.023109,523.949951,0.03
20260412_194915,kuka,kuka_main,119,17.4844243,650,-99.9918918648422,550,650.203857,-100.031387,528.633545,0.03
20260412_194915,kuka,kuka_main,120,17.5490765,650,-99.9376486567645,550,650.22,-100.033875,534.499512,0.03
20260412_194915,kuka,kuka_main,121,17.8190521,650,-99.7978685297057,550,650,-100,549.626,0.03
20260412_194915,kuka,kuka_main,122,18.0269916,650,-99.5401322432355,550,650,-99.9764099,549.669678,0.03
20260412_194915,kuka,kuka_main,123,18.0779379,650,-99.138604156519,550,650,-99.9764099,549.669678,0.03
20260412_194915,kuka,kuka_main,124,18.1295703,650,-98.57363322228,550,650,-99.9764099,549.669678,0.03
20260412_194915,kuka,kuka_main,125,18.3310475,650,-97.8313539807652,550,650,-99.7887192,550,0.03
20260412_194915,kuka,kuka_main,126,18.5898301,650,-96.9032875537083,550,650,-99.7887192,550,0.03
20260412_194915,kuka,kuka_main,127,18.6436685,650,-95.7859426382937,550,650,-96.9029083,550,0.03
20260412_194915,kuka,kuka_main,128,18.8487727,650,-94.4804165011207,550,650,-96.903,550,0.03
20260412_194915,kuka,kuka_main,129,18.9004893,650,-92.9919959721671,550,650.000122,-96.8325119,550,0.03
20260412_194915,kuka,kuka_main,130,18.9531331,650,-91.3297584387532,550,650,-94.48,550,0.03
20260412_194915,kuka,kuka_main,131,19.378076,650,-89.5061728395062,550,650,-94.48,550,0.03
20260412_194915,kuka,kuka_main,132,19.4306184,650,-87.5367006583234,550,650.000244,-94.409584,550,0.03
20260412_194915,kuka,kuka_main,133,19.4835476,650,-85.4393969183367,550,650.000061,-89.5173645,550,0.03
20260412_194915,kuka,kuka_main,134,19.6912203,650,-83.2345111758764,550,650,-89.506,550,0.03
20260412_194915,kuka,kuka_main,135,19.7438972,650,-80.944088514435,550,650,-89.506,550,0.03
20260412_194915,kuka,kuka_main,136,19.9946202,650,-78.5915705386312,550,650,-80.944,550,0.03
20260412_194915,kuka,kuka_main,137,20.2245947,650,-76.2013963681739,550,650,-80.944,550,0.03
20260412_194915,kuka,kuka_main,138,20.2756036,650,-73.7986036318261,550,650,-80.944,550,0.03
20260412_194915,kuka,kuka_main,139,20.3271871,650,-71.4084294613688,550,650,-78.592,550,0.03
20260412_194915,kuka,kuka_main,140,20.5317681,650,-69.055911485565,550,650.000366,-78.5218201,550,0.03
20260412_194915,kuka,kuka_main,141,20.8004774,650,-66.7654888241236,550,650,-71.4116,550,0.03
20260412_194915,kuka,kuka_main,142,20.8536741,650,-64.5606030816633,550,650,-71.408,550,0.03
20260412_194915,kuka,kuka_main,143,21.0588233,650,-62.4632993416766,550,650.000366,-71.3378754,550,0.03
20260412_194915,kuka,kuka_main,144,21.1113921,650,-60.4938271604939,550,650.00354,-70.6502151,550,0.03
20260412_194915,kuka,kuka_main,145,21.164364,650,-58.6702415612468,550,650,-64.561,550,0.03
20260412_194915,kuka,kuka_main,146,21.5942889,650,-57.0080040278329,550,650,-64.561,550,0.03
20260412_194915,kuka,kuka_main,147,21.6453317,650,-55.5195834988792,550,650.000061,-64.545578,550,0.03
20260412_194915,kuka,kuka_main,148,21.6985389,650,-54.2140573617062,550,650.005188,-58.0357208,550,0.03
20260412_194915,kuka,kuka_main,149,21.8963739,650,-53.0967124462917,550,650.000488,-57.0942688,550,0.03
20260412_194915,kuka,kuka_main,150,21.9489719,650,-52.1686460192348,550,650,-57.0080109,550,0.03
20260412_194915,kuka,kuka_main,151,22.2185902,650,-51.42636677772,550,650,-57.008,550,0.03
20260412_194915,kuka,kuka_main,152,22.4230944,650,-50.861395843481,550,650.000183,-56.972229,550,0.03
20260412_194915,kuka,kuka_main,153,22.4754973,650,-50.4598677567644,550,650.003784,-55.9242973,550,0.03
20260412_194915,kuka,kuka_main,154,22.5386709,650,-50.2021314702943,550,650,-51.4260101,550,0.03
20260412_194915,kuka,kuka_main,155,22.743828,650,-50.0623513432355,550,650,-51.426,550,0.03
20260412_194915,kuka,kuka_main,156,23.000628,650,-50.0081081351578,550,650,-50.062,550,0.03
20260412_194915,kuka,kuka_main,157,23.0546747,650,-50,550,650,-50.008,550,0.03
20260412_194915,kuka,kuka_main,158,23.2628143,650,-49.9918918648422,550,650,-50.0049324,550,0.03
20260412_194915,kuka,kuka_main,159,23.3144033,650,-49.9376486567645,550,650,-49.9999886,550,0.03
20260412_194915,kuka,kuka_main,160,23.3677527,650,-49.7978685297057,550,650,-50,550,0.03
20260412_194915,kuka,kuka_main,161,23.79312,650,-49.5401322432355,550,650,-49.798,550,0.03
20260412_194915,kuka,kuka_main,162,23.8461715,650,-49.138604156519,550,650,-49.7384109,550,0.03
20260412_194915,kuka,kuka_main,163,23.898909,650,-48.57363322228,550,650,-49.54,550,0.03
20260412_194915,kuka,kuka_main,164,24.1050641,650,-47.8313539807652,550,650.000061,-49.4894485,550,0.03
20260412_194915,kuka,kuka_main,165,24.1573248,650,-46.9032875537083,550,650.000183,-48.9345207,550,0.03
20260412_194915,kuka,kuka_main,166,24.4216462,650,-45.7859426382937,550,650,-48.574,550,0.03
20260412_194915,kuka,kuka_main,167,24.6299767,650,-44.4804165011207,550,650.000061,-48.5384789,550,0.03
20260412_194915,kuka,kuka_main,168,24.6822137,650,-42.9919959721671,550,650.00116,-47.8248215,550,0.03
20260412_194915,kuka,kuka_main,169,24.7345931,650,-41.3297584387532,550,650,-45.786,550,0.03
20260412_194915,kuka,kuka_main,170,24.9392784,650,-39.5061728395062,550,650.000488,-45.6314926,550,0.03
20260412_194915,kuka,kuka_main,171,25.2224136,650,-37.5367006583234,550,650,-41.33,550,0.03
20260412_194915,kuka,kuka_main,172,25.2769917,650,-35.4393969183367,550,650.000732,-37.8173256,550,0.03
20260412_194915,kuka,kuka_main,173,25.4798231,650,-33.2345111758764,550,650,-37.5392265,550,0.03
20260412_194915,kuka,kuka_main,174,25.5313297,650,-30.944088514435,550,650,-37.5369949,550,0.03
20260412_194915,kuka,kuka_main,175,25.5832293,650,-28.5915705386312,550,650.006897,-32.8665123,550,0.03
20260412_194915,kuka,kuka_main,176,26.0003142,650,-26.2013963681739,550,650,-30.944,550,0.03
20260412_194915,kuka,kuka_main,177,26.0516323,650,-23.7986036318261,550,650.000244,-30.8746319,550,0.03
20260412_194915,kuka,kuka_main,178,26.1043963,650,-21.4084294613688,550,650.000061,-26.2127552,550,0.03
20260412_194915,kuka,kuka_main,179,26.3093349,650,-19.055911485565,550,650,-26.201,550,0.03
20260412_194915,kuka,kuka_main,180,26.3610867,650,-16.7654888241236,550,650,-26.201,550,0.03
20260412_194915,kuka,kuka_main,181,26.6318844,650,-14.5606030816633,550,650,-16.7649975,550,0.03
20260412_194915,kuka,kuka_main,182,26.8314237,650,-12.4632993416766,550,650.000061,-16.7411232,550,0.03
20260412_194915,kuka,kuka_main,183,26.8834109,650,-10.4938271604939,550,650.000732,-16.1992836,550,0.03
20260412_194915,kuka,kuka_main,184,26.9372626,650,-8.67024156124678,550,650,-14.561,550,0.03
20260412_194915,kuka,kuka_main,185,27.1409628,650,-7.00800402783292,550,650,-14.561,550,0.03
20260412_194915,kuka,kuka_main,186,27.3979794,650,-5.51958349887924,550,650,-8.66983223,550,0.03
20260412_194915,kuka,kuka_main,187,27.4492566,650,-4.21405736170621,550,650,-8.66998196,550,0.03
20260412_194915,kuka,kuka_main,188,27.668366,650,-3.09671244629168,550,650,-8.66998196,550,0.03
20260412_194915,kuka,kuka_main,189,27.7193823,650,-2.16864601923481,550,650,-8.66998196,550,0.03
20260412_194915,kuka,kuka_main,190,27.7720012,650,-1.42636677772003,550,650,-4.2140007,550,0.03
20260412_194915,kuka,kuka_main,191,28.1986983,650,-0.86139584348097,550,650,-4.21399879,550,0.03
20260412_194915,kuka,kuka_main,192,28.2507236,650,-0.459867756764432,550,650.000183,-4.14469957,550,0.03
20260412_194915,kuka,kuka_main,193,28.3032031,650,-0.202131470294333,550,650.000183,-4.14469957,550,0.03
20260412_194915,kuka,kuka_main,194,28.5470605,650,-0.0623513432354912,550,650.000061,-0.792166471,550,0.03
20260412_194915,kuka,kuka_main,195,28.5993162,650,-0.00810813515776942,550,650.000061,-0.368149549,550,0.03
20260412_194915,kuka,kuka_main,196,28.8551108,650,0,550,650,-0.202,550,0.03
20260412_194915,kuka,kuka_main,197,29.0614695,650,0.0162162703156833,550,650,-0.147290543,550,0.03
20260412_194915,kuka,kuka_main,198,29.1133275,650,0.124702686471065,550,650,-0.00837557949,550,0.03
20260412_194915,kuka,kuka_main,199,29.1677151,650,0.404262940588699,550,650,3.82703255e-13,550,0.03
20260412_194915,kuka,kuka_main,200,29.3976458,650,0.919735513528915,550,650,0.0657915473,550,0.03
20260412_194915,kuka,kuka_main,201,29.6706468,650,1.72279168696194,550,650,0.0657915473,550,0.03
20260412_194915,kuka,kuka_main,202,29.7237966,650,2.85273355544004,550,650,1.723,550,0.03
20260412_194915,kuka,kuka_main,203,29.976958,650,4.33729203846964,550,650.000061,1.79182494,550,0.03
20260412_194915,kuka,kuka_main,204,30.0301473,650,6.19342489258342,550,650.000183,2.59274793,550,0.03
20260412_194915,kuka,kuka_main,205,30.0964241,650,8.42811472341251,550,650,2.853,550,0.03
20260412_194915,kuka,kuka_main,206,30.5415497,650,11.0391669977585,550,650.000305,8.35390282,550,0.03
20260412_194915,kuka,kuka_main,207,30.5935305,650,14.0160080556659,550,650,8.42804,550,0.03
20260412_194915,kuka,kuka_main,208,30.645568,650,17.3404831224936,550,650,8.428,550,0.03
20260412_194915,kuka,kuka_main,209,30.84586,650,20.9876543209877,550,650.000244,8.46316051,550,0.03
20260412_194915,kuka,kuka_main,210,30.8989341,650,24.9265986833532,550,650.006409,9.49313927,550,0.03
20260412_194915,kuka,kuka_main,211,31.1689878,650,29.1212061633265,550,650,17.34,550,0.03
20260412_194915,kuka,kuka_main,212,31.3719681,650,33.5309776482471,550,650.000244,17.363699,550,0.03
20260412_194915,kuka,kuka_main,213,31.4236297,650,38.11182297113,550,650.004883,17.90378,550,0.03
20260412_194915,kuka,kuka_main,214,31.4764283,650,42.8168589227376,550,650.007813,28.1816788,550,0.03
20260412_194915,kuka,kuka_main,215,31.6849847,650,47.5972072636522,550,650.00061,29.0507,550,0.03
20260412_194915,kuka,kuka_main,216,31.945303,650,52.4027927363478,550,650,29.121,550,0.03
20260412_194915,kuka,kuka_main,217,31.998237,650,57.1831410772624,550,650,29.121,550,0.03
20260412_194915,kuka,kuka_main,218,32.1988735,650,61.8881770288701,550,650.0979,37.8655319,550.000244,0.03
20260412_194915,kuka,kuka_main,219,32.2506918,650,66.4690223517529,550,650.101379,42.7306061,550.000244,0.03
20260412_194915,kuka,kuka_main,220,32.3029347,650,70.8787938366734,550,650.000061,52.4011078,550,0.03
20260412_194915,kuka,kuka_main,221,32.7271929,650,75.0734013166468,550,650,52.403,550,0.03
20260412_194915,kuka,kuka_main,222,32.7909193,650,79.0123456790123,550,650.001587,52.4952812,550,0.03
20260412_194915,kuka,kuka_main,223,32.8431949,650,82.6595168775064,550,650.097473,62.2400169,550.00061,0.03
20260412_194915,kuka,kuka_main,224,33.0438442,650,85.9839919443342,550,650.090576,67.0780258,550.000549,0.03
20260412_194915,kuka,kuka_main,225,33.0958541,650,88.9608330022415,550,650.055481,71.2625961,550.000366,0.03
20260412_194915,kuka,kuka_main,226,33.3553918,650,91.5718852765876,550,650,75.073,550,0.03
20260412_194915,kuka,kuka_main,227,33.55605,650,93.8065751074166,550,650.000305,75.0968781,550,0.03
20260412_194915,kuka,kuka_main,228,33.6076101,650,95.6627079615304,550,650.008057,75.72789,550.000061,0.03
20260412_194915,kuka,kuka_main,229,33.660922,650,97.1472664445599,550,650.038452,87.6080551,550.000427,0.03
20260412_194915,kuka,kuka_main,230,33.8621873,650,98.2772083130381,550,650.01062,90.6940536,550.000122,0.03
20260412_194915,kuka,kuka_main,231,34.135245,650,99.0802644864711,550,650.01062,90.6940536,550.000122,0.03
20260412_194915,kuka,kuka_main,232,34.1867484,650,99.5957370594113,550,650.010315,96.2169113,550.000122,0.03
20260412_194915,kuka,kuka_main,233,34.3926898,650,99.875297313529,550,650.00415,98.2794418,550.000061,0.03
20260412_194915,kuka,kuka_main,234,34.4443584,650,99.9837837296845,550,650.000366,99.0146866,550,0.03
20260412_194915,kuka,kuka_main,235,34.4983255,650,100,550,650,99.08,550,0.03
20260412_194915,kuka,kuka_main,236,34.9485406,650,100,549.951351189053,650,100,550,0.03
20260412_194915,kuka,kuka_main,237,34.9999043,650,100,549.625891940587,650,100,549.984924,0.03
20260412_194915,kuka,kuka_main,238,35.0530258,650,100,548.787211178234,650,100,549.951,0.03
20260412_194915,kuka,kuka_main,239,35.2622891,650,100,547.240793459413,650.000061,100.000015,549.851196,0.03
20260412_194915,kuka,kuka_main,240,35.3134877,650,100,544.831624939114,650.000244,100.000031,549.090515,0.03
20260412_194915,kuka,kuka_main,241,35.5853866,650,100,541.44179933368,650,100,548.787,0.03
20260412_194915,kuka,kuka_main,242,35.7848564,650,100,536.988123884591,650.000183,100.000023,548.761353,0.03
20260412_194915,kuka,kuka_main,243,35.8362061,650,100,531.41972532225,650.003418,100.000526,548.175598,0.03
20260412_194915,kuka,kuka_main,244,35.8880049,650,100,524.715655829762,650.001,100.000153,541.604614,0.03
20260412_194915,kuka,kuka_main,245,36.0974345,650,100,516.882499006724,650,100,541.442322,0.03
20260412_194915,kuka,kuka_main,246,36.3538622,650,100,507.951975833002,650,100,541.442322,0.03
20260412_194915,kuka,kuka_main,247,36.407363,650,100,497.978550632519,650.154724,100.02404,534.288391,0.03
20260412_194915,kuka,kuka_main,248,36.6275419,650,100,487.037037037037,650.208069,100.032333,529.912292,0.03
20260412_194915,kuka,kuka_main,249,36.6792604,650,100,475.22020394994,650.230652,100.035843,524.637146,0.03
20260412_194915,kuka,kuka_main,250,36.7323186,650,100,462.63638151002,650.048767,100.007576,509.820709,0.03
20260412_194915,kuka,kuka_main,251,37.1646578,650,100,449.407067055259,650,100,507.952,0.03
20260412_194915,kuka,kuka_main,252,37.2175016,650,100,435.66453108661,650,100,507.952,0.03
20260412_194915,kuka,kuka_main,253,37.2703968,650,100,421.549423231787,650,100,507.952,0.03
20260412_194915,kuka,kuka_main,254,37.4964695,650,100,407.208378209043,650,100,507.952,0.03
20260412_194915,kuka,kuka_main,255,37.5469023,650,100,392.791621790957,650,100,507.952,0.03
20260412_194915,kuka,kuka_main,256,37.8765237,650,100,378.450576768213,650.293152,100.045685,441.075104,0.03
20260412_194915,kuka,kuka_main,257,38.0774127,650,100,364.33546891339,650.169128,100.026352,438.676819,0.03
20260412_194915,kuka,kuka_main,258,38.1284462,650,100,350.592932944741,650.169128,100.026352,438.676819,0.03
20260412_194915,kuka,kuka_main,259,38.1810321,650,100,337.36361848998,650,100,435.665,0.03
20260412_194915,kuka,kuka_main,260,38.3877701,650,100,324.77979605006,650.01,100.001572,435.534912,0.03
20260412_194915,kuka,kuka_main,261,38.6625311,650,100,312.962962962963,650.976929,100.153435,420.745575,0.03
20260412_194915,kuka,kuka_main,262,38.7170245,650,100,302.021449367481,651.855,100.291298,394.006683,0.03
20260412_194915,kuka,kuka_main,263,38.9121726,650,100,292.048024166998,651.89978,100.298325,385.978577,0.03
20260412_194915,kuka,kuka_main,264,38.9644061,650,100,283.117500993275,651.851074,100.290672,378.550018,0.03
20260412_194915,kuka,kuka_main,265,39.0171183,650,100,275.284344170237,651.121277,100.176056,354.988678,0.03
20260412_194915,kuka,kuka_main,266,39.4323025,650,100,268.58027467775,650.154907,100.024315,339.400696,0.03
20260412_194915,kuka,kuka_main,267,39.4846821,650,100,263.011876115409,650.065247,100.010246,338.211578,0.03
20260412_194915,kuka,kuka_main,268,39.5373604,650,100,258.55820066632,650,100,337.364,0.03
20260412_194915,kuka,kuka_main,269,39.7949938,650,100,255.168375060886,650.00116,100.000183,337.345551,0.03
20260412_194915,kuka,kuka_main,270,39.8452786,650,100,252.759206540587,650.040222,100.006409,336.706116,0.03
20260412_194915,kuka,kuka_main,271,40.1145013,650,100,251.212788821766,651.209961,100.19281,299.635132,0.03
20260412_194915,kuka,kuka_main,272,40.3282803,650,100,250.374108059413,651.186218,100.189011,292.201111,0.03
20260412_194915,kuka,kuka_main,273,40.3909713,650,100,250.048648810947,651.099121,100.175125,285.928894,0.03
20260412_194915,kuka,kuka_main,274,40.4457687,650,100,250,650.501099,100.079826,267.7789,0.03
20260412_194915,kuka,kuka_main,275,40.662634,650,100,250.048648810947,650.356201,100.056747,264.847748,0.03
20260412_194915,kuka,kuka_main,276,40.9194098,650,100,250.374108059413,650.000183,100.000023,258.560638,0.03
20260412_194915,kuka,kuka_main,277,40.9729872,650,100,251.212788821766,650,100,258.558,0.03
20260412_194915,kuka,kuka_main,278,41.1815914,650,100,252.759206540587,650,100,258.558,0.03
20260412_194915,kuka,kuka_main,279,41.2316734,650,100,255.168375060886,650,100,258.558,0.03
20260412_194915,kuka,kuka_main,280,41.2840962,650,100,258.55820066632,650.002808,100.000458,251.742554,0.03
20260412_194915,kuka,kuka_main,281,41.7085156,650,100,263.011876115409,650,100,251.213,0.03
20260412_194915,kuka,kuka_main,282,41.7596099,650,100,268.58027467775,650.000122,100.000015,251.223984,0.03
20260412_194915,kuka,kuka_main,283,41.8125656,650,100,275.284344170238,650.02417,100.003891,255.124542,0.03
20260412_194915,kuka,kuka_main,284,42.0134436,650,100,283.117500993276,650.027161,100.004372,257.458893,0.03
20260412_194915,kuka,kuka_main,285,42.0645339,650,100,292.048024166998,650.02124,100.003418,259.891144,0.03
20260412_194915,kuka,kuka_main,286,42.3225768,650,100,302.021449367481,650,100,263.012,0.03
20260412_194915,kuka,kuka_main,287,42.5220219,650,100,312.962962962963,650.000488,100.000084,263.028595,0.03
20260412_194915,kuka,kuka_main,288,42.5736265,650,100,324.77979605006,650.009277,100.001488,263.319214,0.03
20260412_194915,kuka,kuka_main,289,42.6273728,650,100,337.36361848998,650.179199,100.028618,270.219604,0.03
20260412_194915,kuka,kuka_main,290,42.8390099,650,100,350.592932944741,650.245789,100.039268,274.393402,0.03
20260412_194915,kuka,kuka_main,291,43.11112,650,100,364.33546891339,650.154114,100.02462,296.059845,0.03
20260412_194915,kuka,kuka_main,292,43.1634746,650,100,378.450576768213,650,100,302.021088,0.03
20260412_194915,kuka,kuka_main,293,43.3650925,650,100,392.791621790957,650,100,302.021,0.03
20260412_194915,kuka,kuka_main,294,43.4159757,650,100,407.208378209043,650.000854,100.00013,302.032837,0.03
20260412_194915,kuka,kuka_main,295,43.4683982,650,100,421.549423231787,650.297,100.046883,306.407501,0.03
20260412_194915,kuka,kuka_main,296,43.8787361,650,100,435.66453108661,650.297,100.046883,306.407501,0.03
20260412_194915,kuka,kuka_main,297,43.9318084,650,100,449.407067055259,650.297,100.046883,306.407501,0.03
20260412_194915,kuka,kuka_main,298,43.9847978,650,100,462.63638151002,650.297,100.046883,306.407501,0.03
20260412_194915,kuka,kuka_main,299,44.2320925,650,100,475.22020394994,651.154785,100.18235,371.540863,0.03
20260412_194915,kuka,kuka_main,300,44.2861347,650,100,487.037037037037,650.830444,100.131134,378.989319,0.03
20260412_194915,kuka,kuka_main,301,44.5586181,650,100,497.978550632519,650,100,392.792,0.03
20260412_194915,kuka,kuka_main,302,44.7668663,650,100,507.951975833002,650,100,392.792,0.03
20260412_194915,kuka,kuka_main,303,44.8205239,650,100,516.882499006725,650.035645,100.005562,393.214447,0.03
20260412_194915,kuka,kuka_main,304,44.8756142,650,100,524.715655829763,650.765564,100.119522,402.803772,0.03
20260412_194915,kuka,kuka_main,305,45.1041903,650,100,531.41972532225,651.045593,100.163239,407.126862,0.03
20260412_194915,kuka,kuka_main,306,45.3587216,650,100,536.988123884591,652.166565,100.338295,437.951904,0.03
20260412_194915,kuka,kuka_main,307,45.4233671,650,100,541.44179933368,651.674561,100.261497,471.149292,0.03
20260412_194915,kuka,kuka_main,308,45.6254674,650,100,544.831624939114,651.337097,100.208809,478.347778,0.03
20260412_194915,kuka,kuka_main,309,45.6763384,650,100,547.240793459413,651.013,100.158203,484.026245,0.03
20260412_194915,kuka,kuka_main,310,45.7295371,650,100,548.787211178234,650.034668,100.005409,497.563019,0.03
20260412_194915,kuka,kuka_main,311,46.150224,650,100,549.625891940587,650,100,497.979,0.03
20260412_194915,kuka,kuka_main,312,46.2031104,650,100,549.951351189053,650.001892,100.000298,498.024017,0.03
20260412_194915,kuka,kuka_main,313,46.255824,650,100,550,650.240173,100.037308,504.415924,0.03
20260412_194915,kuka,kuka_main,314,46.460629,649.983783729684,99.9837837296843,550.016216270316,650.35022,100.054405,508.241119,0.03
20260412_194915,kuka,kuka_main,315,46.5116105,649.875297313529,99.8752973135289,550.124702686471,650.445862,100.069267,512.589966,0.03
20260412_194915,kuka,kuka_main,316,46.7711628,649.595737059411,99.5957370594113,550.404262940589,650.017334,100.002701,549.212158,0.03
20260412_194915,kuka,kuka_main,317,46.9728169,649.080264486471,99.0802644864711,550.919735513529,650.000305,100.000046,549.618713,0.03
20260412_194915,kuka,kuka_main,318,47.0244312,648.277208313038,98.2772083130381,551.722791686962,650,100,549.626,0.03
20260412_194915,kuka,kuka_main,319,47.0781036,647.14726644456,97.14726644456,552.85273355544,650,100,549.626,0.03
20260412_194915,kuka,kuka_main,320,47.284897,645.66270796153,95.6627079615304,554.33729203847,649.978943,99.9787292,549.650085,0.03
20260412_194915,kuka,kuka_main,321,47.5579675,643.806575107417,93.8065751074166,556.193424892583,647.15387,97.1538391,552.845276,0.03
20260412_194915,kuka,kuka_main,322,47.6099932,641.571885276588,91.5718852765875,558.428114723412,647.147,97.147,552.853,0.03
20260412_194915,kuka,kuka_main,323,47.8107471,638.960833002241,88.9608330022415,561.039166997759,647.097168,97.096344,552.90387,0.03
20260412_194915,kuka,kuka_main,324,47.8742066,635.983991944334,85.9839919443341,564.016008055666,646.759705,96.7536926,553.247498,0.03
20260412_194915,kuka,kuka_main,325,47.9272618,632.659516877506,82.6595168775064,567.340483122494,642.210815,92.2014618,557.800232,0.03
20260412_194915,kuka,kuka_main,326,48.3413759,629.012345679012,79.0123456790124,570.987654320988,641.572,91.572,558.428,0.03
20260412_194915,kuka,kuka_main,327,48.3935594,625.073401316647,75.0734013166468,574.926598683353,641.567139,91.5669,558.433105,0.03
20260412_194915,kuka,kuka_main,328,48.4462046,620.878793836673,70.8787938366735,579.121206163327,638.705872,88.6204071,561.393311,0.03
20260412_194915,kuka,kuka_main,329,48.6536945,616.469022351753,66.4690223517529,583.530977648247,637.016,86.9045334,563.113281,0.03
20260412_194915,kuka,kuka_main,330,48.7045289,611.88817702887,61.88817702887,588.11182297113,634.395569,84.278595,565.74,0.03
20260412_194915,kuka,kuka_main,331,48.9773924,607.183141077262,57.1831410772624,592.816858922738,629.012,79.012,570.988,0.03
20260412_194915,kuka,kuka_main,332,49.1840213,602.402792736348,52.4027927363478,597.597207263652,629.012,79.012,570.988,0.03
20260412_194915,kuka,kuka_main,333,49.2350115,597.597207263652,47.5972072636522,602.402792736348,629.012,79.012,570.988,0.03
20260412_194915,kuka,kuka_main,334,49.2863556,592.816858922738,42.8168589227376,607.183141077262,624.135071,73.8686371,576.15979,0.03
20260412_194915,kuka,kuka_main,335,49.4899429,588.11182297113,38.1118229711299,611.88817702887,622.14679,71.8182373,578.216553,0.03
20260412_194915,kuka,kuka_main,336,49.7474872,583.530977648247,33.5309776482471,616.469022351753,609.353882,59.2236099,590.789551,0.03
20260412_194915,kuka,kuka_main,337,49.7999784,579.121206163327,29.1212061633266,620.878793836673,607.183,57.183,592.817,0.03
20260412_194915,kuka,kuka_main,338,50.0637249,574.926598683353,24.9265986833532,625.073401316647,607.175049,57.1742821,592.825745,0.03
20260412_194915,kuka,kuka_main,339,50.1145282,570.987654320988,20.9876543209877,629.012345679012,607.020508,57.0045624,592.995911,0.03
20260412_194915,kuka,kuka_main,340,50.1667274,567.340483122494,17.3404831224936,632.659516877506,601.181274,50.7256,599.285767,0.03
20260412_194915,kuka,kuka_main,341,50.6080815,564.016008055666,14.0160080556658,635.983991944334,586.304382,35.8164215,614.192749,0.03
20260412_194915,kuka,kuka_main,342,50.6604643,561.039166997758,11.0391669977585,638.960833002242,583.642639,33.299614,616.706482,0.03
20260412_194915,kuka,kuka_main,343,50.7131925,558.428114723412,8.42811472341242,641.571885276588,579.128784,29.1281204,620.871948,0.03
20260412_194915,kuka,kuka_main,344,50.9153915,556.193424892583,6.19342489258337,643.806575107417,579.121,29.121,620.879,0.03
20260412_194915,kuka,kuka_main,345,50.9674804,554.33729203847,4.33729203846963,645.66270796153,579.121,29.121,620.879,0.03
20260412_194915,kuka,kuka_main,346,51.2280645,552.85273355544,2.85273355544007,647.14726644456,579.121,29.121,620.879,0.03
20260412_194915,kuka,kuka_main,347,51.4284696,551.722791686962,1.72279168696194,648.277208313038,579.121,29.121,620.879,0.03
20260412_194915,kuka,kuka_main,348,51.4811464,550.919735513529,0.919735513528863,649.080264486471,579.121,29.121,620.879,0.03
20260412_194915,kuka,kuka_main,349,51.5345007,550.404262940589,0.404262940588666,649.595737059411,554.7323,4.6995,645.298157,0.03
20260412_194915,kuka,kuka_main,350,51.7387097,550.124702686471,0.124702686470982,649.875297313529,554.344055,4.34345627,645.656555,0.03
20260412_194915,kuka,kuka_main,351,52.0059847,550.016216270316,0.0162162703155388,649.983783729684,554.344055,4.34345627,645.656555,0.03
20260412_194915,kuka,kuka_main,352,52.0595992,550,0,650,554.344055,4.34345627,645.656555,0.03
20260412_195033,kuka,kuka_main,1,4.1e-06,550,0,650,550,3.70119517e-17,650,0.03
20260412_195033,kuka,kuka_main,2,0.2690849,550.000810813516,-0.0162162703156833,650.008108135158,550,3.70119517e-17,650,0.03
20260412_195033,kuka,kuka_main,3,0.3208488,550.006235134324,-0.124702686471065,650.062351343235,550.000488,-0.008323282,650.00415,0.03
20260412_195033,kuka,kuka_main,4,0.3900834,550.020213147029,-0.404262940588699,650.202131470294,550.001,-0.016,650.008,0.03
20260412_195033,kuka,kuka_main,5,0.5947549,550.045986775676,-0.919735513528915,650.459867756764,550.003418,-0.0656390861,650.032837,0.03
20260412_195033,kuka,kuka_main,6,0.8525169,550.086139584348,-1.72279168696194,650.861395843481,550.02,-0.404,650.202,0.03
20260412_195033,kuka,kuka_main,7,0.9064797,550.142636677772,-2.85273355544004,651.42636677772,550.086,-1.72297812,650.861,0.03
20260412_195033,kuka,kuka_main,8,1.1123111,550.216864601923,-4.33729203846964,652.168646019235,550.086,-1.723,650.861,0.03
20260412_195033,kuka,kuka_main,9,1.16449,550.309671244629,-6.19342489258342,653.096712446292,550.08728,-1.74733,650.873169,0.03
20260412_195033,kuka,kuka_main,10,1.2172353,550.421405736171,-8.42811472341251,654.214057361706,550.217,-4.33700323,652.169,0.03
20260412_195033,kuka,kuka_main,11,1.6398861,550.551958349888,-11.0391669977585,655.519583498879,550.217,-4.33700323,652.169,0.03
20260412_195033,kuka,kuka_main,12,1.6930512,550.700800402783,-14.0160080556659,657.008004027833,550.217,-4.33700323,652.169,0.03
20260412_195033,kuka,kuka_main,13,1.7460368,550.867024156125,-17.3404831224936,658.670241561247,550.217,-4.33700323,652.169,0.03
20260412_195033,kuka,kuka_main,14,1.9951605,551.049382716049,-20.9876543209877,660.493827160494,550.552,-11.039,655.52,0.03
20260412_195033,kuka,kuka_main,15,2.0643421,551.246329934168,-24.9265986833532,662.463299341677,550.553528,-11.0633879,655.532227,0.03
20260412_195033,kuka,kuka_main,16,2.3216686,551.456060308166,-29.1212061633265,664.560603081663,551.049,-20.988,660.494,0.03
20260412_195033,kuka,kuka_main,17,2.5231373,551.676548882412,-33.5309776482471,666.765488824124,551.054626,-21.0828438,660.541443,0.03
20260412_195033,kuka,kuka_main,18,2.5868869,551.905591148556,-38.11182297113,669.055911485565,551.113037,-22.0873184,661.043457,0.03
20260412_195033,kuka,kuka_main,19,2.6417961,552.140842946137,-42.8168589227376,671.408429461369,551.456,-29.1210022,664.561,0.03
20260412_195033,kuka,kuka_main,20,2.9087489,552.379860363183,-47.5972072636522,673.798603631826,551.458374,-29.1574135,664.579163,0.03
20260412_195033,kuka,kuka_main,21,3.1752597,552.620139636817,-52.4027927363478,676.201396368174,552.077942,-41.069149,670.533508,0.03
20260412_195033,kuka,kuka_main,22,3.2276343,552.859157053863,-57.1831410772624,678.591570538631,552.141,-42.817,671.408,0.03
20260412_195033,kuka,kuka_main,23,3.4300529,553.094408851444,-61.8881770288701,680.944088514435,552.141,-42.817,671.408,0.03
20260412_195033,kuka,kuka_main,24,3.4809148,553.323451117588,-66.4690223517529,683.234511175876,552.174377,-43.3210831,671.659912,0.03
20260412_195033,kuka,kuka_main,25,3.5332186,553.543939691834,-70.8787938366734,685.439396918337,552.761902,-54.5104942,677.254639,0.03
20260412_195033,kuka,kuka_main,26,3.9360161,553.753670065832,-75.0734013166468,687.536700658323,552.859,-57.183,678.592,0.03
20260412_195033,kuka,kuka_main,27,3.9879927,553.950617283951,-79.0123456790123,689.506172839506,552.861633,-57.2198486,678.610413,0.03
20260412_195033,kuka,kuka_main,28,4.0398838,554.132975843875,-82.6595168775064,691.329758438753,553.424805,-66.6317139,683.314941,0.03
20260412_195033,kuka,kuka_main,29,4.2442296,554.299199597217,-85.9839919443342,692.991995972167,553.607666,-70.7889328,685.39386,0.03
20260412_195033,kuka,kuka_main,30,4.2954293,554.448041650112,-88.9608330022415,694.480416501121,553.721558,-74.005806,687.003052,0.03
20260412_195033,kuka,kuka_main,31,4.5648335,554.578594263829,-91.5718852765876,695.785942638294,553.754,-75.073,687.537,0.03
20260412_195033,kuka,kuka_main,32,4.7876447,554.690328755371,-93.8065751074166,696.903287553708,553.755737,-75.0980453,687.5495,0.03
20260412_195033,kuka,kuka_main,33,4.8413326,554.783135398077,-95.6627079615304,697.831353980765,553.794861,-75.6685562,687.834717,0.03
20260412_195033,kuka,kuka_main,34,4.8941287,554.857363322228,-97.1472664445599,698.57363322228,554.499,-89.1886,694.594116,0.03
20260412_195033,kuka,kuka_main,35,5.1142572,554.913860415652,-98.2772083130381,699.138604156519,554.562805,-91.0569153,695.528442,0.03
20260412_195033,kuka,kuka_main,36,5.3700465,554.954013224324,-99.0802644864711,699.540132243236,554.579,-91.572,695.786,0.03
20260412_195033,kuka,kuka_main,37,5.4229882,554.979786852971,-99.5957370594113,699.797868529706,554.855103,-96.8240814,698.412048,0.03
20260412_195033,kuka,kuka_main,38,5.6237024,554.993764865676,-99.875297313529,699.937648656765,554.938,-98.696373,699.348145,0.03
20260412_195033,kuka,kuka_main,39,5.6761979,554.999189186484,-99.9837837296845,699.991891864842,554.953735,-99.0737152,699.536804,0.03
20260412_195033,kuka,kuka_main,40,5.7278729,555,-100,700,554.954,-99.0801086,699.540039,0.03
20260412_195033,kuka,kuka_main,41,6.1480758,555,-100,699.951351189053,555,-100,700,0.03
20260412_195033,kuka,kuka_main,42,6.1998354,555,-100,699.625891940587,555,-100,699.991089,0.03
20260412_195033,kuka,kuka_main,43,6.2528736,555,-100,698.787211178234,555,-100,699.951,0.03
20260412_195033,kuka,kuka_main,44,6.4541928,555,-100,697.240793459413,555.000061,-100.000015,699.86853,0.03
20260412_195033,kuka,kuka_main,45,6.5058135,555,-100,694.831624939114,555.000305,-100.000053,699.283447,0.03
20260412_195033,kuka,kuka_main,46,6.7653801,555,-100,691.44179933368,555,-100,698.787,0.03
20260412_195033,kuka,kuka_main,47,6.97302,555,-100,686.988123884591,555.000183,-100.000038,698.758362,0.03
20260412_195033,kuka,kuka_main,48,7.0234469,555,-100,681.41972532225,555.000183,-100.000038,698.758362,0.03
20260412_195033,kuka,kuka_main,49,7.0746535,555,-100,674.715655829762,555.002136,-100.000381,691.756287,0.03
20260412_195033,kuka,kuka_main,50,7.2643066,555,-100,666.882499006724,555,-100,691.442749,0.03
20260412_195033,kuka,kuka_main,51,7.5334822,555,-100,657.951975833002,555,-100,691.441589,0.03
20260412_195033,kuka,kuka_main,52,7.5980662,555,-100,647.978550632519,555.200562,-100.036041,683.117,0.03
20260412_195033,kuka,kuka_main,53,7.8005487,555,-100,637.037037037037,555.257263,-100.046234,678.162109,0.03
20260412_195033,kuka,kuka_main,54,7.8515096,555,-100,625.22020394994,555.265747,-100.04776,672.807068,0.03
20260412_195033,kuka,kuka_main,55,7.9071641,555,-100,612.63638151002,555.03125,-100.005615,658.949829,0.03
20260412_195033,kuka,kuka_main,56,8.3414428,555,-100,599.407067055259,555.03125,-100.005615,658.949829,0.03
20260412_195033,kuka,kuka_main,57,8.3946059,555,-100,585.66453108661,555.03125,-100.005615,658.949829,0.03
20260412_195033,kuka,kuka_main,58,8.4464448,555,-100,571.549423231787,555.695923,-100.125008,640.061157,0.03
20260412_195033,kuka,kuka_main,59,8.6994176,555,-100,557.208378209043,555.802856,-100.144218,633.075195,0.03
20260412_195033,kuka,kuka_main,60,8.7493642,555,-100,542.791621790957,555.808044,-100.145149,624.693481,0.03
20260412_195033,kuka,kuka_main,61,9.0181223,555,-100,528.450576768213,555.000183,-100.000031,599.40979,0.03
20260412_195033,kuka,kuka_main,62,9.2198184,555,-100,514.33546891339,555,-100,599.407,0.03
20260412_195033,kuka,kuka_main,63,9.2712488,555,-100,500.592932944741,555,-100,599.407,0.03
20260412_195033,kuka,kuka_main,64,9.3249172,555,-100,487.36361848998,555.435547,-100.078148,594.487366,0.03
20260412_195033,kuka,kuka_main,65,9.5259625,555,-100,474.77979605006,555.757446,-100.135902,590.476257,0.03
20260412_195033,kuka,kuka_main,66,9.7829828,555,-100,462.962962962963,557.304077,-100.413445,554.184753,0.03
20260412_195033,kuka,kuka_main,67,9.8361861,555,-100,452.021449367481,556.652039,-100.296455,523.199219,0.03
20260412_195033,kuka,kuka_main,68,10.0376673,555,-100,442.048024166998,556.273,-100.228447,516.588501,0.03
20260412_195033,kuka,kuka_main,69,10.1014355,555,-100,433.117500993275,555.91925,-100.164963,511.450348,0.03
20260412_195033,kuka,kuka_main,70,10.1541044,555,-100,425.284344170237,555.040466,-100.007263,501.018585,0.03
20260412_195033,kuka,kuka_main,71,10.5747485,555,-100,418.58027467775,555,-100,500.593,0.03
20260412_195033,kuka,kuka_main,72,10.6261132,555,-100,413.011876115409,555.002258,-100.000404,500.563416,0.03
20260412_195033,kuka,kuka_main,73,10.6776835,555,-100,408.55820066632,555.66217,-100.118538,490.720734,0.03
20260412_195033,kuka,kuka_main,74,10.9060113,555,-100,405.168375060886,555.922729,-100.165184,485.848,0.03
20260412_195033,kuka,kuka_main,75,10.9586076,555,-100,402.759206540587,555.922729,-100.165184,485.848,0.03
20260412_195033,kuka,kuka_main,76,11.2169424,555,-100,401.212788821766,555.922729,-100.165184,485.848,0.03
20260412_195033,kuka,kuka_main,77,11.4601285,555,-100,400.374108059413,555.390442,-100.069901,423.998322,0.03
20260412_195033,kuka,kuka_main,78,11.5112499,555,-100,400.048648810947,555.223,-100.039925,421.578339,0.03
20260412_195033,kuka,kuka_main,79,11.5652913,555,-100,400,555,-100,418.58,0.03
20260412_195033,kuka,kuka_main,80,11.7649286,555,-100,400.048648810947,555,-100,418.58,0.03
20260412_195033,kuka,kuka_main,81,12.0341646,555,-100,400.374108059413,555.078613,-100.014053,410.209839,0.03
20260412_195033,kuka,kuka_main,82,12.0866299,555,-100,401.212788821766,555.014221,-100.002548,400.920837,0.03
20260412_195033,kuka,kuka_main,83,12.2924548,555,-100,402.759206540587,555.002563,-100.000458,400.19986,0.03
20260412_195033,kuka,kuka_main,84,12.3446726,555,-100,405.168375060886,555,-100,400.049042,0.03
20260412_195033,kuka,kuka_main,85,12.3974931,555,-100,408.55820066632,555,-100,400.049,0.03
20260412_195033,kuka,kuka_main,86,12.8142477,555,-100,413.011876115409,555.013916,-100.002502,406.052643,0.03
20260412_195033,kuka,kuka_main,87,12.8666163,555,-100,418.58027467775,555.005493,-100.000992,407.788391,0.03
20260412_195033,kuka,kuka_main,88,12.9193115,555,-100,425.284344170238,555,-100,408.558,0.03
20260412_195033,kuka,kuka_main,89,13.1624294,555,-100,433.117500993276,555.000183,-100.000038,408.571655,0.03
20260412_195033,kuka,kuka_main,90,13.2140277,555,-100,442.048024166998,555.007324,-100.00132,409.044281,0.03
20260412_195033,kuka,kuka_main,91,13.483261,555,-100,452.021449367481,555.000732,-100.00013,425.238373,0.03
20260412_195033,kuka,kuka_main,92,13.6838256,555,-100,462.962962962963,555,-100,425.284,0.03
20260412_195033,kuka,kuka_main,93,13.7349071,555,-100,474.77979605006,555,-100,425.284,0.03
20260412_195033,kuka,kuka_main,94,13.7865093,555,-100,487.36361848998,555.153503,-100.027664,428.855225,0.03
20260412_195033,kuka,kuka_main,95,13.9955749,555,-100,500.592932944741,555.250122,-100.045074,431.454559,0.03
20260412_195033,kuka,kuka_main,96,14.2563612,555,-100,514.33546891339,555.54718,-100.098602,455.045807,0.03
20260412_195033,kuka,kuka_main,97,14.3097959,555,-100,528.450576768213,555.54718,-100.098602,455.045807,0.03
20260412_195033,kuka,kuka_main,98,14.513689,555,-100,542.791621790957,555.54718,-100.098602,455.045807,0.03
20260412_195033,kuka,kuka_main,99,14.5635806,555,-100,557.208378209043,555.54718,-100.098602,455.045807,0.03
20260412_195033,kuka,kuka_main,100,14.6139258,555,-100,571.549423231787,555.54718,-100.098602,455.045807,0.03
20260412_195033,kuka,kuka_main,101,15.0286692,555,-100,585.66453108661,555.54718,-100.098602,455.045807,0.03
20260412_195033,kuka,kuka_main,102,15.0812828,555,-100,599.407067055259,555.54718,-100.098602,455.045807,0.03
20260412_195033,kuka,kuka_main,103,15.1460124,555,-100,612.63638151002,555.343079,-100.061813,520.462585,0.03
20260412_195033,kuka,kuka_main,104,15.3515809,555,-100,625.22020394994,555.198547,-100.035767,524.173157,0.03
20260412_195033,kuka,kuka_main,105,15.4033776,555,-100,637.037037037037,555.084412,-100.015213,526.720093,0.03
20260412_195033,kuka,kuka_main,106,15.6604299,555,-100,647.978550632519,555,-100,528.451,0.03
20260412_195033,kuka,kuka_main,107,15.8646204,555,-100,657.951975833003,555.002197,-100.000397,528.46991,0.03
20260412_195033,kuka,kuka_main,108,15.9164114,555,-100,666.882499006725,555.052307,-100.009422,528.901184,0.03
20260412_195033,kuka,kuka_main,109,15.9682662,555,-100,674.715655829763,556.164307,-100.209709,539.500854,0.03
20260412_195033,kuka,kuka_main,110,16.1700848,555,-100,681.41972532225,556.717102,-100.309265,545.791,0.03
20260412_195033,kuka,kuka_main,111,16.442776,555,-100,686.988123884591,558.411316,-100.614349,585.817566,0.03
20260412_195033,kuka,kuka_main,112,16.4957214,555,-100,691.44179933368,557.076904,-100.373985,625.367,0.03
20260412_195033,kuka,kuka_main,113,16.7016394,555,-100,694.831624939114,556.532471,-100.275948,632.40271,0.03
20260412_195033,kuka,kuka_main,114,16.7542449,555,-100,697.240793459413,556.022,-100.184013,638.123718,0.03
20260412_195033,kuka,kuka_main,115,16.8062442,555,-100,698.787211178234,555.000732,-100.00013,647.972473,0.03
20260412_195033,kuka,kuka_main,116,17.2270653,555,-100,699.625891940587,555,-100,647.979,0.03
20260412_195033,kuka,kuka_main,117,17.2787454,555,-100,699.951351189053,555.00238,-100.000435,648.027222,0.03
20260412_195033,kuka,kuka_main,118,17.3314711,555,-100,700,555.00238,-100.000435,648.027222,0.03
20260412_195033,kuka,kuka_main,119,17.5346783,555,-99.9918918648422,700,555.44165,-100.079529,659.366455,0.03
20260412_195033,kuka,kuka_main,120,17.5961028,555,-99.9376486567645,700,555.572693,-100.103119,665.357,0.03
20260412_195033,kuka,kuka_main,121,17.8684431,555,-99.7978685297057,700,555.000122,-100.000015,699.623901,0.03
20260412_195033,kuka,kuka_main,122,18.0701665,555,-99.5401322432355,700,555,-100,699.626,0.03
20260412_195033,kuka,kuka_main,123,18.123045,555,-99.138604156519,700,555,-100,699.626,0.03
20260412_195033,kuka,kuka_main,124,18.1775986,555,-98.57363322228,700,555,-99.139,700,0.03
20260412_195033,kuka,kuka_main,125,18.3988816,555,-97.8313539807652,700,555.000061,-99.0441589,700,0.03
20260412_195033,kuka,kuka_main,126,18.6583736,555,-96.9032875537083,700,555,-98.574,700,0.03
20260412_195033,kuka,kuka_main,127,18.7114984,555,-95.7859426382937,700,555,-96.9030151,700,0.03
20260412_195033,kuka,kuka_main,128,18.925759,555,-94.4804165011207,700,555,-96.903,700,0.03
20260412_195033,kuka,kuka_main,129,18.9778333,555,-92.9919959721671,700,555.000061,-96.8657455,700,0.03
20260412_195033,kuka,kuka_main,130,19.0305253,555,-91.3297584387532,700,555,-94.48,700,0.03
20260412_195033,kuka,kuka_main,131,19.4533695,555,-89.5061728395062,700,555,-94.48,700,0.03
20260412_195033,kuka,kuka_main,132,19.5047194,555,-87.5367006583234,700,555.000183,-94.4428,700,0.03
20260412_195033,kuka,kuka_main,133,19.5602031,555,-85.4393969183367,700,555.000061,-89.5170517,700,0.03
20260412_195033,kuka,kuka_main,134,19.7686658,555,-83.2345111758764,700,555,-89.506,700,0.03
20260412_195033,kuka,kuka_main,135,19.820481,555,-80.944088514435,700,555,-89.506,700,0.03
20260412_195033,kuka,kuka_main,136,20.0801227,555,-78.5915705386312,700,555,-89.506,700,0.03
20260412_195033,kuka,kuka_main,137,20.2967512,555,-76.2013963681739,700,555,-89.506,700,0.03
20260412_195033,kuka,kuka_main,138,20.3463582,555,-73.7986036318261,700,555,-89.506,700,0.03
20260412_195033,kuka,kuka_main,139,20.3992131,555,-71.4084294613688,700,555,-78.592,700,0.03
20260412_195033,kuka,kuka_main,140,20.6035592,555,-69.055911485565,700,555,-78.592,700,0.03
20260412_195033,kuka,kuka_main,141,20.8644004,555,-66.7654888241236,700,555,-78.592,700,0.03
20260412_195033,kuka,kuka_main,142,20.9174906,555,-64.5606030816633,700,555,-78.592,700,0.03
20260412_195033,kuka,kuka_main,143,21.1293606,555,-62.4632993416766,700,555.000183,-71.3831253,700,0.03
20260412_195033,kuka,kuka_main,144,21.1800891,555,-60.4938271604939,700,555.000183,-71.3831253,700,0.03
20260412_195033,kuka,kuka_main,145,21.2318406,555,-58.6702415612468,700,555.000183,-71.3831253,700,0.03
20260412_195033,kuka,kuka_main,146,21.6380923,555,-57.0080040278329,700,555,-57.008,700,0.03
20260412_195033,kuka,kuka_main,147,21.6897522,555,-55.5195834988792,700,555,-57.008,700,0.03
20260412_195033,kuka,kuka_main,148,21.7413619,555,-54.2140573617062,700,555,-57.008,700,0.03
20260412_195033,kuka,kuka_main,149,21.9416325,555,-53.0967124462917,700,555,-57.008,700,0.03
20260412_195033,kuka,kuka_main,150,21.9934037,555,-52.1686460192348,700,555,-57.008,700,0.03
20260412_195033,kuka,kuka_main,151,22.2612775,555,-51.42636677772,700,555,-54.214,700,0.03
20260412_195033,kuka,kuka_main,152,22.4764562,555,-50.861395843481,700,555,-54.214,700,0.03
20260412_195033,kuka,kuka_main,153,22.5266703,555,-50.4598677567644,700,555.001526,-53.3369713,700,0.03
20260412_195033,kuka,kuka_main,154,22.5907931,555,-50.2021314702943,700,555,-51.426,700,0.03
20260412_195033,kuka,kuka_main,155,22.8016984,555,-50.0623513432355,700,555,-51.4012299,700,0.03
20260412_195033,kuka,kuka_main,156,23.0608457,555,-50.0081081351578,700,555,-51.4012299,700,0.03
20260412_195033,kuka,kuka_main,157,23.1134761,555,-50,700,555,-50.008,700,0.03
20260412_195033,kuka,kuka_main,158,23.362465,555,-49.9918918648422,700,555,-50.0038376,700,0.03
20260412_195033,kuka,kuka_main,159,23.4149875,555,-49.9376486567645,700,555,-49.9999924,700,0.03
20260412_195033,kuka,kuka_main,160,23.4669167,555,-49.7978685297057,700,555,-49.9999924,700,0.03
20260412_195033,kuka,kuka_main,161,23.9123134,555,-49.5401322432355,700,555,-49.798,700,0.03
20260412_195033,kuka,kuka_main,162,23.9643912,555,-49.138604156519,700,555,-49.774353,700,0.03
20260412_195033,kuka,kuka_main,163,24.016481,555,-48.57363322228,700,555,-49.54,700,0.03
20260412_195033,kuka,kuka_main,164,24.224672,555,-47.8313539807652,700,555.000061,-49.4685822,700,0.03
20260412_195033,kuka,kuka_main,165,24.2778292,555,-46.9032875537083,700,555.000183,-48.9246826,700,0.03
20260412_195033,kuka,kuka_main,166,24.541582,555,-45.7859426382937,700,555,-48.574,700,0.03
20260412_195033,kuka,kuka_main,167,24.7517,555,-44.4804165011207,700,555.000183,-48.502594,700,0.03
20260412_195033,kuka,kuka_main,168,24.8038876,555,-42.9919959721671,700,555.001404,-47.804615,700,0.03
20260412_195033,kuka,kuka_main,169,24.8559985,555,-41.3297584387532,700,555.001404,-47.804615,700,0.03
20260412_195033,kuka,kuka_main,170,25.0601788,555,-39.5061728395062,700,555.000793,-45.5868721,700,0.03
20260412_195033,kuka,kuka_main,171,25.3406068,555,-37.5367006583234,700,555,-41.33,700,0.03
20260412_195033,kuka,kuka_main,172,25.392762,555,-35.4393969183367,700,555.000366,-37.6568,700,0.03
20260412_195033,kuka,kuka_main,173,25.5985194,555,-33.2345111758764,700,555,-37.5369148,700,0.03
20260412_195033,kuka,kuka_main,174,25.6508327,555,-30.944088514435,700,555,-37.537,700,0.03
20260412_195033,kuka,kuka_main,175,25.7038511,555,-28.5915705386312,700,555.007385,-32.6015511,700,0.03
20260412_195033,kuka,kuka_main,176,26.1116562,555,-26.2013963681739,700,555,-30.944,700,0.03
20260412_195033,kuka,kuka_main,177,26.1622013,555,-23.7986036318261,700,555.000122,-30.9194756,700,0.03
20260412_195033,kuka,kuka_main,178,26.2147759,555,-21.4084294613688,700,555.000122,-26.2349854,700,0.03
20260412_195033,kuka,kuka_main,179,26.4170222,555,-19.055911485565,700,555,-26.2010212,700,0.03
20260412_195033,kuka,kuka_main,180,26.4681164,555,-16.7654888241236,700,555,-26.2010212,700,0.03
20260412_195033,kuka,kuka_main,181,26.7339518,555,-14.5606030816633,700,555,-16.765,700,0.03
20260412_195033,kuka,kuka_main,182,26.9480203,555,-12.4632993416766,700,555.000122,-16.6938839,700,0.03
20260412_195033,kuka,kuka_main,183,26.9997483,555,-10.4938271604939,700,555.001,-16.0077438,700,0.03
20260412_195033,kuka,kuka_main,184,27.0519551,555,-8.67024156124678,700,555,-14.561,700,0.03
20260412_195033,kuka,kuka_main,185,27.2570984,555,-7.00800402783292,700,555.000183,-14.5246487,700,0.03
20260412_195033,kuka,kuka_main,186,27.5164986,555,-5.51958349887924,700,555,-8.66983223,700,0.03
20260412_195033,kuka,kuka_main,187,27.5697182,555,-4.21405736170621,700,555,-8.66998196,700,0.03
20260412_195033,kuka,kuka_main,188,27.7866312,555,-3.09671244629168,700,555.000488,-8.54619884,700,0.03
20260412_195033,kuka,kuka_main,189,27.8384035,555,-2.16864601923481,700,555.003296,-7.56976175,700,0.03
20260412_195033,kuka,kuka_main,190,27.891239,555,-1.42636677772003,700,555,-4.21398163,700,0.03
20260412_195033,kuka,kuka_main,191,28.3169777,555,-0.86139584348097,700,555,-1.42599702,700,0.03
20260412_195033,kuka,kuka_main,192,28.3682575,555,-0.459867756764432,700,555,-1.426,700,0.03
20260412_195033,kuka,kuka_main,193,28.4239353,555,-0.202131470294333,700,555,-0.460000277,700,0.03
20260412_195033,kuka,kuka_main,194,28.6478411,555,-0.0623513432354912,700,555,-0.426099539,700,0.03
20260412_195033,kuka,kuka_main,195,28.6990025,555,-0.00810813515776942,700,555,-0.227856949,700,0.03
20260412_195033,kuka,kuka_main,196,28.9616403,555,0,700,555,-0.202,700,0.03
20260412_195033,kuka,kuka_main,197,29.165344,555,0.0162162703156833,700,555,-0.169716358,700,0.03
20260412_195033,kuka,kuka_main,198,29.2170542,555,0.124702686471065,700,555,-0.00789067056,700,0.03
20260412_195033,kuka,kuka_main,199,29.270237,555,0.404262940588699,700,555,-3.1851e-13,700,0.03
20260412_195033,kuka,kuka_main,200,29.4809314,555,0.919735513528915,700,555,-3.1851e-13,700,0.03
20260412_195033,kuka,kuka_main,201,29.7510013,555,1.72279168696194,700,555,0.404,700,0.03
20260412_195033,kuka,kuka_main,202,29.8036523,555,2.85273355544004,700,555,1.72297823,700,0.03
20260412_195033,kuka,kuka_main,203,30.00627,555,4.33729203846964,700,555,1.723,700,0.03
20260412_195033,kuka,kuka_main,204,30.0589554,555,6.19342489258342,700,555.000366,1.87989497,700,0.03
20260412_195033,kuka,kuka_main,205,30.124514,555,8.42811472341251,700,555,4.33700228,700,0.03
20260412_195033,kuka,kuka_main,206,30.5336018,555,11.0391669977585,700,555,4.33700228,700,0.03
20260412_195033,kuka,kuka_main,207,30.5860073,555,14.0160080556659,700,555,4.33700228,700,0.03
20260412_195033,kuka,kuka_main,208,30.6408786,555,17.3404831224936,700,555.001343,10.8055553,700,0.03
20260412_195033,kuka,kuka_main,209,30.8420056,555,20.9876543209877,700,555,11.0384007,700,0.03
20260412_195033,kuka,kuka_main,210,30.8931974,555,24.9265986833532,700,555,11.039,700,0.03
20260412_195033,kuka,kuka_main,211,31.1651832,555,29.1212061633265,700,555,11.039,700,0.03
20260412_195033,kuka,kuka_main,212,31.3687483,555,33.5309776482471,700,555,11.039,700,0.03
20260412_195033,kuka,kuka_main,213,31.421502,555,38.11182297113,700,555,11.039,700,0.03
20260412_195033,kuka,kuka_main,214,31.4743316,555,42.8168589227376,700,555.008362,32.2649,700,0.03
20260412_195033,kuka,kuka_main,215,31.6857114,555,47.5972072636522,700,555.001038,33.3945923,700,0.03
20260412_195033,kuka,kuka_main,216,31.9424652,555,52.4027927363478,700,555.001038,33.3945923,700,0.03
20260412_195033,kuka,kuka_main,217,31.9951134,555,57.1831410772624,700,555.064209,38.7448463,700.000366,0.03
20260412_195033,kuka,kuka_main,218,32.1994208,555,61.8881770288701,700,555.0802,42.8361,700.000427,0.03
20260412_195033,kuka,kuka_main,219,32.2513037,555,66.4690223517529,700,555.061646,47.5054,700.000305,0.03
20260412_195033,kuka,kuka_main,220,32.3043662,555,70.8787938366734,700,555,52.403,700,0.03
20260412_195033,kuka,kuka_main,221,32.7347407,555,75.0734013166468,700,555.073914,63.4752197,700.000854,0.03
20260412_195033,kuka,kuka_main,222,32.7990652,555,79.0123456790123,700,555.047485,67.3559875,700.000549,0.03
20260412_195033,kuka,kuka_main,223,32.8520413,555,82.6595168775064,700,555,70.879,700,0.03
20260412_195033,kuka,kuka_main,224,33.0563109,555,85.9839919443342,700,555.000549,70.9309082,700,0.03
20260412_195033,kuka,kuka_main,225,33.1081141,555,88.9608330022415,700,555.007629,71.649765,700.000122,0.03
20260412_195033,kuka,kuka_main,226,33.3659725,555,91.5718852765876,700,555,82.66,700,0.03
20260412_195033,kuka,kuka_main,227,33.6189061,555,93.8065751074166,700,555.000305,82.6966171,700,0.03
20260412_195033,kuka,kuka_main,228,33.6691279,555,95.6627079615304,700,555.005676,83.4334412,700.000122,0.03
20260412_195033,kuka,kuka_main,229,33.72168,555,97.1472664445599,700,555.000549,91.500824,700,0.03
20260412_195033,kuka,kuka_main,230,33.931778,555,98.2772083130381,700,555,91.571991,700,0.03
20260412_195033,kuka,kuka_main,231,34.2012964,555,99.0802644864711,700,555,91.572,700,0.03
20260412_195033,kuka,kuka_main,232,34.2549358,555,99.5957370594113,700,555.01239,95.9374542,700.000366,0.03
20260412_195033,kuka,kuka_main,233,34.4566205,555,99.875297313529,700,555.005371,98.1735,700.000122,0.03
20260412_195033,kuka,kuka_main,234,34.5081456,555,99.9837837296845,700,555.005371,98.1735,700.000122,0.03
20260412_195033,kuka,kuka_main,235,34.5600711,555,100,700,555,99.08,700,0.03
20260412_195033,kuka,kuka_main,236,34.9715854,555,100,699.951351189053,555,100,700,0.03
20260412_195033,kuka,kuka_main,237,35.0231521,555,100,699.625891940587,555,100,700,0.03
20260412_195033,kuka,kuka_main,238,35.0760782,555,100,698.787211178234,555,100,699.949768,0.03
20260412_195033,kuka,kuka_main,239,35.2869447,555,100,697.240793459413,555.000244,100.000046,699.632874,0.03
20260412_195033,kuka,kuka_main,240,35.3403702,555,100,694.831624939114,555.000122,100.000023,698.890686,0.03
20260412_195033,kuka,kuka_main,241,35.6108085,555,100,691.44179933368,555,100,698.787,0.03
20260412_195033,kuka,kuka_main,242,35.8224076,555,100,686.988123884591,555,100,698.787,0.03
20260412_195033,kuka,kuka_main,243,35.874186,555,100,681.41972532225,555.006836,100.001236,697.637085,0.03
20260412_195033,kuka,kuka_main,244,35.9282153,555,100,674.715655829762,555,100,691.444153,0.03
20260412_195033,kuka,kuka_main,245,36.1611469,555,100,666.882499006724,555,100,691.444153,0.03
20260412_195033,kuka,kuka_main,246,36.4220796,555,100,657.951975833002,555,100,691.444153,0.03
20260412_195033,kuka,kuka_main,247,36.4745774,555,100,647.978550632519,555,100,691.444153,0.03
20260412_195033,kuka,kuka_main,248,36.692285,555,100,637.037037037037,555.254,100.046112,678.597229,0.03
20260412_195033,kuka,kuka_main,249,36.7434101,555,100,625.22020394994,555.266846,100.048431,673.194214,0.03
20260412_195033,kuka,kuka_main,250,36.7959647,555,100,612.63638151002,555.044,100.007988,659.376343,0.03
20260412_195033,kuka,kuka_main,251,37.2224951,555,100,599.407067055259,555,100,657.952,0.03
20260412_195033,kuka,kuka_main,252,37.2744082,555,100,585.66453108661,555.001587,100.00029,657.923706,0.03
20260412_195033,kuka,kuka_main,253,37.3274958,555,100,571.549423231787,555.515076,100.093643,646.494629,0.03
20260412_195033,kuka,kuka_main,254,37.5346729,555,100,557.208378209043,555.695679,100.126488,640.052124,0.03
20260412_195033,kuka,kuka_main,255,37.5852078,555,100,542.791621790957,555.814697,100.148117,631.301,0.03
20260412_195033,kuka,kuka_main,256,37.8559434,555,100,528.450576768213,555.002808,100.000511,599.456543,0.03
20260412_195033,kuka,kuka_main,257,38.081734,555,100,514.33546891339,555,100,599.407,0.03
20260412_195033,kuka,kuka_main,258,38.1349826,555,100,500.592932944741,555,100,599.407,0.03
20260412_195033,kuka,kuka_main,259,38.1893455,555,100,487.36361848998,555.457947,100.083565,594.21582,0.03
20260412_195033,kuka,kuka_main,260,38.3919878,555,100,474.77979605006,555.868286,100.158432,588.992126,0.03
20260412_195033,kuka,kuka_main,261,38.6658772,555,100,462.962962962963,557.321594,100.423599,549.831421,0.03
20260412_195033,kuka,kuka_main,262,38.7197549,555,100,452.021449367481,557.321594,100.423599,549.831421,0.03
20260412_195033,kuka,kuka_main,263,38.9818996,555,100,442.048024166998,557.321594,100.423599,549.831421,0.03
20260412_195033,kuka,kuka_main,264,39.0332041,555,100,433.117500993275,557.321594,100.423599,549.831421,0.03
20260412_195033,kuka,kuka_main,265,39.0867553,555,100,425.284344170237,555,100,500.592804,0.03
20260412_195033,kuka,kuka_main,266,39.5204352,555,100,418.58027467775,555,100,500.592804,0.03
20260412_195033,kuka,kuka_main,267,39.5710207,555,100,413.011876115409,555.003174,100.000587,500.550873,0.03
20260412_195033,kuka,kuka_main,268,39.6250501,555,100,408.55820066632,555.565857,100.104111,492.330688,0.03
20260412_195033,kuka,kuka_main,269,39.8302907,555,100,405.168375060886,555.801208,100.147423,488.207062,0.03
20260412_195033,kuka,kuka_main,270,39.8811818,555,100,402.759206540587,556.119751,100.206024,481.435028,0.03
20260412_195033,kuka,kuka_main,271,40.1509709,555,100,401.212788821766,555.77478,100.142578,430.330109,0.03
20260412_195033,kuka,kuka_main,272,40.3570126,555,100,400.374108059413,555.524841,100.096581,426.077484,0.03
20260412_195033,kuka,kuka_main,273,40.4207698,555,100,400.048648810947,555.333679,100.061401,423.164185,0.03
20260412_195033,kuka,kuka_main,274,40.4737907,555,100,400,555,100,418.579926,0.03
20260412_195033,kuka,kuka_main,275,40.6797113,555,100,400.048648810947,555,100,418.58,0.03
20260412_195033,kuka,kuka_main,276,40.9391629,555,100,400.374108059413,555,100,418.58,0.03
20260412_195033,kuka,kuka_main,277,40.9941911,555,100,401.212788821766,555.059326,100.010994,413.791,0.03
20260412_195033,kuka,kuka_main,278,41.202239,555,100,402.759206540587,555.075,100.013901,410.757416,0.03
20260412_195033,kuka,kuka_main,279,41.2532202,555,100,405.168375060886,555.071655,100.013275,407.172302,0.03
20260412_195033,kuka,kuka_main,280,41.3072176,555,100,408.55820066632,555.001282,100.000229,400.448792,0.03
20260412_195033,kuka,kuka_main,281,41.7292042,555,100,413.011876115409,555,100,400.374,0.03
20260412_195033,kuka,kuka_main,282,41.7812407,555,100,418.58027467775,555.000183,100.000031,400.387421,0.03
20260412_195033,kuka,kuka_main,283,41.8351425,555,100,425.284344170238,555.035217,100.006531,405.350037,0.03
20260412_195033,kuka,kuka_main,284,42.0415963,555,100,433.117500993276,555.03479,100.006454,408.189636,0.03
20260412_195033,kuka,kuka_main,285,42.0936028,555,100,442.048024166998,555.020081,100.003723,410.955841,0.03
20260412_195033,kuka,kuka_main,286,42.3532549,555,100,452.021449367481,555.020081,100.003723,410.955841,0.03
20260412_195033,kuka,kuka_main,287,42.568268,555,100,462.962962962963,555.000732,100.000137,413.032654,0.03
20260412_195033,kuka,kuka_main,288,42.6191741,555,100,474.77979605006,555.013733,100.002541,413.394165,0.03
20260412_195033,kuka,kuka_main,289,42.6719463,555,100,487.36361848998,555.250122,100.046196,421.966919,0.03
20260412_195033,kuka,kuka_main,290,42.884839,555,100,500.592932944741,555.326599,100.06031,427.154297,0.03
20260412_195033,kuka,kuka_main,291,43.1573906,555,100,514.33546891339,555.098267,100.018143,449.079041,0.03
20260412_195033,kuka,kuka_main,292,43.2104748,555,100,528.450576768213,555,100,452.021,0.03
20260412_195033,kuka,kuka_main,293,43.4232325,555,100,542.791621790957,555.002319,100.000427,452.053375,0.03
20260412_195033,kuka,kuka_main,294,43.4739857,555,100,557.208378209043,555.034668,100.006355,452.502319,0.03
20260412_195033,kuka,kuka_main,295,43.5278366,555,100,571.549423231787,555.620667,100.113785,461.872864,0.03
20260412_195033,kuka,kuka_main,296,43.944941,555,100,585.66453108661,556.372498,100.251595,490.715759,0.03
20260412_195033,kuka,kuka_main,297,43.9959326,555,100,599.407067055259,556.304932,100.239204,498.599792,0.03
20260412_195033,kuka,kuka_main,298,44.0484431,555,100,612.63638151002,555.418701,100.076752,522.055542,0.03
20260412_195033,kuka,kuka_main,299,44.2514684,555,100,625.22020394994,555.216614,100.039711,525.286682,0.03
20260412_195033,kuka,kuka_main,300,44.3044604,555,100,637.037037037037,555.053528,100.009811,527.693604,0.03
20260412_195033,kuka,kuka_main,301,44.5750088,555,100,647.978550632519,555,100,528.451,0.03
20260412_195033,kuka,kuka_main,302,44.7810943,555,100,657.951975833003,555.006409,100.001167,528.506,0.03
20260412_195033,kuka,kuka_main,303,44.833574,555,100,666.882499006725,555.078125,100.014221,529.125183,0.03
20260412_195033,kuka,kuka_main,304,44.8864283,555,100,674.715655829763,556.264,100.230164,540.578308,0.03
20260412_195033,kuka,kuka_main,305,45.0927217,555,100,681.41972532225,556.752625,100.319145,546.239685,0.03
20260412_195033,kuka,kuka_main,306,45.3498742,555,100,686.988123884591,558.412842,100.621521,587.438904,0.03
20260412_195033,kuka,kuka_main,307,45.4152973,555,100,691.44179933368,557.031433,100.36998,625.987244,0.03
20260412_195033,kuka,kuka_main,308,45.6167546,555,100,694.831624939114,556.488037,100.271027,632.918457,0.03
20260412_195033,kuka,kuka_main,309,45.6674592,555,100,697.240793459413,555.982422,100.178932,638.534058,0.03
20260412_195033,kuka,kuka_main,310,45.7208158,555,100,698.787211178234,555.000671,100.00013,647.972839,0.03
20260412_195033,kuka,kuka_main,311,46.1367633,555,100,699.625891940587,555,100,647.979,0.03
20260412_195033,kuka,kuka_main,312,46.1888777,555,100,699.951351189053,555.00238,100.000435,648.027222,0.03
20260412_195033,kuka,kuka_main,313,46.2420046,555,100,700,555.298584,100.054192,654.902527,0.03
20260412_195033,kuka,kuka_main,314,46.4445875,554.999189186484,99.9837837296843,699.991891864842,555.422729,100.076721,658.704651,0.03
20260412_195033,kuka,kuka_main,315,46.4961165,554.993764865676,99.8752973135289,699.937648656765,555.422729,100.076721,658.704651,0.03
20260412_195033,kuka,kuka_main,316,46.7548611,554.979786852971,99.5957370594113,699.797868529706,555.422729,100.076721,658.704651,0.03
20260412_195033,kuka,kuka_main,317,46.9587653,554.954013224324,99.0802644864711,699.540132243236,555.422729,100.076721,658.704651,0.03
20260412_195033,kuka,kuka_main,318,47.0094144,554.913860415652,98.2772083130381,699.138604156519,555.422729,100.076721,658.704651,0.03
20260412_195033,kuka,kuka_main,319,47.0615029,554.857363322228,97.14726644456,698.57363322228,554.914,98.2770081,699.139,0.03
20260412_195033,kuka,kuka_main,320,47.2716712,554.783135398077,95.6627079615304,697.831353980765,554.914,98.277,699.139,0.03
20260412_195033,kuka,kuka_main,321,47.540715,554.690328755371,93.8065751074166,696.903287553708,554.914,98.277,699.139,0.03
20260412_195033,kuka,kuka_main,322,47.5930932,554.578594263829,91.5718852765875,695.785942638294,554.783,95.663,697.831,0.03
20260412_195033,kuka,kuka_main,323,47.7950263,554.448041650112,88.9608330022415,694.480416501121,554.779724,95.5905838,697.7948,0.03
20260412_195033,kuka,kuka_main,324,47.8597872,554.299199597217,85.9839919443341,692.991995972167,554.742065,94.7752,697.387207,0.03
20260412_195033,kuka,kuka_main,325,47.9124906,554.132975843875,82.6595168775064,691.329758438753,554.579,91.572,695.786,0.03
20260412_195033,kuka,kuka_main,326,48.3200246,553.950617283951,79.0123456790124,689.506172839506,554.215759,84.0671844,692.033569,0.03
20260412_195033,kuka,kuka_main,327,48.3728518,553.753670065832,75.0734013166468,687.536700658323,554.146606,82.8859787,691.443,0.03
20260412_195033,kuka,kuka_main,328,48.4255847,553.543939691834,70.8787938366735,685.439396918337,554.133,82.66,691.33,0.03
20260412_195033,kuka,kuka_main,329,48.6305287,553.323451117588,66.4690223517529,683.234511175876,554.133,82.66,691.33,0.03
20260412_195033,kuka,kuka_main,330,48.6823628,553.094408851444,61.88817702887,680.944088514435,554.128,82.5004044,691.250183,0.03
20260412_195033,kuka,kuka_main,331,48.957923,552.859157053863,57.1831410772624,678.591570538631,553.323,66.469,683.235,0.03
20260412_195033,kuka,kuka_main,332,49.1656182,552.620139636817,52.4027927363478,676.201396368174,553.323,66.469,683.235,0.03
20260412_195033,kuka,kuka_main,333,49.2168386,552.379860363183,47.5972072636522,673.798603631826,553.321777,66.4325867,683.216736,0.03
20260412_195033,kuka,kuka_main,334,49.2705233,552.140842946137,42.8168589227376,671.408429461369,552.892395,56.8540955,678.425903,0.03
20260412_195033,kuka,kuka_main,335,49.4799185,551.905591148556,38.1118229711299,669.055911485565,552.724243,54.0190315,677.008667,0.03
20260412_195033,kuka,kuka_main,336,49.7370409,551.676548882412,33.5309776482471,666.765488824124,552.62,52.403,676.201,0.03
20260412_195033,kuka,kuka_main,337,49.7897561,551.456060308166,29.1212061633266,664.560603081663,552.442505,47.1896248,673.591919,0.03
20260412_195033,kuka,kuka_main,338,49.9946531,551.246329934168,24.9265986833532,662.463299341677,552.259094,43.1025391,671.547913,0.03
20260412_195033,kuka,kuka_main,339,50.046767,551.049382716049,20.9876543209877,660.493827160494,552.019775,38.7302742,669.362488,0.03
20260412_195033,kuka,kuka_main,340,50.1006585,550.867024156125,17.3404831224936,658.670241561247,551.677,33.531,666.765,0.03
20260412_195033,kuka,kuka_main,341,50.5334842,550.700800402783,14.0160080556658,657.008004027833,551.677,33.531,666.765,0.03
20260412_195033,kuka,kuka_main,342,50.5851678,550.551958349888,11.0391669977585,655.519583498879,551.676,33.4950562,666.747,0.03
20260412_195033,kuka,kuka_main,343,50.6372542,550.421405736171,8.42811472341242,654.214057361706,551.3078,23.9299984,661.960938,0.03
20260412_195033,kuka,kuka_main,344,50.8423656,550.309671244629,6.19342489258337,653.096712446292,551.063843,19.4806805,659.737244,0.03
20260412_195033,kuka,kuka_main,345,50.8956073,550.216864601923,4.33729203846963,652.168646019235,551.063843,19.4806805,659.737244,0.03
20260412_195033,kuka,kuka_main,346,51.156533,550.142636677772,2.85273355544007,651.42636677772,551.063843,19.4806805,659.737244,0.03
20260412_195033,kuka,kuka_main,347,51.3770058,550.086139584348,1.72279168696194,650.861395843481,550.692,13.774991,656.887329,0.03
20260412_195033,kuka,kuka_main,348,51.4437736,550.045986775676,0.919735513528863,650.459867756764,550.644,12.5422735,656.270386,0.03
20260412_195033,kuka,kuka_main,349,51.4962734,550.020213147029,0.404262940588666,650.202131470294,550.153,3.01267409,651.505798,0.03
20260412_195033,kuka,kuka_main,350,51.7037763,550.006235134324,0.124702686470982,650.062351343235,550.143,2.85302353,651.426,0.03
20260412_195033,kuka,kuka_main,351,51.976956,550.000810813516,0.0162162703155388,650.008108135158,550.143,2.853,651.426,0.03
20260412_195033,kuka,kuka_main,352,52.0289729,550,0,650,550.002258,0.0403531976,650.020142,0.03
20260412_195155,kuka,kuka_main,1,4.5e-06,550,0,650,550,-1.26268896e-16,650,0.03
20260412_195155,kuka,kuka_main,2,0.2690476,550.019459524379,-0.0162162703156833,650.024324405474,550,-1.26268896e-16,650,0.03
20260412_195155,kuka,kuka_main,3,0.3198745,550.149643223765,-0.124702686471065,650.187054029707,550.006042,-0.00510444026,650.007629,0.03
20260412_195155,kuka,kuka_main,4,0.3888016,550.485115528706,-0.404262940588699,650.606394410883,550.019,-0.016,650.024,0.03
20260412_195155,kuka,kuka_main,5,0.5928831,551.103682616235,-0.919735513528915,651.379603270293,550.028809,-0.0241728313,650.036255,0.03
20260412_195155,kuka,kuka_main,6,0.8505877,552.067350024354,-1.72279168696194,652.584187530443,550.028809,-0.0241728313,650.036255,0.03
20260412_195155,kuka,kuka_main,7,0.9038746,553.423280266528,-2.85273355544004,654.27910033316,550.028809,-0.0241728313,650.036255,0.03
20260412_195155,kuka,kuka_main,8,1.1065041,555.204750446164,-4.33729203846964,656.505938057704,552.067,-1.7229954,652.584,0.03
20260412_195155,kuka,kuka_main,9,1.1586809,557.4321098711,-6.19342489258342,659.290137338875,552.067,-1.723,652.584,0.03
20260412_195155,kuka,kuka_main,10,1.2108983,560.113737668095,-8.42811472341251,662.642172085119,552.067,-1.723,652.584,0.03
20260412_195155,kuka,kuka_main,11,1.6672765,563.24700039731,-11.0391669977585,666.558750496638,557.432,-6.193,659.29,0.03
20260412_195155,kuka,kuka_main,12,1.7186145,566.819209666799,-14.0160080556659,671.024012083499,557.432,-6.193,659.29,0.03
20260412_195155,kuka,kuka_main,13,1.7699222,570.808579746992,-17.3404831224936,676.01072468374,561.808899,-9.81861115,664.738403,0.03
20260412_195155,kuka,kuka_main,14,1.9869693,575.185185185185,-20.9876543209877,681.481481481482,562.865479,-10.7138166,666.074524,0.03
20260412_195155,kuka,kuka_main,15,2.0383221,579.911918420024,-24.9265986833532,687.38989802503,563.233704,-11.0276241,666.542053,0.03
20260412_195155,kuka,kuka_main,16,2.2959715,584.945447395992,-29.1212061633265,693.68180924499,563.247,-11.039,666.559,0.03
20260412_195155,kuka,kuka_main,17,2.4966691,590.237173177897,-33.5309776482471,700.296466472371,563.299072,-11.0787497,666.620361,0.03
20260412_195155,kuka,kuka_main,18,2.5600452,595.734187565356,-38.11182297113,707.167734456695,563.710144,-11.3932943,667.105408,0.03
20260412_195155,kuka,kuka_main,19,2.6128776,601.380230707285,-42.8168589227376,714.225288384106,570.391296,-16.6484356,675.134155,0.03
20260412_195155,kuka,kuka_main,20,2.8183808,607.116648716383,-47.5972072636522,721.395810895478,573.991455,-19.5970707,679.580383,0.03
20260412_195155,kuka,kuka_main,21,3.0917035,612.883351283617,-52.4027927363478,728.604189104522,584.879333,-29.0612717,693.594727,0.03
20260412_195155,kuka,kuka_main,22,3.1434511,618.619769292715,-57.1831410772624,735.774711615894,584.945,-29.121,693.682,0.03
20260412_195155,kuka,kuka_main,23,3.3429596,624.265812434644,-61.8881770288701,742.832265543305,584.945,-29.121,693.682,0.03
20260412_195155,kuka,kuka_main,24,3.3924107,629.762826822103,-66.4690223517529,749.703533527629,585.198669,-29.3069477,693.97345,0.03
20260412_195155,kuka,kuka_main,25,3.4444395,635.054552604008,-70.8787938366734,756.31819075501,590.948425,-33.6141968,700.671936,0.03
20260412_195155,kuka,kuka_main,26,3.8492812,640.088081579976,-75.0734013166468,762.61010197497,608.569,-48.0208397,722.41095,0.03
20260412_195155,kuka,kuka_main,27,3.9012799,644.814814814815,-79.0123456790123,768.518518518518,612.526062,-51.5374756,727.579102,0.03
20260412_195155,kuka,kuka_main,28,3.9537574,649.191420253008,-82.6595168775064,773.98927531626,618.603,-57.1668854,735.75177,0.03
20260412_195155,kuka,kuka_main,29,4.1586396,653.180790333201,-85.9839919443342,778.975987916501,618.62,-57.1829872,735.775,0.03
20260412_195155,kuka,kuka_main,30,4.2109695,656.75299960269,-88.9608330022415,783.441249503362,618.620056,-57.183033,735.775085,0.03
20260412_195155,kuka,kuka_main,31,4.4766874,659.886262331905,-91.5718852765876,787.357827914881,633.452942,-68.4953461,753.282959,0.03
20260412_195155,kuka,kuka_main,32,4.69058,662.5678901289,-93.8065751074166,790.709862661125,637.23114,-71.571022,757.93219,0.03
20260412_195155,kuka,kuka_main,33,4.7419767,664.795249553836,-95.6627079615304,793.494061942296,642.041809,-75.6134644,763.97644,0.03
20260412_195155,kuka,kuka_main,34,4.7943606,666.576719733472,-97.1472664445599,795.72089966684,655.106567,-87.3861389,781.181335,0.03
20260412_195155,kuka,kuka_main,35,5.0076698,667.932649975646,-98.2772083130381,797.415812469557,656.287598,-88.5135803,782.8,0.03
20260412_195155,kuka,kuka_main,36,5.2623269,668.896317383765,-99.0802644864711,798.620396729707,656.753,-88.961,783.441,0.03
20260412_195155,kuka,kuka_main,37,5.315382,669.514884471294,-99.5957370594113,799.393605589117,659.210205,-90.9367523,786.443115,0.03
20260412_195155,kuka,kuka_main,38,5.5145112,669.850356776235,-99.875297313529,799.812945970294,660.973083,-92.3758469,788.617798,0.03
20260412_195155,kuka,kuka_main,39,5.5652191,669.980540475621,-99.9837837296845,799.975675594527,663.390076,-94.3791733,791.62854,0.03
20260412_195155,kuka,kuka_main,40,5.6170267,670,-100,800,668.895,-99.079155,798.618774,0.03
20260412_195155,kuka,kuka_main,41,6.0364326,670,-100,799.951351189053,668.895,-99.079155,798.618774,0.03
20260412_195155,kuka,kuka_main,42,6.0879984,670,-100,799.625891940587,668.930542,-99.108696,798.66156,0.03
20260412_195155,kuka,kuka_main,43,6.1398611,670,-100,798.787211178234,670,-100,799.951,0.03
20260412_195155,kuka,kuka_main,44,6.3369614,670,-100,797.240793459413,670,-100,799.951,0.03
20260412_195155,kuka,kuka_main,45,6.3890813,670,-100,794.831624939114,670.000061,-100.000008,799.923706,0.03
20260412_195155,kuka,kuka_main,46,6.6494556,670,-100,791.44179933368,670.000061,-100.000008,799.923706,0.03
20260412_195155,kuka,kuka_main,47,6.8548064,670,-100,786.988123884591,670.000427,-100.000061,797.161865,0.03
20260412_195155,kuka,kuka_main,48,6.9066512,670,-100,781.41972532225,670.004272,-100.000641,796.269653,0.03
20260412_195155,kuka,kuka_main,49,6.9587967,670,-100,774.715655829762,670.000122,-100.000015,791.463745,0.03
20260412_195155,kuka,kuka_main,50,7.1561424,670,-100,766.882499006724,670,-100,791.442,0.03
20260412_195155,kuka,kuka_main,51,7.4231562,670,-100,757.951975833002,670,-100,791.442,0.03
20260412_195155,kuka,kuka_main,52,7.4886095,670,-100,747.978550632519,670.146118,-100.02179,785.572449,0.03
20260412_195155,kuka,kuka_main,53,7.6849865,670,-100,737.037037037037,670.213135,-100.031776,781.337097,0.03
20260412_195155,kuka,kuka_main,54,7.7384324,670,-100,725.22020394994,670.213135,-100.031776,781.337097,0.03
20260412_195155,kuka,kuka_main,55,7.7902619,670,-100,712.63638151002,670.213135,-100.031776,781.337097,0.03
20260412_195155,kuka,kuka_main,56,8.294766,670,-100,699.407067055259,670,-100,757.952,0.03
20260412_195155,kuka,kuka_main,57,8.3451514,670,-100,685.66453108661,670.001404,-100.000214,757.924438,0.03
20260412_195155,kuka,kuka_main,58,8.3980692,670,-100,671.549423231787,670.001404,-100.000214,757.924438,0.03
20260412_195155,kuka,kuka_main,59,8.593719,670,-100,657.208378209043,670.589172,-100.087761,742.294739,0.03
20260412_195155,kuka,kuka_main,60,8.6442627,670,-100,642.791621790957,670.726685,-100.108246,734.137756,0.03
20260412_195155,kuka,kuka_main,61,8.9154228,670,-100,628.450576768213,670.051147,-100.007614,700.411255,0.03
20260412_195155,kuka,kuka_main,62,9.1189562,670,-100,614.33546891339,670.010925,-100.001633,699.619141,0.03
20260412_195155,kuka,kuka_main,63,9.1700922,670,-100,600.592932944741,670.000061,-100.000008,699.407837,0.03
20260412_195155,kuka,kuka_main,64,9.2229684,670,-100,587.36361848998,670.000061,-100.000008,699.407837,0.03
20260412_195155,kuka,kuka_main,65,9.4213442,670,-100,574.77979605006,670.005676,-100.000839,699.346558,0.03
20260412_195155,kuka,kuka_main,66,9.6792324,670,-100,562.962962962963,671.440613,-100.214149,681.053772,0.03
20260412_195155,kuka,kuka_main,67,9.7333852,670,-100,552.021449367481,672.647522,-100.393539,642.610046,0.03
20260412_195155,kuka,kuka_main,68,9.9433343,670,-100,542.048024166997,672.531677,-100.376312,631.325684,0.03
20260412_195155,kuka,kuka_main,69,10.0071718,670,-100,533.117500993275,672.332,-100.346619,623.723511,0.03
20260412_195155,kuka,kuka_main,70,10.0589381,670,-100,525.284344170237,670.960693,-100.142792,598.526245,0.03
20260412_195155,kuka,kuka_main,71,10.4800841,670,-100,518.58027467775,670.005,-100.00074,587.416,0.03
20260412_195155,kuka,kuka_main,72,10.530845,670,-100,513.011876115409,670,-100,587.363892,0.03
20260412_195155,kuka,kuka_main,73,10.5837437,670,-100,508.55820066632,670,-100,587.363892,0.03
20260412_195155,kuka,kuka_main,74,10.7781177,670,-100,505.168375060886,670,-100,587.363892,0.03
20260412_195155,kuka,kuka_main,75,10.8304612,670,-100,502.759206540587,670,-100,587.363892,0.03
20260412_195155,kuka,kuka_main,76,11.081265,670,-100,501.212788821766,671.223,-100.181274,541.489075,0.03
20260412_195155,kuka,kuka_main,77,11.2824714,670,-100,500.374108059413,671.116089,-100.165428,534.702148,0.03
20260412_195155,kuka,kuka_main,78,11.3346346,670,-100,500.048648810947,670.958923,-100.142128,528.69519,0.03
20260412_195155,kuka,kuka_main,79,11.388136,670,-100,500,670.262878,-100.038963,512.891724,0.03
20260412_195155,kuka,kuka_main,80,11.5885385,670,-100,500.048648810947,670.040283,-100.005974,509.190491,0.03
20260412_195155,kuka,kuka_main,81,11.9516664,670,-100,500.374108059413,670,-100,508.558,0.03
20260412_195155,kuka,kuka_main,82,12.005725,670,-100,501.212788821766,670.013123,-100.001945,504.023712,0.03
20260412_195155,kuka,kuka_main,83,12.208096,670,-100,502.759206540587,670.008789,-100.001297,502.079956,0.03
20260412_195155,kuka,kuka_main,84,12.2590852,670,-100,505.168375060886,670.003479,-100.000511,500.945831,0.03
20260412_195155,kuka,kuka_main,85,12.3114873,670,-100,508.55820066632,670,-100,500.374,0.03
20260412_195155,kuka,kuka_main,86,12.7277654,670,-100,513.011876115409,670.010071,-100.001495,506.488861,0.03
20260412_195155,kuka,kuka_main,87,12.779687,670,-100,518.58027467775,670.003357,-100.000496,508.009308,0.03
20260412_195155,kuka,kuka_main,88,12.8324942,670,-100,525.284344170238,670,-100,508.558,0.03
20260412_195155,kuka,kuka_main,89,13.0588187,670,-100,533.117500993276,670.000183,-100.000031,508.573181,0.03
20260412_195155,kuka,kuka_main,90,13.1129951,670,-100,542.048024166998,670.007,-100.001045,509.098663,0.03
20260412_195155,kuka,kuka_main,91,13.3876417,670,-100,552.021449367481,670,-100,525.28418,0.03
20260412_195155,kuka,kuka_main,92,13.5858535,670,-100,562.962962962963,670,-100,525.284,0.03
20260412_195155,kuka,kuka_main,93,13.6369285,670,-100,574.77979605006,670.000488,-100.000069,525.299866,0.03
20260412_195155,kuka,kuka_main,94,13.6905405,670,-100,587.36361848998,670.165649,-100.024673,531.862854,0.03
20260412_195155,kuka,kuka_main,95,13.9025746,670,-100,600.592932944741,670.22644,-100.03373,535.463501,0.03
20260412_195155,kuka,kuka_main,96,14.1624169,670,-100,614.33546891339,670.099548,-100.014832,559.333618,0.03
20260412_195155,kuka,kuka_main,97,14.2161925,670,-100,628.450576768213,670,-100,562.963,0.03
20260412_195155,kuka,kuka_main,98,14.4586838,670,-100,642.791621790957,670.002,-100.000298,562.999756,0.03
20260412_195155,kuka,kuka_main,99,14.5127599,670,-100,657.208378209043,670.02948,-100.004395,563.508423,0.03
20260412_195155,kuka,kuka_main,100,14.5675566,670,-100,671.549423231787,670.608826,-100.090744,577.323059,0.03
20260412_195155,kuka,kuka_main,101,15.0189042,670,-100,685.66453108661,670.608826,-100.090744,577.323059,0.03
20260412_195155,kuka,kuka_main,102,15.0728039,670,-100,699.407067055259,670.460632,-100.068649,618.336487,0.03
20260412_195155,kuka,kuka_main,103,15.1370655,670,-100,712.63638151002,670.000061,-100.000015,628.449524,0.03
20260412_195155,kuka,kuka_main,104,15.3465038,670,-100,725.22020394994,670,-100,628.451,0.03
20260412_195155,kuka,kuka_main,105,15.3978596,670,-100,737.037037037037,670,-100,628.451,0.03
20260412_195155,kuka,kuka_main,106,15.6597342,670,-100,747.978550632519,670,-100,628.451,0.03
20260412_195155,kuka,kuka_main,107,15.8637949,670,-100,757.951975833003,671.812683,-100.270348,653.537048,0.03
20260412_195155,kuka,kuka_main,108,15.9168888,670,-100,766.882499006725,672.111,-100.314842,660.290833,0.03
20260412_195155,kuka,kuka_main,109,15.9714367,670,-100,774.715655829763,672.370728,-100.353569,696.237854,0.03
20260412_195155,kuka,kuka_main,110,16.1802659,670,-100,781.41972532225,671.970032,-100.293808,708.135254,0.03
20260412_195155,kuka,kuka_main,111,16.4495808,670,-100,786.988123884591,670.153259,-100.02285,735.354675,0.03
20260412_195155,kuka,kuka_main,112,16.5023321,670,-100,791.44179933368,670,-100,737.037,0.03
20260412_195155,kuka,kuka_main,113,16.7026868,670,-100,794.831624939114,670.001587,-100.000237,737.068848,0.03
20260412_195155,kuka,kuka_main,114,16.7545373,670,-100,797.240793459413,670.023071,-100.003441,737.511,0.03
20260412_195155,kuka,kuka_main,115,16.8079663,670,-100,798.787211178234,670.409302,-100.061089,747.356445,0.03
20260412_195155,kuka,kuka_main,116,17.2283288,670,-100,799.625891940587,670.550415,-100.082138,775.440796,0.03
20260412_195155,kuka,kuka_main,117,17.2803869,670,-100,799.951351189053,670.388306,-100.057945,781.736267,0.03
20260412_195155,kuka,kuka_main,118,17.3336835,670,-100,800,670.000793,-100.000114,791.426147,0.03
20260412_195155,kuka,kuka_main,119,17.5368323,670,-99.9918918648422,800,670,-100,791.442,0.03
20260412_195155,kuka,kuka_main,120,17.5998296,670,-99.9376486567645,800,670,-100,791.442,0.03
20260412_195155,kuka,kuka_main,121,17.8652526,670,-99.7978685297057,800,670,-99.938,800,0.03
20260412_195155,kuka,kuka_main,122,18.0708336,670,-99.5401322432355,800,670,-99.938,800,0.03
20260412_195155,kuka,kuka_main,123,18.1220166,670,-99.138604156519,800,670,-99.8676682,800,0.03
20260412_195155,kuka,kuka_main,124,18.1760069,670,-98.57363322228,800,670,-99.54,800,0.03
20260412_195155,kuka,kuka_main,125,18.4182678,670,-97.8313539807652,800,670,-99.5017853,800,0.03
20260412_195155,kuka,kuka_main,126,18.6779614,670,-96.9032875537083,800,670,-98.574,800,0.03
20260412_195155,kuka,kuka_main,127,18.7300779,670,-95.7859426382937,800,670,-96.9030228,800,0.03
20260412_195155,kuka,kuka_main,128,18.9443394,670,-94.4804165011207,800,670,-96.903,800,0.03
20260412_195155,kuka,kuka_main,129,18.9963142,670,-92.9919959721671,800,670.000122,-96.8486633,800,0.03
20260412_195155,kuka,kuka_main,130,19.0490506,670,-91.3297584387532,800,670,-94.48,800,0.03
20260412_195155,kuka,kuka_main,131,19.4750342,670,-89.5061728395062,800,670,-91.3299713,800,0.03
20260412_195155,kuka,kuka_main,132,19.5260181,670,-87.5367006583234,800,670,-91.33,800,0.03
20260412_195155,kuka,kuka_main,133,19.5787613,670,-85.4393969183367,800,670.000244,-87.6324615,800,0.03
20260412_195155,kuka,kuka_main,134,19.7846637,670,-83.2345111758764,800,670,-87.5369415,800,0.03
20260412_195155,kuka,kuka_main,135,19.8365235,670,-80.944088514435,800,670,-87.537,800,0.03
20260412_195155,kuka,kuka_main,136,20.0922977,670,-78.5915705386312,800,670,-87.537,800,0.03
20260412_195155,kuka,kuka_main,137,20.3062241,670,-76.2013963681739,800,670.000488,-87.4624863,800,0.03
20260412_195155,kuka,kuka_main,138,20.357282,670,-73.7986036318261,800,670.004944,-86.7317429,800.000061,0.03
20260412_195155,kuka,kuka_main,139,20.409914,670,-71.4084294613688,800,670.000488,-78.6655197,800,0.03
20260412_195155,kuka,kuka_main,140,20.6142319,670,-69.055911485565,800,670,-78.5920181,800,0.03
20260412_195155,kuka,kuka_main,141,20.88177,670,-66.7654888241236,800,670,-78.5920181,800,0.03
20260412_195155,kuka,kuka_main,142,20.9358016,670,-64.5606030816633,800,670.026184,-72.8514786,800.000366,0.03
20260412_195155,kuka,kuka_main,143,21.1435149,670,-62.4632993416766,800,670.018555,-69.4899673,800.000244,0.03
20260412_195155,kuka,kuka_main,144,21.1953097,670,-60.4938271604939,800,670.005554,-67.4318848,800.000061,0.03
20260412_195155,kuka,kuka_main,145,21.2483866,670,-58.6702415612468,800,670.005554,-67.4318848,800.000061,0.03
20260412_195155,kuka,kuka_main,146,21.6687794,670,-57.0080040278329,800,670.00415,-59.4212799,800.000061,0.03
20260412_195155,kuka,kuka_main,147,21.7206699,670,-55.5195834988792,800,670.000183,-58.703125,800,0.03
20260412_195155,kuka,kuka_main,148,21.7739545,670,-54.2140573617062,800,670,-58.67,800,0.03
20260412_195155,kuka,kuka_main,149,21.9892822,670,-53.0967124462917,800,670.000305,-58.5708389,800,0.03
20260412_195155,kuka,kuka_main,150,22.0410817,670,-52.1686460192348,800,670.003052,-57.3906,800,0.03
20260412_195155,kuka,kuka_main,151,22.3148982,670,-51.42636677772,800,670.003052,-57.3906,800,0.03
20260412_195155,kuka,kuka_main,152,22.571938,670,-50.861395843481,800,670.003052,-57.3906,800,0.03
20260412_195155,kuka,kuka_main,153,22.6246094,670,-50.4598677567644,800,670.001282,-52.3832474,800,0.03
20260412_195155,kuka,kuka_main,154,22.688612,670,-50.2021314702943,800,670,-51.426,800,0.03
20260412_195155,kuka,kuka_main,155,22.8951809,670,-50.0623513432355,800,670,-51.409668,800,0.03
20260412_195155,kuka,kuka_main,156,23.156118,670,-50.0081081351578,800,670,-50.202,800,0.03
20260412_195155,kuka,kuka_main,157,23.2085388,670,-50,800,670,-50.202,800,0.03
20260412_195155,kuka,kuka_main,158,23.4620829,670,-49.9918918648422,800,670,-50.0038376,800,0.03
20260412_195155,kuka,kuka_main,159,23.5132852,670,-49.9376486567645,800,670,-49.9999886,800,0.03
20260412_195155,kuka,kuka_main,160,23.565687,670,-49.7978685297057,800,670,-50,800,0.03
20260412_195155,kuka,kuka_main,161,23.986267,670,-49.5401322432355,800,670,-50,800,0.03
20260412_195155,kuka,kuka_main,162,24.0390614,670,-49.138604156519,800,670,-50,800,0.03
20260412_195155,kuka,kuka_main,163,24.092831,670,-48.57363322228,800,670,-49.54,800,0.03
20260412_195155,kuka,kuka_main,164,24.3027372,670,-47.8313539807652,800,670.000061,-49.4663086,800,0.03
20260412_195155,kuka,kuka_main,165,24.3546252,670,-46.9032875537083,800,670.000183,-48.9141273,800,0.03
20260412_195155,kuka,kuka_main,166,24.6106168,670,-45.7859426382937,800,670,-48.574,800,0.03
20260412_195155,kuka,kuka_main,167,24.8219129,670,-44.4804165011207,800,670,-48.574,800,0.03
20260412_195155,kuka,kuka_main,168,24.8723594,670,-42.9919959721671,800,670.001,-47.9705696,800,0.03
20260412_195155,kuka,kuka_main,169,24.924895,670,-41.3297584387532,800,670,-45.786,800,0.03
20260412_195155,kuka,kuka_main,170,25.127995,670,-39.5061728395062,800,670.000671,-45.5804024,800,0.03
20260412_195155,kuka,kuka_main,171,25.408165,670,-37.5367006583234,800,670,-41.33,800,0.03
20260412_195155,kuka,kuka_main,172,25.4604704,670,-35.4393969183367,800,670.000122,-37.5900917,800,0.03
20260412_195155,kuka,kuka_main,173,25.6729768,670,-33.2345111758764,800,670,-37.5370216,800,0.03
20260412_195155,kuka,kuka_main,174,25.7255256,670,-30.944088514435,800,670,-37.537,800,0.03
20260412_195155,kuka,kuka_main,175,25.778777,670,-28.5915705386312,800,670.004578,-32.0608749,800,0.03
20260412_195155,kuka,kuka_main,176,26.2003421,670,-26.2013963681739,800,670,-30.944,800,0.03
20260412_195155,kuka,kuka_main,177,26.2517019,670,-23.7986036318261,800,670.000122,-30.9063778,800,0.03
20260412_195155,kuka,kuka_main,178,26.3048606,670,-21.4084294613688,800,670.000061,-26.2161579,800,0.03
20260412_195155,kuka,kuka_main,179,26.5106237,670,-19.055911485565,800,670,-26.201,800,0.03
20260412_195155,kuka,kuka_main,180,26.563278,670,-16.7654888241236,800,670,-26.2009983,800,0.03
20260412_195155,kuka,kuka_main,181,26.8264196,670,-14.5606030816633,800,670,-26.2009983,800,0.03
20260412_195155,kuka,kuka_main,182,27.0303433,670,-12.4632993416766,800,670,-26.2009983,800,0.03
20260412_195155,kuka,kuka_main,183,27.0814104,670,-10.4938271604939,800,670.000854,-15.8865767,800,0.03
20260412_195155,kuka,kuka_main,184,27.1338903,670,-8.67024156124678,800,670,-14.561,800,0.03
20260412_195155,kuka,kuka_main,185,27.3412186,670,-7.00800402783292,800,670,-14.561,800,0.03
20260412_195155,kuka,kuka_main,186,27.59295,670,-5.51958349887924,800,670,-14.561,800,0.03
20260412_195155,kuka,kuka_main,187,27.645276,670,-4.21405736170621,800,670,-8.67,800,0.03
20260412_195155,kuka,kuka_main,188,27.8652041,670,-3.09671244629168,800,670,-8.67,800,0.03
20260412_195155,kuka,kuka_main,189,27.9160795,670,-2.16864601923481,800,670,-8.67,800,0.03
20260412_195155,kuka,kuka_main,190,27.9699255,670,-1.42636677772003,800,670,-4.2140007,800,0.03
20260412_195155,kuka,kuka_main,191,28.3967198,670,-0.86139584348097,800,670,-1.42600155,800,0.03
20260412_195155,kuka,kuka_main,192,28.4499344,670,-0.459867756764432,800,670,-1.426,800,0.03
20260412_195155,kuka,kuka_main,193,28.504667,670,-0.202131470294333,800,670,-0.460000336,800,0.03
20260412_195155,kuka,kuka_main,194,28.7241525,670,-0.0623513432354912,800,670,-0.425114244,800,0.03
20260412_195155,kuka,kuka_main,195,28.776759,670,-0.00810813515776942,800,670,-0.226621643,800,0.03
20260412_195155,kuka,kuka_main,196,29.0366822,670,0,800,670,-0.202,800,0.03
20260412_195155,kuka,kuka_main,197,29.2561247,670,0.0162162703156833,800,670,-0.178609267,800,0.03
20260412_195155,kuka,kuka_main,198,29.3066516,670,0.124702686471065,800,670,-0.0297351815,800,0.03
20260412_195155,kuka,kuka_main,199,29.3610695,670,0.404262940588699,800,670,-9.46365599e-13,800,0.03
20260412_195155,kuka,kuka_main,200,29.5662942,670,0.919735513528915,800,670,0.0895374343,800,0.03
20260412_195155,kuka,kuka_main,201,29.8390423,670,1.72279168696194,800,670,0.404,800,0.03
20260412_195155,kuka,kuka_main,202,29.8920133,670,2.85273355544004,800,670,1.72300196,800,0.03
20260412_195155,kuka,kuka_main,203,30.1110451,670,4.33729203846964,800,670,1.723,800,0.03
20260412_195155,kuka,kuka_main,204,30.1630135,670,6.19342489258342,800,670.000122,1.79596877,800,0.03
20260412_195155,kuka,kuka_main,205,30.2291079,670,8.42811472341251,800,670,4.33700132,800,0.03
20260412_195155,kuka,kuka_main,206,30.6356713,670,11.0391669977585,800,670,4.337,800,0.03
20260412_195155,kuka,kuka_main,207,30.6890955,670,14.0160080556659,800,670.000122,4.36213541,800,0.03
20260412_195155,kuka,kuka_main,208,30.7419281,670,17.3404831224936,800,670.001465,10.737071,800,0.03
20260412_195155,kuka,kuka_main,209,30.9489014,670,20.9876543209877,800,670,11.0392504,800,0.03
20260412_195155,kuka,kuka_main,210,31.0031388,670,24.9265986833532,800,670,11.039,800,0.03
20260412_195155,kuka,kuka_main,211,31.2734575,670,29.1212061633265,800,670,11.039,800,0.03
20260412_195155,kuka,kuka_main,212,31.4891115,670,33.5309776482471,800,670.000732,11.0920935,800,0.03
20260412_195155,kuka,kuka_main,213,31.5414998,670,38.11182297113,800,670.010193,11.8276062,800,0.03
20260412_195155,kuka,kuka_main,214,31.5942319,670,42.8168589227376,800,670.042725,25.0250511,800,0.03
20260412_195155,kuka,kuka_main,215,31.7995082,670,47.5972072636522,800,670.015747,27.8654461,800,0.03
20260412_195155,kuka,kuka_main,216,32.0567959,670,52.4027927363478,800,670,29.121,800,0.03
20260412_195155,kuka,kuka_main,217,32.1099487,670,57.1831410772624,800,670.072083,34.5099297,800.000305,0.03
20260412_195155,kuka,kuka_main,218,32.3101844,670,61.8881770288701,800,670.098267,38.7649193,800.000366,0.03
20260412_195155,kuka,kuka_main,219,32.3624981,670,66.4690223517529,800,670.095825,43.456852,800.000366,0.03
20260412_195155,kuka,kuka_main,220,32.4148191,670,70.8787938366734,800,670,52.4031105,800,0.03
20260412_195155,kuka,kuka_main,221,32.8332892,670,75.0734013166468,800,670,52.403,800,0.03
20260412_195155,kuka,kuka_main,222,32.8961712,670,79.0123456790123,800,670.001221,52.4762688,800,0.03
20260412_195155,kuka,kuka_main,223,32.9477803,670,82.6595168775064,800,670.094116,62.0687828,800.001,0.03
20260412_195155,kuka,kuka_main,224,33.1462086,670,85.9839919443342,800,670.085938,67.4356232,800.000854,0.03
20260412_195155,kuka,kuka_main,225,33.1979261,670,88.9608330022415,800,670.055115,71.1453247,800.000549,0.03
20260412_195155,kuka,kuka_main,226,33.4582156,670,91.5718852765876,800,670,75.073,800,0.03
20260412_195155,kuka,kuka_main,227,33.705357,670,93.8065751074166,800,670.001221,75.1711655,800,0.03
20260412_195155,kuka,kuka_main,228,33.757123,670,95.6627079615304,800,670.01178,76.0888214,800.000183,0.03
20260412_195155,kuka,kuka_main,229,33.8099112,670,97.1472664445599,800,670.018311,89.9307938,800.000305,0.03
20260412_195155,kuka,kuka_main,230,34.0329405,670,98.2772083130381,800,670.001404,91.459259,800,0.03
20260412_195155,kuka,kuka_main,231,34.3040927,670,99.0802644864711,800,670,91.572,800,0.03
20260412_195155,kuka,kuka_main,232,34.3583754,670,99.5957370594113,800,670.00885,96.8376541,800.000183,0.03
20260412_195155,kuka,kuka_main,233,34.5600072,670,99.875297313529,800,670.002441,98.6218109,800.000061,0.03
20260412_195155,kuka,kuka_main,234,34.6131789,670,99.9837837296845,800,670.000061,99.0737839,800,0.03
20260412_195155,kuka,kuka_main,235,34.6648605,670,100,800,670,99.08,800,0.03
20260412_195155,kuka,kuka_main,236,35.0782233,670,100,799.951351189053,670,100,800,0.03
20260412_195155,kuka,kuka_main,237,35.1311373,670,100,799.625891940587,670,100,799.988159,0.03
20260412_195155,kuka,kuka_main,238,35.1839402,670,100,798.787211178234,670,100,799.951,0.03
20260412_195155,kuka,kuka_main,239,35.3961989,670,100,797.240793459413,670.000122,100.000015,799.846191,0.03
20260412_195155,kuka,kuka_main,240,35.449046,670,100,794.831624939114,670.000183,100.000031,799.043457,0.03
20260412_195155,kuka,kuka_main,241,35.7199556,670,100,791.44179933368,670,100,798.787,0.03
20260412_195155,kuka,kuka_main,242,35.9261801,670,100,786.988123884591,670.000244,100.000038,798.746521,0.03
20260412_195155,kuka,kuka_main,243,35.9785933,670,100,781.41972532225,670.005066,100.000763,797.930725,0.03
20260412_195155,kuka,kuka_main,244,36.030802,670,100,774.715655829762,670.000793,100.000122,791.56366,0.03
20260412_195155,kuka,kuka_main,245,36.2399787,670,100,766.882499006724,670,100,791.442078,0.03
20260412_195155,kuka,kuka_main,246,36.4982313,670,100,757.951975833002,670,100,791.442,0.03
20260412_195155,kuka,kuka_main,247,36.5526836,670,100,747.978550632519,670.181458,100.027168,783.595,0.03
20260412_195155,kuka,kuka_main,248,36.7747183,670,100,737.037037037037,670.237122,100.035507,778.887451,0.03
20260412_195155,kuka,kuka_main,249,36.8270797,670,100,725.22020394994,670.252258,100.037773,773.698242,0.03
20260412_195155,kuka,kuka_main,250,36.8787383,670,100,712.63638151002,670.051575,100.007721,759.750488,0.03
20260412_195155,kuka,kuka_main,251,37.3052605,670,100,699.407067055259,670,100,757.952,0.03
20260412_195155,kuka,kuka_main,252,37.3558633,670,100,685.66453108661,670.003,100.00045,757.893738,0.03
20260412_195155,kuka,kuka_main,253,37.4081471,670,100,671.549423231787,670.459717,100.069038,746.913391,0.03
20260412_195155,kuka,kuka_main,254,37.6114453,670,100,657.208378209043,670.624,100.093712,740.754639,0.03
20260412_195155,kuka,kuka_main,255,37.6628011,670,100,642.791621790957,670.743774,100.11171,731.932495,0.03
20260412_195155,kuka,kuka_main,256,37.9347612,670,100,628.450576768213,670.000671,100.000099,699.419739,0.03
20260412_195155,kuka,kuka_main,257,38.2112879,670,100,614.33546891339,670,100,699.407,0.03
20260412_195155,kuka,kuka_main,258,38.2633508,670,100,600.592932944741,670,100,699.407,0.03
20260412_195155,kuka,kuka_main,259,38.315028,670,100,587.36361848998,670.499817,100.075455,692.96167,0.03
20260412_195155,kuka,kuka_main,260,38.5222914,670,100,574.77979605006,670.950134,100.143433,686.201172,0.03
20260412_195155,kuka,kuka_main,261,38.799999,670,100,562.962962962963,672.022156,100.305344,642.594055,0.03
20260412_195155,kuka,kuka_main,262,38.8538688,670,100,552.021449367481,671.107849,100.167305,616.201721,0.03
20260412_195155,kuka,kuka_main,263,39.0583755,670,100,542.048024166997,670.821533,100.124069,611.539612,0.03
20260412_195155,kuka,kuka_main,264,39.1092878,670,100,533.117500993275,670.539063,100.081406,607.448242,0.03
20260412_195155,kuka,kuka_main,265,39.1638271,670,100,525.284344170237,670.003906,100.000595,600.639465,0.03
20260412_195155,kuka,kuka_main,266,39.5729471,670,100,518.58027467775,670,100,600.593,0.03
20260412_195155,kuka,kuka_main,267,39.6252317,670,100,513.011876115409,670.001709,100.000259,600.567139,0.03
20260412_195155,kuka,kuka_main,268,39.6788229,670,100,508.55820066632,670.624451,100.095055,589.733887,0.03
20260412_195155,kuka,kuka_main,269,39.895981,670,100,505.168375060886,670.86731,100.132034,584.26947,0.03
20260412_195155,kuka,kuka_main,270,39.9470322,670,100,502.759206540587,671.163147,100.177086,575.254822,0.03
20260412_195155,kuka,kuka_main,271,40.2198798,670,100,501.212788821766,670.392273,100.059746,524.914551,0.03
20260412_195155,kuka,kuka_main,272,40.42311,670,100,500.374108059413,670.206482,100.031456,521.77948,0.03
20260412_195155,kuka,kuka_main,273,40.486312,670,100,500.048648810947,670.08905,100.013565,519.927856,0.03
20260412_195155,kuka,kuka_main,274,40.5391754,670,100,500,670,100,518.58,0.03
20260412_195155,kuka,kuka_main,275,40.7423167,670,100,500.048648810947,670.001038,100.00016,518.508301,0.03
20260412_195155,kuka,kuka_main,276,41.0002029,670,100,500.374108059413,670.058167,100.008911,505.651917,0.03
20260412_195155,kuka,kuka_main,277,41.0549022,670,100,501.212788821766,670.000366,100.000061,500.025665,0.03
20260412_195155,kuka,kuka_main,278,41.2530887,670,100,502.759206540587,670,100,500,0.03
20260412_195155,kuka,kuka_main,279,41.3058618,670,100,505.168375060886,670,100,500,0.03
20260412_195155,kuka,kuka_main,280,41.3591259,670,100,508.55820066632,670.003479,100.000534,504.090881,0.03
20260412_195155,kuka,kuka_main,281,41.7893335,670,100,513.011876115409,670,100,505.168,0.03
20260412_195155,kuka,kuka_main,282,41.8398398,670,100,518.58027467775,670.000122,100.000015,505.182983,0.03
20260412_195155,kuka,kuka_main,283,41.8921716,670,100,525.284344170238,670.010071,100.001541,510.742798,0.03
20260412_195155,kuka,kuka_main,284,42.0963734,670,100,533.117500993276,670.003235,100.000496,512.450623,0.03
20260412_195155,kuka,kuka_main,285,42.1482745,670,100,542.048024166998,670.000122,100.000023,512.991821,0.03
20260412_195155,kuka,kuka_main,286,42.4039315,670,100,552.021449367481,670,100,513.012,0.03
20260412_195155,kuka,kuka_main,287,42.6064831,670,100,562.962962962963,670.001404,100.000214,513.057129,0.03
20260412_195155,kuka,kuka_main,288,42.6589487,670,100,574.77979605006,670.017151,100.002617,513.56543,0.03
20260412_195155,kuka,kuka_main,289,42.7108737,670,100,587.36361848998,670.017151,100.002617,513.56543,0.03
20260412_195155,kuka,kuka_main,290,42.9260071,670,100,600.592932944741,670.017151,100.002617,513.56543,0.03
20260412_195155,kuka,kuka_main,291,43.1955596,670,100,614.33546891339,670.017151,100.002617,513.56543,0.03
20260412_195155,kuka,kuka_main,292,43.2482955,670,100,628.450576768213,670,100,552.021,0.03
20260412_195155,kuka,kuka_main,293,43.4478693,670,100,642.791621790957,670.001099,100.000168,552.038208,0.03
20260412_195155,kuka,kuka_main,294,43.4994054,670,100,657.208378209043,670.029785,100.004517,552.492737,0.03
20260412_195155,kuka,kuka_main,295,43.5517933,670,100,671.549423231787,670.029785,100.004517,552.492737,0.03
20260412_195155,kuka,kuka_main,296,44.025693,670,100,685.66453108661,670.029785,100.004517,552.492737,0.03
20260412_195155,kuka,kuka_main,297,44.0763048,670,100,699.407067055259,670.029785,100.004517,552.492737,0.03
20260412_195155,kuka,kuka_main,298,44.1289018,670,100,712.63638151002,670.048767,100.007401,627.662659,0.03
20260412_195155,kuka,kuka_main,299,44.3374931,670,100,725.22020394994,670.002869,100.000435,628.405457,0.03
20260412_195155,kuka,kuka_main,300,44.3881589,670,100,737.037037037037,670,100,628.451,0.03
20260412_195155,kuka,kuka_main,301,44.6571761,670,100,747.978550632519,670,100,628.451,0.03
20260412_195155,kuka,kuka_main,302,44.8765778,670,100,757.951975833003,670.002441,100.000374,628.474548,0.03
20260412_195155,kuka,kuka_main,303,44.9277819,670,100,766.882499006725,670.039429,100.005943,628.829346,0.03
20260412_195155,kuka,kuka_main,304,44.9795864,670,100,774.715655829763,670.950806,100.143204,638.395691,0.03
20260412_195155,kuka,kuka_main,305,45.1864928,670,100,781.41972532225,671.283569,100.193329,642.402283,0.03
20260412_195155,kuka,kuka_main,306,45.4430466,670,100,786.988123884591,672.983887,100.449348,677.40564,0.03
20260412_195155,kuka,kuka_main,307,45.50735,670,100,791.44179933368,672.336731,100.35183,717.289856,0.03
20260412_195155,kuka,kuka_main,308,45.7114428,670,100,794.831624939114,671.849854,100.278511,725.773193,0.03
20260412_195155,kuka,kuka_main,309,45.7634583,670,100,797.240793459413,671.384949,100.208511,732.398865,0.03
20260412_195155,kuka,kuka_main,310,45.8168838,670,100,798.787211178234,670.016113,100.002426,747.820679,0.03
20260412_195155,kuka,kuka_main,311,46.244451,670,100,799.625891940587,670,100,747.979,0.03
20260412_195155,kuka,kuka_main,312,46.2972115,670,100,799.951351189053,670.000427,100.000069,747.988586,0.03
20260412_195155,kuka,kuka_main,313,46.3488083,670,100,800,670.224426,100.033607,753.333,0.03
20260412_195155,kuka,kuka_main,314,46.5528279,669.980540475621,99.9837837296843,799.975675594526,670.333557,100.04995,756.531921,0.03
20260412_195155,kuka,kuka_main,315,46.6060557,669.850356776235,99.8752973135289,799.812945970293,670.442566,100.066277,760.480286,0.03
20260412_195155,kuka,kuka_main,316,46.8627552,669.514884471294,99.5957370594113,799.393605589117,670.022705,100.003403,799.132629,0.03
20260412_195155,kuka,kuka_main,317,47.0764895,668.896317383765,99.0802644864711,798.620396729707,670.000488,100.000076,799.615479,0.03
20260412_195155,kuka,kuka_main,318,47.1282874,667.932649975646,98.2772083130381,797.415812469557,670,100,799.626,0.03
20260412_195155,kuka,kuka_main,319,47.1821997,666.576719733472,97.14726644456,795.72089966684,670,100,799.626,0.03
20260412_195155,kuka,kuka_main,320,47.3845876,664.795249553836,95.6627079615304,793.494061942296,669.957275,99.9639587,799.576904,0.03
20260412_195155,kuka,kuka_main,321,47.6529277,662.5678901289,93.8065751074166,790.709862661125,666.576904,97.146904,795.720886,0.03
20260412_195155,kuka,kuka_main,322,47.7051497,659.886262331905,91.5718852765875,787.357827914881,666.577,97.147,795.721,0.03
20260412_195155,kuka,kuka_main,323,47.9146649,656.75299960269,88.9608330022415,783.441249503362,666.522949,97.1008,795.652283,0.03
20260412_195155,kuka,kuka_main,324,47.9781281,653.180790333201,85.9839919443341,778.975987916501,666.016663,96.6693649,795.010254,0.03
20260412_195155,kuka,kuka_main,325,48.0308891,649.191420253008,82.6595168775064,773.98927531626,660.131897,91.7720642,787.660706,0.03
20260412_195155,kuka,kuka_main,326,48.4690401,644.814814814815,79.0123456790124,768.518518518518,659.886,91.572,787.358,0.03
20260412_195155,kuka,kuka_main,327,48.5208728,640.088081579976,75.0734013166468,762.61010197497,659.845642,91.536438,787.305664,0.03
20260412_195155,kuka,kuka_main,328,48.5730436,635.054552604008,70.8787938366735,756.31819075501,652.551575,85.2842941,778.019409,0.03
20260412_195155,kuka,kuka_main,329,48.8035054,629.762826822103,66.4690223517529,749.703533527629,650.128967,83.2822876,775.007751,0.03
20260412_195155,kuka,kuka_main,330,48.8540205,624.265812434644,61.88817702887,742.832265543305,647.451416,81.1103058,771.718628,0.03
20260412_195155,kuka,kuka_main,331,49.1292923,618.619769292715,57.1831410772624,735.774711615894,644.815,79.012,768.519,0.03
20260412_195155,kuka,kuka_main,332,49.3507416,612.883351283617,52.4027927363478,728.604189104522,644.774597,78.9748383,768.465,0.03
20260412_195155,kuka,kuka_main,333,49.4015939,607.116648716383,47.5972072636522,721.395810895478,644.774597,78.9748383,768.465,0.03
20260412_195155,kuka,kuka_main,334,49.4536264,601.380230707285,42.8168589227376,714.225288384106,635.177307,70.4753723,755.971375,0.03
20260412_195155,kuka,kuka_main,335,49.660366,595.734187565356,38.1118229711299,707.167734456695,631.740906,67.5824585,751.647583,0.03
20260412_195155,kuka,kuka_main,336,49.9208289,590.237173177897,33.5309776482471,700.296466472371,619.750793,58.0415154,737.106,0.03
20260412_195155,kuka,kuka_main,337,49.9725744,584.945447395992,29.1212061633266,693.68180924499,618.62,57.183,735.775,0.03
20260412_195155,kuka,kuka_main,338,50.1970521,579.911918420024,24.9265986833532,687.38989802503,618.610962,57.1744,735.762634,0.03
20260412_195155,kuka,kuka_main,339,50.2489158,575.185185185185,20.9876543209877,681.481481481482,618.330566,56.908165,735.378906,0.03
20260412_195155,kuka,kuka_main,340,50.3015445,570.808579746992,17.3404831224936,676.01072468374,609.081116,48.4677811,723.073242,0.03
20260412_195155,kuka,kuka_main,341,50.7329195,566.819209666799,14.0160080556658,671.024012083499,591.186035,33.7948494,700.952576,0.03
20260412_195155,kuka,kuka_main,342,50.783903,563.24700039731,11.0391669977585,666.558750496638,589.065857,32.1833763,698.459167,0.03
20260412_195155,kuka,kuka_main,343,50.8355848,560.113737668095,8.42811472341242,662.642172085119,584.956238,29.1292362,693.694946,0.03
20260412_195155,kuka,kuka_main,344,51.040548,557.4321098711,6.19342489258337,659.290137338875,584.945,29.1210041,693.682,0.03
20260412_195155,kuka,kuka_main,345,51.0932023,555.204750446164,4.33729203846963,656.505938057704,584.945,29.121,693.682,0.03
20260412_195155,kuka,kuka_main,346,51.3511146,553.423280266528,2.85273355544007,654.27910033316,568.203918,14.4366884,671.996704,0.03
20260412_195155,kuka,kuka_main,347,51.5552968,552.067350024354,1.72279168696194,652.584187530443,564.664551,11.5836554,667.673523,0.03
20260412_195155,kuka,kuka_main,348,51.6072839,551.103682616235,0.919735513528863,651.379603270293,562.053711,9.52984428,664.53656,0.03
20260412_195155,kuka,kuka_main,349,51.6594606,550.485115528706,0.404262940588666,650.606394410883,562.053711,9.52984428,664.53656,0.03
20260412_195155,kuka,kuka_main,350,51.9471151,550.149643223765,0.124702686470982,650.187054029706,555.205,4.337,656.506,0.03
20260412_195155,kuka,kuka_main,351,52.2219171,550.019459524379,0.0162162703155388,650.024324405473,550.830811,0.68187,651.027161,0.03
20260412_195155,kuka,kuka_main,352,52.2744728,550,0,650,550.15,0.125,650.187,0.03
20260412_195357,kuka,kuka_main,1,6.5e-06,550,0,650,550,-4.67968763e-17,650,0.03
20260412_195357,kuka,kuka_main,2,0.2665785,550.004864881095,-0.0210811514103882,650.024324405474,550,-4.67968763e-17,650,0.03
20260412_195357,kuka,kuka_main,3,0.318291,550.037410805941,-0.162113492412385,650.187054029707,550.001404,-0.00581749,650.006653,0.03
20260412_195357,kuka,kuka_main,4,0.3858873,550.121278882177,-0.525541822765309,650.606394410883,550.005,-0.021,650.024,0.03
20260412_195357,kuka,kuka_main,5,0.5958397,550.275920654059,-1.19565616758759,651.379603270293,550.008118,-0.0344800316,650.039551,0.03
20260412_195357,kuka,kuka_main,6,0.8501248,550.516837506089,-2.23962919305052,652.584187530443,550.121,-0.526,650.606,0.03
20260412_195357,kuka,kuka_main,7,0.9046542,550.855820066632,-3.70855362207206,654.27910033316,550.121,-0.526,650.606,0.03
20260412_195357,kuka,kuka_main,8,1.1221025,551.301187611541,-5.63847965001053,656.505938057704,550.517,-2.24000192,652.584,0.03
20260412_195357,kuka,kuka_main,9,1.174899,551.858027467775,-8.05145236035844,659.290137338875,550.517,-2.24,652.584,0.03
20260412_195357,kuka,kuka_main,10,1.2272918,552.528434417024,-10.9565491404363,662.642172085119,551.302551,-5.55945,656.414124,0.03
20260412_195357,kuka,kuka_main,11,1.6416052,553.311750099328,-14.3509170970861,666.558750496638,551.858,-8.051,659.29,0.03
20260412_195357,kuka,kuka_main,12,1.6938264,554.2048024167,-18.2208104723656,671.024012083499,551.858,-8.051,659.29,0.03
20260412_195357,kuka,kuka_main,13,1.7459254,555.202144936748,-22.5426280592416,676.01072468374,553.073425,-13.259428,665.299133,0.03
20260412_195357,kuka,kuka_main,14,1.959987,556.296296296296,-27.2839506172839,681.481481481482,553.28418,-14.2223892,666.410583,0.03
20260412_195357,kuka,kuka_main,15,2.0123462,557.477979605006,-32.4045782883592,687.38989802503,553.312,-14.3511295,666.559143,0.03
20260412_195357,kuka,kuka_main,16,2.2732207,558.736361848998,-37.8575680123245,693.68180924499,553.312,-14.351,666.559,0.03
20260412_195357,kuka,kuka_main,17,2.4707463,560.059293294474,-43.5902709427213,700.296466472371,553.312,-14.351,666.559,0.03
20260412_195357,kuka,kuka_main,18,2.5332277,561.433546891339,-49.5453698624689,707.167734456695,553.312,-14.351,666.559,0.03
20260412_195357,kuka,kuka_main,19,2.5852901,562.845057676821,-55.6619165995589,714.225288384106,555.538513,-22.7130375,676.201477,0.03
20260412_195357,kuka,kuka_main,20,2.7868771,564.279162179096,-61.8763694427479,721.395810895478,556.54071,-26.9515343,681.090149,0.03
20260412_195357,kuka,kuka_main,21,3.0543098,565.720837820904,-68.1236305572522,728.604189104522,558.736084,-37.8583069,693.682373,0.03
20260412_195357,kuka,kuka_main,22,3.1069031,567.154942323179,-74.3380834004412,735.774711615894,558.736,-37.858,693.682,0.03
20260412_195357,kuka,kuka_main,23,3.3135146,568.566453108661,-80.4546301375311,742.832265543305,558.741882,-37.8765221,693.703369,0.03
20260412_195357,kuka,kuka_main,24,3.3646438,569.940706705526,-86.4097290572787,749.703533527629,558.859619,-38.2500496,694.134705,0.03
20260412_195357,kuka,kuka_main,25,3.4171348,571.263638151002,-92.1424319876755,756.31819075501,560.998,-45.44841,702.441406,0.03
20260412_195357,kuka,kuka_main,26,3.827889,572.522020394994,-97.5954217116408,762.61010197497,565.990845,-67.2205048,727.553284,0.03
20260412_195357,kuka,kuka_main,27,3.8791775,573.703703703704,-102.716049382716,768.518518518518,566.54248,-70.4212341,731.249146,0.03
20260412_195357,kuka,kuka_main,28,3.931312,574.797855063252,-107.457371940758,773.98927531626,567.155,-74.338,735.775,0.03
20260412_195357,kuka,kuka_main,29,4.137508,575.7951975833,-111.779189527634,778.975987916501,567.155,-74.338,735.775,0.03
20260412_195357,kuka,kuka_main,30,4.1905826,576.688249900672,-115.649082902914,783.441249503362,567.180054,-74.417038,735.866516,0.03
20260412_195357,kuka,kuka_main,31,4.4628363,577.471565582976,-119.043450859564,787.357827914881,572.574768,-94.3964157,758.935791,0.03
20260412_195357,kuka,kuka_main,32,4.6606432,578.141972532225,-121.948547639642,790.709862661125,573.671509,-99.5570068,764.885,0.03
20260412_195357,kuka,kuka_main,33,4.7123311,578.698812388459,-124.361520349989,793.494061942296,574.558,-104.209831,770.248413,0.03
20260412_195357,kuka,kuka_main,34,4.7656894,579.144179933368,-126.291446377928,795.72089966684,575.795,-111.779076,778.976074,0.03
20260412_195357,kuka,kuka_main,35,4.9797257,579.483162493911,-127.760370806949,797.415812469557,575.795,-111.779,778.976,0.03
20260412_195357,kuka,kuka_main,36,5.2376369,579.724079345941,-128.804343832412,798.620396729707,576.973938,-116.375916,784.286621,0.03
20260412_195357,kuka,kuka_main,37,5.2918496,579.878721117823,-129.474458177235,799.393605589117,579.274353,-126.702576,796.197449,0.03
20260412_195357,kuka,kuka_main,38,5.4895036,579.962589194059,-129.837886507588,799.812945970294,579.274353,-126.702576,796.197449,0.03
20260412_195357,kuka,kuka_main,39,5.5402044,579.995135118905,-129.97891884859,799.975675594527,579.483,-127.760139,797.416199,0.03
20260412_195357,kuka,kuka_main,40,5.5932281,580,-130,800,579.483,-127.76,797.416,0.03
20260412_195357,kuka,kuka_main,41,6.0102104,580,-130,799.951351189053,579.483,-127.76,797.416,0.03
20260412_195357,kuka,kuka_main,42,6.0604687,580,-130,799.625891940587,579.483,-127.76,797.416,0.03
20260412_195357,kuka,kuka_main,43,6.1111085,580,-130,798.787211178234,579.483,-127.76,797.416,0.03
20260412_195357,kuka,kuka_main,44,6.3081391,580,-130,797.240793459413,579.483,-127.76,797.416,0.03
20260412_195357,kuka,kuka_main,45,6.3594771,580,-130,794.831624939114,579.483,-127.76,797.416,0.03
20260412_195357,kuka,kuka_main,46,6.6188992,580,-130,791.44179933368,580,-130,797.241,0.03
20260412_195357,kuka,kuka_main,47,6.8159821,580,-130,786.988123884591,580.000244,-130.000046,797.200378,0.03
20260412_195357,kuka,kuka_main,48,6.8678419,580,-130,781.41972532225,580.00354,-130.000793,796.488525,0.03
20260412_195357,kuka,kuka_main,49,6.920708,580,-130,774.715655829762,580.000061,-130.000015,791.455322,0.03
20260412_195357,kuka,kuka_main,50,7.1281492,580,-130,766.882499006724,580,-130,791.442,0.03
20260412_195357,kuka,kuka_main,51,7.4004829,580,-130,757.951975833002,580,-130,791.442,0.03
20260412_195357,kuka,kuka_main,52,7.465536,580,-130,747.978550632519,580,-130,791.442,0.03
20260412_195357,kuka,kuka_main,53,7.6951434,580,-130,737.037037037037,580.256165,-130.057343,776.730652,0.03
20260412_195357,kuka,kuka_main,54,7.7486544,580,-130,725.22020394994,580.25238,-130.056488,771.782959,0.03
20260412_195357,kuka,kuka_main,55,7.8014674,580,-130,712.63638151002,580.038147,-130.008545,759.224915,0.03
20260412_195357,kuka,kuka_main,56,8.2245359,580,-130,699.407067055259,580,-130,757.952,0.03
20260412_195357,kuka,kuka_main,57,8.2767602,580,-130,685.66453108661,580.004333,-130.000977,757.87085,0.03
20260412_195357,kuka,kuka_main,58,8.3289642,580,-130,671.549423231787,580.501465,-130.112183,746.341919,0.03
20260412_195357,kuka,kuka_main,59,8.5313901,580,-130,657.208378209043,580.671387,-130.150177,740.005066,0.03
20260412_195357,kuka,kuka_main,60,8.5832526,580,-130,642.791621790957,580.782837,-130.17511,731.64032,0.03
20260412_195357,kuka,kuka_main,61,8.8543199,580,-130,628.450576768213,580.033936,-130.007599,700.037292,0.03
20260412_195357,kuka,kuka_main,62,9.0501026,580,-130,614.33546891339,580.003296,-130.000732,699.467102,0.03
20260412_195357,kuka,kuka_main,63,9.1032364,580,-130,600.592932944741,580,-130,699.406921,0.03
20260412_195357,kuka,kuka_main,64,9.1566524,580,-130,587.36361848998,580,-130,699.407,0.03
20260412_195357,kuka,kuka_main,65,9.3946548,580,-130,574.77979605006,580.011169,-130.002502,699.296509,0.03
20260412_195357,kuka,kuka_main,66,9.6526307,580,-130,562.962962962963,580.011169,-130.002502,699.296509,0.03
20260412_195357,kuka,kuka_main,67,9.7066296,580,-130,552.021449367481,582.872437,-130.641632,642.792236,0.03
20260412_195357,kuka,kuka_main,68,9.9074208,580,-130,542.048024166997,582.746216,-130.613434,631.232422,0.03
20260412_195357,kuka,kuka_main,69,9.9712135,580,-130,533.117500993275,582.501038,-130.558685,622.859375,0.03
20260412_195357,kuka,kuka_main,70,10.0237635,580,-130,525.284344170237,580.973877,-130.217545,597.678833,0.03
20260412_195357,kuka,kuka_main,71,10.447505,580,-130,518.58027467775,580.001343,-130.00029,587.376709,0.03
20260412_195357,kuka,kuka_main,72,10.4997347,580,-130,513.011876115409,580,-130,587.364,0.03
20260412_195357,kuka,kuka_main,73,10.5536724,580,-130,508.55820066632,580,-130,587.364,0.03
20260412_195357,kuka,kuka_main,74,10.7819677,580,-130,505.168375060886,580.005066,-130.001129,587.292053,0.03
20260412_195357,kuka,kuka_main,75,10.8338734,580,-130,502.759206540587,580.061401,-130.013687,586.480896,0.03
20260412_195357,kuka,kuka_main,76,11.0982879,580,-130,501.212788821766,581.333923,-130.297333,539.474548,0.03
20260412_195357,kuka,kuka_main,77,11.3076191,580,-130,500.374108059413,581.19104,-130.265472,532.700256,0.03
20260412_195357,kuka,kuka_main,78,11.3593277,580,-130,500.048648810947,580.997192,-130.222275,526.762,0.03
20260412_195357,kuka,kuka_main,79,11.4129884,580,-130,500,580.997192,-130.222275,526.762,0.03
20260412_195357,kuka,kuka_main,80,11.6151041,580,-130,500.048648810947,580.063232,-130.014084,509.451141,0.03
20260412_195357,kuka,kuka_main,81,11.88496,580,-130,500.374108059413,580.063232,-130.014084,509.451141,0.03
20260412_195357,kuka,kuka_main,82,11.9374826,580,-130,501.212788821766,580.014771,-130.003281,504.062103,0.03
20260412_195357,kuka,kuka_main,83,12.1459335,580,-130,502.759206540587,580.009766,-130.002167,502.062775,0.03
20260412_195357,kuka,kuka_main,84,12.1967367,580,-130,505.168375060886,580.003235,-130.000732,500.848846,0.03
20260412_195357,kuka,kuka_main,85,12.2488954,580,-130,508.55820066632,580,-130,500.374,0.03
20260412_195357,kuka,kuka_main,86,12.6620383,580,-130,513.011876115409,580.010498,-130.00235,506.690582,0.03
20260412_195357,kuka,kuka_main,87,12.7140995,580,-130,518.58027467775,580.002319,-130.000519,508.226044,0.03
20260412_195357,kuka,kuka_main,88,12.7673072,580,-130,525.284344170238,580,-130,508.558,0.03
20260412_195357,kuka,kuka_main,89,12.9694463,580,-130,533.117500993276,580.000244,-130.000061,508.574127,0.03
20260412_195357,kuka,kuka_main,90,13.0214663,580,-130,542.048024166998,580.008301,-130.001862,509.132233,0.03
20260412_195357,kuka,kuka_main,91,13.2966524,580,-130,552.021449367481,580,-130,525.284363,0.03
20260412_195357,kuka,kuka_main,92,13.4938704,580,-130,562.962962962963,580,-130,525.284,0.03
20260412_195357,kuka,kuka_main,93,13.5465509,580,-130,574.77979605006,580,-130,525.284,0.03
20260412_195357,kuka,kuka_main,94,13.5992283,580,-130,587.36361848998,580.199829,-130.044708,532.58252,0.03
20260412_195357,kuka,kuka_main,95,13.815884,580,-130,600.592932944741,580.271667,-130.060776,536.831421,0.03
20260412_195357,kuka,kuka_main,96,14.0752333,580,-130,614.33546891339,580.087646,-130.019608,560.156616,0.03
20260412_195357,kuka,kuka_main,97,14.1282833,580,-130,628.450576768213,580,-130,562.963,0.03
20260412_195357,kuka,kuka_main,98,14.330368,580,-130,642.791621790957,580.001648,-130.000366,562.990356,0.03
20260412_195357,kuka,kuka_main,99,14.3807573,580,-130,657.208378209043,580.030151,-130.006744,563.469238,0.03
20260412_195357,kuka,kuka_main,100,14.4346033,580,-130,671.549423231787,580.702332,-130.157196,578.30542,0.03
20260412_195357,kuka,kuka_main,101,14.8832669,580,-130,685.66453108661,580.700378,-130.156754,612.974548,0.03
20260412_195357,kuka,kuka_main,102,14.9347545,580,-130,699.407067055259,580.44,-130.09848,619.898,0.03
20260412_195357,kuka,kuka_main,103,14.9997478,580,-130,712.63638151002,580.000122,-130.000031,628.448486,0.03
20260412_195357,kuka,kuka_main,104,15.2030426,580,-130,725.22020394994,580,-130,628.451,0.03
20260412_195357,kuka,kuka_main,105,15.2541142,580,-130,737.037037037037,580.000549,-130.000122,628.457275,0.03
20260412_195357,kuka,kuka_main,106,15.5126604,580,-130,747.978550632519,581.659058,-130.37149,653.435,0.03
20260412_195357,kuka,kuka_main,107,15.7164871,580,-130,757.951975833003,581.892151,-130.423691,659.753113,0.03
20260412_195357,kuka,kuka_main,108,15.767872,580,-130,766.882499006725,582.075195,-130.464676,667.415466,0.03
20260412_195357,kuka,kuka_main,109,15.8213843,580,-130,774.715655829763,581.521606,-130.340714,702.827698,0.03
20260412_195357,kuka,kuka_main,110,16.0264685,580,-130,781.41972532225,581.006836,-130.225433,712.007874,0.03
20260412_195357,kuka,kuka_main,111,16.2999893,580,-130,786.988123884591,580,-130,725.220276,0.03
20260412_195357,kuka,kuka_main,112,16.3532945,580,-130,791.44179933368,580,-130,725.22,0.03
20260412_195357,kuka,kuka_main,113,16.5574537,580,-130,794.831624939114,580,-130,725.22,0.03
20260412_195357,kuka,kuka_main,114,16.6070385,580,-130,797.240793459413,580,-130,725.22,0.03
20260412_195357,kuka,kuka_main,115,16.6602052,580,-130,798.787211178234,580.479736,-130.107468,734.225647,0.03
20260412_195357,kuka,kuka_main,116,17.0697392,580,-130,799.625891940587,580.999756,-130.223938,762.345703,0.03
20260412_195357,kuka,kuka_main,117,17.122144,580,-130,799.951351189053,580.899109,-130.201401,769.449,0.03
20260412_195357,kuka,kuka_main,118,17.1738933,580,-130,800,580.115662,-130.025909,789.489319,0.03
20260412_195357,kuka,kuka_main,119,17.3811718,580,-129.989459424295,800,580.009644,-130.002151,791.28363,0.03
20260412_195357,kuka,kuka_main,120,17.4445334,580,-129.918943253794,800,580,-130,791.442139,0.03
20260412_195357,kuka,kuka_main,121,17.7136754,580,-129.737229088617,800,580,-130,791.442,0.03
20260412_195357,kuka,kuka_main,122,17.9556675,580,-129.402171916206,800,580.000244,-129.999084,791.473816,0.03
20260412_195357,kuka,kuka_main,123,18.0085636,580,-128.880185403475,800,580.00354,-129.986252,791.914917,0.03
20260412_195357,kuka,kuka_main,124,18.0613912,580,-128.145723188964,800,580.001892,-129.744949,799.7547,0.03
20260412_195357,kuka,kuka_main,125,18.2888366,580,-127.180760174995,800,580,-129.737,800.000122,0.03
20260412_195357,kuka,kuka_main,126,18.5428508,580,-125.974273819821,800,580,-129.737,800,0.03
20260412_195357,kuka,kuka_main,127,18.5958808,580,-124.521725429782,800,580.000488,-126.126472,800,0.03
20260412_195357,kuka,kuka_main,128,18.7981249,580,-122.824541451457,800,580,-125.973831,800,0.03
20260412_195357,kuka,kuka_main,129,18.8510385,580,-120.889594763817,800,580,-125.973831,800,0.03
20260412_195357,kuka,kuka_main,130,18.9037582,580,-118.728685970379,800,580.00177,-121.331902,800.000061,0.03
20260412_195357,kuka,kuka_main,131,19.3245131,580,-116.358024691358,800,580,-120.89,800,0.03
20260412_195357,kuka,kuka_main,132,19.3764905,580,-113.79771085582,800,580.000305,-120.815201,800,0.03
20260412_195357,kuka,kuka_main,133,19.4281544,580,-111.071215993838,800,580,-116.358,800,0.03
20260412_195357,kuka,kuka_main,134,19.6809003,580,-108.204864528639,800,580,-116.358,800,0.03
20260412_195357,kuka,kuka_main,135,19.7336568,580,-105.227315068766,800,580.000183,-116.332298,800,0.03
20260412_195357,kuka,kuka_main,136,19.9926857,580,-102.169041700221,800,580,-108.205,800,0.03
20260412_195357,kuka,kuka_main,137,20.2099533,580,-99.0618152786261,800,580.000488,-108.105583,800,0.03
20260412_195357,kuka,kuka_main,138,20.2613474,580,-95.9381847213739,800,580.004883,-107.052582,800.000183,0.03
20260412_195357,kuka,kuka_main,139,20.3143134,580,-92.8309582997794,800,580,-102.169014,800,0.03
20260412_195357,kuka,kuka_main,140,20.5225343,580,-89.7726849312345,800,580,-102.168976,800,0.03
20260412_195357,kuka,kuka_main,141,20.7936043,580,-86.7951354713606,800,580.019775,-92.0354919,800.000549,0.03
20260412_195357,kuka,kuka_main,142,20.8459542,580,-83.9287840061623,800,580,-89.773,800,0.03
20260412_195357,kuka,kuka_main,143,21.0527095,580,-81.2022891441796,800,580.000122,-89.7475281,800,0.03
20260412_195357,kuka,kuka_main,144,21.1048853,580,-78.641975308642,800,580.00238,-89.252243,800.000061,0.03
20260412_195357,kuka,kuka_main,145,21.1572996,580,-76.2713140296208,800,580,-83.9288712,800,0.03
20260412_195357,kuka,kuka_main,146,21.5635697,580,-74.1104052361828,800,580,-83.9288712,800,0.03
20260412_195357,kuka,kuka_main,147,21.615472,580,-72.175458548543,800,580,-83.9288712,800,0.03
20260412_195357,kuka,kuka_main,148,21.666919,580,-70.4782745702181,800,580,-83.9288712,800,0.03
20260412_195357,kuka,kuka_main,149,21.8712452,580,-69.0257261801792,800,580,-83.9288712,800,0.03
20260412_195357,kuka,kuka_main,150,21.9240506,580,-67.8192398250053,800,580,-83.9288712,800,0.03
20260412_195357,kuka,kuka_main,151,22.1945909,580,-66.854276811036,800,580,-74.11,800,0.03
20260412_195357,kuka,kuka_main,152,22.3951432,580,-66.1198145965253,800,580.000244,-74.0723572,800,0.03
20260412_195357,kuka,kuka_main,153,22.4456891,580,-65.5978280837938,800,580.006042,-72.9699631,800.000061,0.03
20260412_195357,kuka,kuka_main,154,22.509948,580,-65.2627709113826,800,580.006042,-72.9699631,800.000061,0.03
20260412_195357,kuka,kuka_main,155,22.7207071,580,-65.0810567462061,800,580,-66.854,800,0.03
20260412_195357,kuka,kuka_main,156,22.9769771,580,-65.0105405757051,800,580,-66.854,800,0.03
20260412_195357,kuka,kuka_main,157,23.0287713,580,-65,800,580,-65.011,800,0.03
20260412_195357,kuka,kuka_main,158,23.2388455,580,-64.9894594242948,800,580,-65.0075607,800,0.03
20260412_195357,kuka,kuka_main,159,23.2898308,580,-64.9189432537938,800,580,-65.0001,800,0.03
20260412_195357,kuka,kuka_main,160,23.3434637,580,-64.7372290886173,800,580,-65.0001,800,0.03
20260412_195357,kuka,kuka_main,161,23.7614601,580,-64.4021719162062,800,580,-65.0001,800,0.03
20260412_195357,kuka,kuka_main,162,23.8138138,580,-63.8801854034747,800,580,-65.0001,800,0.03
20260412_195357,kuka,kuka_main,163,23.8666161,580,-63.145723188964,800,580,-64.402,800,0.03
20260412_195357,kuka,kuka_main,164,24.0757737,580,-62.1807601749947,800,580,-64.3768,800,0.03
20260412_195357,kuka,kuka_main,165,24.1296051,580,-60.9742738198208,800,580.000305,-63.9148941,800,0.03
20260412_195357,kuka,kuka_main,166,24.3895483,580,-59.5217254297819,800,580.000305,-63.9148941,800,0.03
20260412_195357,kuka,kuka_main,167,24.5976344,580,-57.8245414514569,800,580.000122,-63.1086159,800,0.03
20260412_195357,kuka,kuka_main,168,24.6485719,580,-55.8895947638172,800,580.001587,-62.5469856,800,0.03
20260412_195357,kuka,kuka_main,169,24.7036452,580,-53.7286859703792,800,580.001587,-62.5469856,800,0.03
20260412_195357,kuka,kuka_main,170,24.9460428,580,-51.358024691358,800,580.000793,-59.3595,800,0.03
20260412_195357,kuka,kuka_main,171,25.225087,580,-48.7977108558204,800,580,-53.7290039,800,0.03
20260412_195357,kuka,kuka_main,172,25.2774526,580,-46.0712159938377,800,580,-53.7290039,800,0.03
20260412_195357,kuka,kuka_main,173,25.4947116,580,-43.2048645286394,800,580,-53.7290039,800,0.03
20260412_195357,kuka,kuka_main,174,25.5449305,580,-40.2273150687655,800,580.0047,-52.9407768,800.000061,0.03
20260412_195357,kuka,kuka_main,175,25.5977448,580,-37.1690417002206,800,580,-46.0716286,800,0.03
20260412_195357,kuka,kuka_main,176,26.0126661,580,-34.0618152786261,800,580,-46.071,800,0.03
20260412_195357,kuka,kuka_main,177,26.0641645,580,-30.9381847213739,800,580,-46.071,800,0.03
20260412_195357,kuka,kuka_main,178,26.116838,580,-27.8309582997794,800,580.024231,-37.2420273,800.000122,0.03
20260412_195357,kuka,kuka_main,179,26.3196743,580,-24.7726849312345,800,580.024231,-37.2420273,800.000122,0.03
20260412_195357,kuka,kuka_main,180,26.3702341,580,-21.7951354713606,800,580.000183,-34.0769386,800,0.03
20260412_195357,kuka,kuka_main,181,26.6397056,580,-18.9287840061623,800,580,-34.0619812,800,0.03
20260412_195357,kuka,kuka_main,182,26.8356624,580,-16.2022891441796,800,580.001648,-33.9353409,800,0.03
20260412_195357,kuka,kuka_main,183,26.8879207,580,-13.641975308642,800,580.001648,-33.9353409,800,0.03
20260412_195357,kuka,kuka_main,184,26.9398904,580,-11.2713140296208,800,580.02124,-20.7827435,800.000061,0.03
20260412_195357,kuka,kuka_main,185,27.1399694,580,-9.11040523618281,800,580.003967,-19.2376366,800,0.03
20260412_195357,kuka,kuka_main,186,27.39748,580,-7.17545854854302,800,580,-18.929,800,0.03
20260412_195357,kuka,kuka_main,187,27.451942,580,-5.47827457021808,800,580.019165,-9.53954506,800,0.03
20260412_195357,kuka,kuka_main,188,27.7150219,580,-4.02572618017919,800,580.00415,-7.60307789,800,0.03
20260412_195357,kuka,kuka_main,189,27.7678951,580,-2.81923982500525,800,580.000061,-7.17991209,800,0.03
20260412_195357,kuka,kuka_main,190,27.8205817,580,-1.85427681103604,800,580,-7.17461824,800,0.03
20260412_195357,kuka,kuka_main,191,28.2513303,580,-1.11981459652527,800,580,-1.85365808,800,0.03
20260412_195357,kuka,kuka_main,192,28.3044241,580,-0.597828083793758,800,580,-1.85399783,800,0.03
20260412_195357,kuka,kuka_main,193,28.3578221,580,-0.262770911382631,800,580,-1.854,800,0.03
20260412_195357,kuka,kuka_main,194,28.5769545,580,-0.08105674620613,800,580.000061,-1.8011694,800,0.03
20260412_195357,kuka,kuka_main,195,28.6286901,580,-0.0105405757051074,800,580.000061,-1.8011694,800,0.03
20260412_195357,kuka,kuka_main,196,28.8857463,580,0,800,580,-0.263,800,0.03
20260412_195357,kuka,kuka_main,197,29.1048634,580,0.0210811514103882,800,580,-0.247309163,800,0.03
20260412_195357,kuka,kuka_main,198,29.155375,580,0.162113492412385,800,580,-0.0509839766,800,0.03
20260412_195357,kuka,kuka_main,199,29.2088796,580,0.525541822765309,800,580,-1.71165355e-13,800,0.03
20260412_195357,kuka,kuka_main,200,29.4354323,580,1.19565616758759,800,580.000061,0.0931644887,800,0.03
20260412_195357,kuka,kuka_main,201,29.710186,580,2.23962919305052,800,580.000061,0.0931644887,800,0.03
20260412_195357,kuka,kuka_main,202,29.7630117,580,3.70855362207206,800,580,2.24000025,800,0.03
20260412_195357,kuka,kuka_main,203,30.0139833,580,5.63847965001053,800,580.000061,2.27693582,800,0.03
20260412_195357,kuka,kuka_main,204,30.0662468,580,8.05145236035844,800,580.000427,3.18642616,800,0.03
20260412_195357,kuka,kuka_main,205,30.132746,580,10.9565491404363,800,580.000427,3.18642616,800,0.03
20260412_195357,kuka,kuka_main,206,30.555437,580,14.3509170970861,800,580.00061,10.8544407,800,0.03
20260412_195357,kuka,kuka_main,207,30.6071781,580,18.2208104723656,800,580,10.9571409,800,0.03
20260412_195357,kuka,kuka_main,208,30.6610752,580,22.5426280592416,800,580,10.957,800,0.03
20260412_195357,kuka,kuka_main,209,30.8720536,580,27.2839506172839,800,580.000244,10.9818764,800,0.03
20260412_195357,kuka,kuka_main,210,30.9230919,580,32.4045782883592,800,580.007263,11.7371588,800,0.03
20260412_195357,kuka,kuka_main,211,31.1918102,580,37.8575680123245,800,580,22.543,800,0.03
20260412_195357,kuka,kuka_main,212,31.3933704,580,43.5902709427213,800,580.000488,22.5799618,800,0.03
20260412_195357,kuka,kuka_main,213,31.4456877,580,49.5453698624689,800,580.009766,23.3239727,800,0.03
20260412_195357,kuka,kuka_main,214,31.4987905,580,55.6619165995589,800,580.026367,35.4956703,800.000061,0.03
20260412_195357,kuka,kuka_main,215,31.7035906,580,61.8763694427479,800,580.006531,37.3476181,800,0.03
20260412_195357,kuka,kuka_main,216,31.9610193,580,68.1236305572522,800,580,37.858,800,0.03
20260412_195357,kuka,kuka_main,217,32.0142876,580,74.3380834004412,800,580.128845,44.0646744,800.001099,0.03
20260412_195357,kuka,kuka_main,218,32.2219594,580,80.4546301375311,800,580.183533,48.9602966,800.001526,0.03
20260412_195357,kuka,kuka_main,219,32.2740827,580,86.4097290572787,800,580.196228,54.2058372,800.001648,0.03
20260412_195357,kuka,kuka_main,220,32.3264745,580,92.1424319876755,800,580.196228,54.2058372,800.001648,0.03
20260412_195357,kuka,kuka_main,221,32.7755993,580,97.5954217116408,800,580,68.1241074,800,0.03
20260412_195357,kuka,kuka_main,222,32.839324,580,102.716049382716,800,580.004089,68.2864075,800.000061,0.03
20260412_195357,kuka,kuka_main,223,32.8916164,580,107.457371940758,800,580.181,80.1229706,800.003723,0.03
20260412_195357,kuka,kuka_main,224,33.1018117,580,111.779189527634,800,580.176941,86.3476334,800.003601,0.03
20260412_195357,kuka,kuka_main,225,33.1543992,580,115.649082902914,800,580.129333,91.0604172,800.002625,0.03
20260412_195357,kuka,kuka_main,226,33.417962,580,119.043450859564,800,580,97.595,800,0.03
20260412_195357,kuka,kuka_main,227,33.6284173,580,121.948547639642,800,580,97.595,800,0.03
20260412_195357,kuka,kuka_main,228,33.6794608,580,124.361520349989,800,580.014221,98.3905182,800.000488,0.03
20260412_195357,kuka,kuka_main,229,33.7306761,580,126.291446377928,800,580.088684,111.833542,800.003052,0.03
20260412_195357,kuka,kuka_main,230,33.9296758,580,127.760370806949,800,580.039917,116.614716,800.001404,0.03
20260412_195357,kuka,kuka_main,231,34.1997219,580,128.804343832412,800,580,119.043,800,0.03
20260412_195357,kuka,kuka_main,232,34.2516825,580,129.474458177235,800,580.020386,124.411728,800.000916,0.03
20260412_195357,kuka,kuka_main,233,34.45471,580,129.837886507588,800,580.011169,127.220764,800.000488,0.03
20260412_195357,kuka,kuka_main,234,34.5056459,580,129.97891884859,800,580.00177,128.590469,800.000061,0.03
20260412_195357,kuka,kuka_main,235,34.5576599,580,130,800,580,128.804,800,0.03
20260412_195357,kuka,kuka_main,236,34.9723257,580,130,799.951351189053,580,130,800,0.03
20260412_195357,kuka,kuka_main,237,35.0259587,580,130,799.625891940587,580,130,799.978149,0.03
20260412_195357,kuka,kuka_main,238,35.0792697,580,130,798.787211178234,580,130,799.951,0.03
20260412_195357,kuka,kuka_main,239,35.3043345,580,130,797.240793459413,580.000122,130.000031,799.845764,0.03
20260412_195357,kuka,kuka_main,240,35.3557159,580,130,794.831624939114,580.000244,130.000061,799.086853,0.03
20260412_195357,kuka,kuka_main,241,35.6256109,580,130,791.44179933368,580,130,798.787,0.03
20260412_195357,kuka,kuka_main,242,35.8408514,580,130,786.988123884591,580.000183,130.000046,798.759583,0.03
20260412_195357,kuka,kuka_main,243,35.8924136,580,130,781.41972532225,580.004,130.000916,798.134521,0.03
20260412_195357,kuka,kuka_main,244,35.9455141,580,130,774.715655829762,580.001404,130.00032,791.655334,0.03
20260412_195357,kuka,kuka_main,245,36.1500107,580,130,766.882499006724,580,130,791.443,0.03
20260412_195357,kuka,kuka_main,246,36.4096601,580,130,757.951975833002,580,130,791.442,0.03
20260412_195357,kuka,kuka_main,247,36.4629934,580,130,747.978550632519,580.157104,130.035324,785.218201,0.03
20260412_195357,kuka,kuka_main,248,36.6645899,580,130,737.037037037037,580.224548,130.050491,780.863831,0.03
20260412_195357,kuka,kuka_main,249,36.7150703,580,130,725.22020394994,580.259827,130.058441,775.12854,0.03
20260412_195357,kuka,kuka_main,250,36.7687972,580,130,712.63638151002,580.047668,130.010727,759.560547,0.03
20260412_195357,kuka,kuka_main,251,37.2167439,580,130,699.407067055259,580,130,757.952,0.03
20260412_195357,kuka,kuka_main,252,37.2675223,580,130,685.66453108661,580.004333,130.000977,757.87085,0.03
20260412_195357,kuka,kuka_main,253,37.3208759,580,130,671.549423231787,580.529419,130.119247,745.457153,0.03
20260412_195357,kuka,kuka_main,254,37.5298097,580,130,657.208378209043,580.682129,130.153656,739.465881,0.03
20260412_195357,kuka,kuka_main,255,37.58174,580,130,642.791621790957,580.787537,130.177399,730.558228,0.03
20260412_195357,kuka,kuka_main,256,37.8536952,580,130,628.450576768213,580.023315,130.005264,699.838806,0.03
20260412_195357,kuka,kuka_main,257,38.0569792,580,130,614.33546891339,580.001221,130.000275,699.429626,0.03
20260412_195357,kuka,kuka_main,258,38.1098314,580,130,600.592932944741,580,130,699.407,0.03
20260412_195357,kuka,kuka_main,259,38.1616051,580,130,587.36361848998,580,130,699.407,0.03
20260412_195357,kuka,kuka_main,260,38.3817936,580,130,574.77979605006,580.018616,130.004211,699.222717,0.03
20260412_195357,kuka,kuka_main,261,38.6511434,580,130,562.962962962963,581.641907,130.371078,679.832581,0.03
20260412_195357,kuka,kuka_main,262,38.7033052,580,130,552.021449367481,582.865,130.647537,640.505615,0.03
20260412_195357,kuka,kuka_main,263,38.91207,580,130,542.048024166997,582.744202,130.620239,631.222656,0.03
20260412_195357,kuka,kuka_main,264,38.9645056,580,130,533.117500993275,582.499207,130.564865,622.852478,0.03
20260412_195357,kuka,kuka_main,265,39.017392,580,130,525.284344170237,581.056702,130.238831,598.67749,0.03
20260412_195357,kuka,kuka_main,266,39.4247138,580,130,518.58027467775,580.00592,130.001328,587.420532,0.03
20260412_195357,kuka,kuka_main,267,39.4771522,580,130,513.011876115409,580,130,587.363953,0.03
20260412_195357,kuka,kuka_main,268,39.5288329,580,130,508.55820066632,580,130,587.364,0.03
20260412_195357,kuka,kuka_main,269,39.7349329,580,130,505.168375060886,580.002563,130.000595,587.327209,0.03
20260412_195357,kuka,kuka_main,270,39.7868258,580,130,502.759206540587,580.077332,130.017578,586.247375,0.03
20260412_195357,kuka,kuka_main,271,40.0612324,580,130,501.212788821766,581.251587,130.284561,535.172302,0.03
20260412_195357,kuka,kuka_main,272,40.2965172,580,130,500.374108059413,581.027039,130.233521,527.589355,0.03
20260412_195357,kuka,kuka_main,273,40.3597948,580,130,500.048648810947,581.027039,130.233521,527.589355,0.03
20260412_195357,kuka,kuka_main,274,40.4115891,580,130,500,580.10675,130.024277,510.080292,0.03
20260412_195357,kuka,kuka_main,275,40.6126681,580,130,500.048648810947,580.10675,130.024277,510.080292,0.03
20260412_195357,kuka,kuka_main,276,40.9304034,580,130,500.374108059413,580.10675,130.024277,510.080292,0.03
20260412_195357,kuka,kuka_main,277,40.9832807,580,130,501.212788821766,580.10675,130.024277,510.080292,0.03
20260412_195357,kuka,kuka_main,278,41.192112,580,130,502.759206540587,580.10675,130.024277,510.080292,0.03
20260412_195357,kuka,kuka_main,279,41.2422302,580,130,505.168375060886,580.10675,130.024277,510.080292,0.03
20260412_195357,kuka,kuka_main,280,41.2944032,580,130,508.55820066632,580.10675,130.024277,510.080292,0.03
20260412_195357,kuka,kuka_main,281,41.7755663,580,130,513.011876115409,580.10675,130.024277,510.080292,0.03
20260412_195357,kuka,kuka_main,282,41.8274843,580,130,518.58027467775,580.10675,130.024277,510.080292,0.03
20260412_195357,kuka,kuka_main,283,41.880318,580,130,525.284344170238,580,130,508.558,0.03
20260412_195357,kuka,kuka_main,284,42.089591,580,130,533.117500993276,580.000671,130.000153,508.604828,0.03
20260412_195357,kuka,kuka_main,285,42.140934,580,130,542.048024166998,580.007324,130.001678,509.064148,0.03
20260412_195357,kuka,kuka_main,286,42.4000963,580,130,552.021449367481,580,130,525.284363,0.03
20260412_195357,kuka,kuka_main,287,42.6035509,580,130,562.962962962963,580,130,525.284,0.03
20260412_195357,kuka,kuka_main,288,42.6553222,580,130,574.77979605006,580,130,525.284,0.03
20260412_195357,kuka,kuka_main,289,42.7071347,580,130,587.36361848998,580.194153,130.044159,532.320313,0.03
20260412_195357,kuka,kuka_main,290,42.9220583,580,130,600.592932944741,580.271545,130.061737,536.838,0.03
20260412_195357,kuka,kuka_main,291,43.1927097,580,130,614.33546891339,580.081665,130.01857,560.362183,0.03
20260412_195357,kuka,kuka_main,292,43.245482,580,130,628.450576768213,580,130,562.963,0.03
20260412_195357,kuka,kuka_main,293,43.4506613,580,130,642.791621790957,580.001099,130.000244,562.981445,0.03
20260412_195357,kuka,kuka_main,294,43.50171,580,130,657.208378209043,580.026184,130.00592,563.401794,0.03
20260412_195357,kuka,kuka_main,295,43.5541299,580,130,671.549423231787,580.554382,130.12561,574.137756,0.03
20260412_195357,kuka,kuka_main,296,43.9645239,580,130,685.66453108661,580.854736,130.193649,607.029968,0.03
20260412_195357,kuka,kuka_main,297,44.0161283,580,130,699.407067055259,580.668152,130.151367,613.958679,0.03
20260412_195357,kuka,kuka_main,298,44.0691078,580,130,712.63638151002,580.023865,130.005402,628.044434,0.03
20260412_195357,kuka,kuka_main,299,44.2738646,580,130,725.22020394994,580.000122,130.000031,628.448547,0.03
20260412_195357,kuka,kuka_main,300,44.3265329,580,130,737.037037037037,580,130,628.451,0.03
20260412_195357,kuka,kuka_main,301,44.5950693,580,130,747.978550632519,580,130,628.451,0.03
20260412_195357,kuka,kuka_main,302,44.8033689,580,130,757.951975833003,580.001831,130.000412,628.467285,0.03
20260412_195357,kuka,kuka_main,303,44.8568103,580,130,766.882499006725,580.001831,130.000412,628.467285,0.03
20260412_195357,kuka,kuka_main,304,44.9099835,580,130,774.715655829763,580.985535,130.222336,638.053406,0.03
20260412_195357,kuka,kuka_main,305,45.1133944,580,130,781.41972532225,581.374878,130.310165,642.422668,0.03
20260412_195357,kuka,kuka_main,306,45.3739949,580,130,786.988123884591,583.21228,130.724686,678.868408,0.03
20260412_195357,kuka,kuka_main,307,45.4398266,580,130,791.44179933368,582.343872,130.528763,719.92395,0.03
20260412_195357,kuka,kuka_main,308,45.6486698,580,130,794.831624939114,581.808838,130.408081,728.068298,0.03
20260412_195357,kuka,kuka_main,309,45.7003041,580,130,797.240793459413,581.314,130.296432,734.360229,0.03
20260412_195357,kuka,kuka_main,310,45.7514445,580,130,798.787211178234,580.006287,130.001419,747.921326,0.03
20260412_195357,kuka,kuka_main,311,46.1785986,580,130,799.625891940587,580,130,747.979,0.03
20260412_195357,kuka,kuka_main,312,46.2314494,580,130,799.951351189053,580.000732,130.000168,747.994202,0.03
20260412_195357,kuka,kuka_main,313,46.2852665,580,130,800,580.266846,130.06,754.302795,0.03
20260412_195357,kuka,kuka_main,314,46.498346,579.995135118905,129.97891884859,799.975675594526,580.372375,130.08374,757.47522,0.03
20260412_195357,kuka,kuka_main,315,46.5488053,579.962589194059,129.837886507588,799.812945970293,580.482361,130.108475,761.64093,0.03
20260412_195357,kuka,kuka_main,316,46.8098118,579.878721117823,129.474458177235,799.393605589117,580.482361,130.108475,761.64093,0.03
20260412_195357,kuka,kuka_main,317,47.0588813,579.724079345941,128.804343832412,798.620396729707,580,130,799.626,0.03
20260412_195357,kuka,kuka_main,318,47.1112178,579.483162493911,127.760370806949,797.415812469557,580,130,799.626,0.03
20260412_195357,kuka,kuka_main,319,47.1624284,579.144179933368,126.291446377928,795.72089966684,579.494385,127.808533,797.463928,0.03
20260412_195357,kuka,kuka_main,320,47.3718285,578.698812388459,124.361520349989,793.494061942296,579.483,127.76,797.416,0.03
20260412_195357,kuka,kuka_main,321,47.6435801,578.141972532225,121.948547639642,790.709862661125,579.483,127.76,797.416,0.03
20260412_195357,kuka,kuka_main,322,47.6955008,577.471565582976,119.043450859564,787.357827914881,578.435486,123.166023,792.115234,0.03
20260412_195357,kuka,kuka_main,323,47.935731,576.688249900672,115.649082902914,783.441249503362,578.189941,122.145721,790.937195,0.03
20260412_195357,kuka,kuka_main,324,47.9989245,575.7951975833,111.779189527634,778.975987916501,578.143372,121.95446,790.716309,0.03
20260412_195357,kuka,kuka_main,325,48.0507916,574.797855063252,107.457371940758,773.98927531626,578.142,121.949,790.71,0.03
20260412_195357,kuka,kuka_main,326,48.5252957,573.703703703704,102.716049382716,768.518518518518,576.413757,113.95108,781.487488,0.03
20260412_195357,kuka,kuka_main,327,48.5772852,572.522020394994,97.5954217116408,762.61010197497,575.809631,111.431435,778.579407,0.03
20260412_195357,kuka,kuka_main,328,48.6298631,571.263638151002,92.1424319876755,756.31819075501,574.798,107.457,773.989,0.03
20260412_195357,kuka,kuka_main,329,48.8363981,569.940706705526,86.4097290572788,749.703533527629,574.798,107.457,773.989,0.03
20260412_195357,kuka,kuka_main,330,48.8885481,568.566453108661,80.4546301375311,742.832265543305,574.798,107.457,773.989,0.03
20260412_195357,kuka,kuka_main,331,49.1601444,567.154942323179,74.3380834004411,735.774711615894,570.483032,87.3858719,750.838745,0.03
20260412_195357,kuka,kuka_main,332,49.3633704,565.720837820904,68.1236305572521,728.604189104522,569.787842,84.7777176,747.827,0.03
20260412_195357,kuka,kuka_main,333,49.4149406,564.279162179096,61.8763694427478,721.395810895478,569.273071,82.9187164,745.679443,0.03
20260412_195357,kuka,kuka_main,334,49.467175,562.845057676821,55.6619165995588,714.225288384106,568.566,80.455,742.832,0.03
20260412_195357,kuka,kuka_main,335,49.6711876,561.433546891339,49.5453698624689,707.167734456695,568.566,80.455,742.832,0.03
20260412_195357,kuka,kuka_main,336,49.9275138,560.059293294474,43.5902709427213,700.296466472371,568.566,80.455,742.832,0.03
20260412_195357,kuka,kuka_main,337,49.9805455,558.736361848998,37.8575680123245,693.68180924499,563.191772,55.6450729,714.208435,0.03
20260412_195357,kuka,kuka_main,338,50.1857348,557.477979605006,32.4045782883592,687.38989802503,563.191772,55.6450729,714.208435,0.03
20260412_195357,kuka,kuka_main,339,50.2357211,556.296296296296,27.283950617284,681.481481481482,562.019714,51.5106964,709.437378,0.03
20260412_195357,kuka,kuka_main,340,50.2889402,555.202144936748,22.5426280592416,676.01072468374,561.434,49.5449791,707.168,0.03
20260412_195357,kuka,kuka_main,341,50.7671875,554.2048024167,18.2208104723656,671.024012083499,559.421326,39.0830383,695.086365,0.03
20260412_195357,kuka,kuka_main,342,50.818768,553.311750099328,14.350917097086,666.558750496638,558.527,35.1183701,690.512756,0.03
20260412_195357,kuka,kuka_main,343,50.8721721,552.528434417024,10.9565491404362,662.642172085119,555.623108,23.990694,677.680603,0.03
20260412_195357,kuka,kuka_main,344,51.0821847,551.858027467775,8.05145236035838,659.290137338875,555.34314,23.0242233,676.566,0.03
20260412_195357,kuka,kuka_main,345,51.1345792,551.301187611541,5.63847965001051,656.505938057704,555.214355,22.5848408,676.059265,0.03
20260412_195357,kuka,kuka_main,346,51.3937502,550.855820066632,3.70855362207209,654.27910033316,555.202,22.5429974,676.011,0.03
20260412_195357,kuka,kuka_main,347,51.5992163,550.516837506089,2.23962919305053,652.584187530443,555.189392,22.4755325,675.933044,0.03
20260412_195357,kuka,kuka_main,348,51.6503218,550.275920654059,1.19565616758752,651.379603270293,555.189392,22.4755325,675.933044,0.03
20260412_195357,kuka,kuka_main,349,51.7031518,550.121278882177,0.525541822765263,650.606394410883,552.365051,9.47834873,660.931396,0.03
20260412_195357,kuka,kuka_main,350,51.9164494,550.037410805941,0.16211349241226,650.187054029706,551.668701,6.74030209,657.774048,0.03
20260412_195357,kuka,kuka_main,351,52.1862387,550.004864881095,0.0210811514102147,650.024324405473,550.856,3.709,654.279,0.03
20260412_195357,kuka,kuka_main,352,52.2385193,550,0,650,550.074402,0.311633229,650.359253,0.03
20260412_195515,kuka,kuka_main,1,4.7e-06,550,0,650,550,-1.58279965e-16,650,0.03
20260412_195515,kuka,kuka_main,2,0.2698764,550.004864881095,-0.0162162703156833,650.024324405474,550,-2.01255028e-16,650,0.03
20260412_195515,kuka,kuka_main,3,0.3211571,550.037410805941,-0.124702686471065,650.187054029707,550.002441,-0.0077185845,650.011597,0.03
20260412_195515,kuka,kuka_main,4,0.3906834,550.121278882177,-0.404262940588699,650.606394410883,550.005,-0.016,650.024,0.03
20260412_195515,kuka,kuka_main,5,0.6087312,550.275920654059,-0.919735513528915,651.379603270293,550.014038,-0.0460754447,650.069092,0.03
20260412_195515,kuka,kuka_main,6,0.8669455,550.516837506089,-1.72279168696194,652.584187530443,550.121,-0.404,650.606,0.03
20260412_195515,kuka,kuka_main,7,0.9206271,550.855820066632,-2.85273355544004,654.27910033316,550.511597,-1.7046411,652.556458,0.03
20260412_195515,kuka,kuka_main,8,1.1326008,551.301187611541,-4.33729203846964,656.505938057704,550.511597,-1.7046411,652.556458,0.03
20260412_195515,kuka,kuka_main,9,1.1836493,551.858027467775,-6.19342489258342,659.290137338875,550.517,-1.72300076,652.584,0.03
20260412_195515,kuka,kuka_main,10,1.2373174,552.528434417024,-8.42811472341251,662.642172085119,551.334778,-4.39518785,656.592346,0.03
20260412_195515,kuka,kuka_main,11,1.6548155,553.311750099328,-11.0391669977585,666.558750496638,551.858,-6.19300032,659.29,0.03
20260412_195515,kuka,kuka_main,12,1.7070179,554.2048024167,-14.0160080556659,671.024012083499,551.870483,-6.23257065,659.349304,0.03
20260412_195515,kuka,kuka_main,13,1.7583856,555.202144936748,-17.3404831224936,676.01072468374,551.870483,-6.23257065,659.349304,0.03
20260412_195515,kuka,kuka_main,14,1.9697527,556.296296296296,-20.9876543209877,681.481481481482,553.290833,-10.9645023,666.447205,0.03
20260412_195515,kuka,kuka_main,15,2.0207823,557.477979605006,-24.9265986833532,687.38989802503,553.312,-11.039052,666.559082,0.03
20260412_195515,kuka,kuka_main,16,2.2798483,558.736361848998,-29.1212061633265,693.68180924499,553.312,-11.039052,666.559082,0.03
20260412_195515,kuka,kuka_main,17,2.5029651,560.059293294474,-33.5309776482471,700.296466472371,553.335327,-11.1036654,666.655945,0.03
20260412_195515,kuka,kuka_main,18,2.5718712,561.433546891339,-38.11182297113,707.167734456695,553.492249,-11.5412273,667.311707,0.03
20260412_195515,kuka,kuka_main,19,2.6246807,562.845057676821,-42.8168589227376,714.225288384106,555.756,-18.3141136,677.463684,0.03
20260412_195515,kuka,kuka_main,20,2.8305512,564.279162179096,-47.5972072636522,721.395810895478,556.860168,-22.0047989,682.998474,0.03
20260412_195515,kuka,kuka_main,21,3.0986977,565.720837820904,-52.4027927363478,728.604189104522,558.736,-29.1209888,693.682,0.03
20260412_195515,kuka,kuka_main,22,3.1509077,567.154942323179,-57.1831410772624,735.774711615894,558.736,-29.121,693.682,0.03
20260412_195515,kuka,kuka_main,23,3.3980995,568.566453108661,-61.8881770288701,742.832265543305,558.739868,-29.1307182,693.696594,0.03
20260412_195515,kuka,kuka_main,24,3.449425,569.940706705526,-66.4690223517529,749.703533527629,558.826843,-29.3524532,694.029053,0.03
20260412_195515,kuka,kuka_main,25,3.5017588,571.263638151002,-70.8787938366734,756.31819075501,558.826843,-29.3524532,694.029053,0.03
20260412_195515,kuka,kuka_main,26,3.9741996,572.522020394994,-75.0734013166468,762.61010197497,558.826843,-29.3524532,694.029053,0.03
20260412_195515,kuka,kuka_main,27,4.0259786,573.703703703704,-79.0123456790123,768.518518518518,558.826843,-29.3524532,694.029053,0.03
20260412_195515,kuka,kuka_main,28,4.0795212,574.797855063252,-82.6595168775064,773.98927531626,567.155,-57.183,735.775,0.03
20260412_195515,kuka,kuka_main,29,4.2830662,575.7951975833,-85.9839919443342,778.975987916501,567.158691,-57.1925697,735.789368,0.03
20260412_195515,kuka,kuka_main,30,4.3338264,576.688249900672,-88.9608330022415,783.441249503362,567.158691,-57.1925697,735.789368,0.03
20260412_195515,kuka,kuka_main,31,4.6005657,577.471565582976,-91.5718852765876,787.357827914881,573.178284,-75.9156189,763.867065,0.03
20260412_195515,kuka,kuka_main,32,4.8027392,578.141972532225,-93.8065751074166,790.709862661125,573.930176,-78.8997726,768.344177,0.03
20260412_195515,kuka,kuka_main,33,4.8539201,578.698812388459,-95.6627079615304,793.494061942296,574.428772,-81.0128326,771.515747,0.03
20260412_195515,kuka,kuka_main,34,4.907764,579.144179933368,-97.1472664445599,795.72089966684,574.798,-82.6600113,773.989,0.03
20260412_195515,kuka,kuka_main,35,5.1211289,579.483162493911,-98.2772083130381,797.415812469557,574.819458,-82.7221069,774.082214,0.03
20260412_195515,kuka,kuka_main,36,5.3800443,579.724079345941,-99.0802644864711,798.620396729707,577.056091,-89.6319962,784.450073,0.03
20260412_195515,kuka,kuka_main,37,5.4342191,579.878721117823,-99.5957370594113,799.393605589117,579.123047,-97.0647888,795.597717,0.03
20260412_195515,kuka,kuka_main,38,5.643454,579.962589194059,-99.875297313529,799.812945970294,579.144,-97.1470642,795.721069,0.03
20260412_195515,kuka,kuka_main,39,5.6954499,579.995135118905,-99.9837837296845,799.975675594527,579.144,-97.147,795.721,0.03
20260412_195515,kuka,kuka_main,40,5.7494678,580,-100,800,579.878,-99.5836487,799.37561,0.03
20260412_195515,kuka,kuka_main,41,6.1717048,580,-100,799.951351189053,579.995,-99.984,799.976,0.03
20260412_195515,kuka,kuka_main,42,6.2218978,580,-100,799.625891940587,579.995789,-99.9864807,799.972107,0.03
20260412_195515,kuka,kuka_main,43,6.274112,580,-100,798.787211178234,580,-100,799.951,0.03
20260412_195515,kuka,kuka_main,44,6.480358,580,-100,797.240793459413,580,-100.000008,799.923584,0.03
20260412_195515,kuka,kuka_main,45,6.532739,580,-100,794.831624939114,580.000305,-100.000053,799.419434,0.03
20260412_195515,kuka,kuka_main,46,6.7915482,580,-100,791.44179933368,580.000305,-100.000053,799.419434,0.03
20260412_195515,kuka,kuka_main,47,6.986986,580,-100,786.988123884591,580.000305,-100.000053,799.419434,0.03
20260412_195515,kuka,kuka_main,48,7.0380117,580,-100,781.41972532225,580.004089,-100.00071,798.134277,0.03
20260412_195515,kuka,kuka_main,49,7.0900848,580,-100,774.715655829762,580.001709,-100.00029,791.695557,0.03
20260412_195515,kuka,kuka_main,50,7.2863343,580,-100,766.882499006724,580,-100,791.443,0.03
20260412_195515,kuka,kuka_main,51,7.5538224,580,-100,757.951975833002,580,-100,791.442,0.03
20260412_195515,kuka,kuka_main,52,7.6184474,580,-100,747.978550632519,580,-100,791.442,0.03
20260412_195515,kuka,kuka_main,53,7.8234536,580,-100,737.037037037037,580.236511,-100.04071,780.041748,0.03
20260412_195515,kuka,kuka_main,54,7.8741694,580,-100,725.22020394994,580.263367,-100.045334,775.121704,0.03
20260412_195515,kuka,kuka_main,55,7.9270205,580,-100,712.63638151002,580.086548,-100.014893,760.964172,0.03
20260412_195515,kuka,kuka_main,56,8.33185,580,-100,699.407067055259,580.086548,-100.014893,760.964172,0.03
20260412_195515,kuka,kuka_main,57,8.3832991,580,-100,685.66453108661,580.004456,-100.000763,757.870789,0.03
20260412_195515,kuka,kuka_main,58,8.4386626,580,-100,671.549423231787,580.62,-100.106628,742.590576,0.03
20260412_195515,kuka,kuka_main,59,8.6747373,580,-100,657.208378209043,580.758,-100.130371,735.537415,0.03
20260412_195515,kuka,kuka_main,60,8.7263124,580,-100,642.791621790957,580.80188,-100.137924,727.394287,0.03
20260412_195515,kuka,kuka_main,61,8.9967257,580,-100,628.450576768213,580.005432,-100.000938,699.505554,0.03
20260412_195515,kuka,kuka_main,62,9.2040661,580,-100,614.33546891339,580,-100,699.406799,0.03
20260412_195515,kuka,kuka_main,63,9.2552452,580,-100,600.592932944741,580,-100,699.407,0.03
20260412_195515,kuka,kuka_main,64,9.3074132,580,-100,587.36361848998,580.481079,-100.082626,693.815186,0.03
20260412_195515,kuka,kuka_main,65,9.5102645,580,-100,574.77979605006,580.842163,-100.144638,689.106323,0.03
20260412_195515,kuka,kuka_main,66,9.7660896,580,-100,562.962962962963,582.271118,-100.390076,647.716064,0.03
20260412_195515,kuka,kuka_main,67,9.8190783,580,-100,552.021449367481,582.271118,-100.390076,647.716064,0.03
20260412_195515,kuka,kuka_main,68,10.0872711,580,-100,542.048024166997,580.613647,-100.105392,607.67926,0.03
20260412_195515,kuka,kuka_main,69,10.1504748,580,-100,533.117500993275,580.361755,-100.062134,604.631958,0.03
20260412_195515,kuka,kuka_main,70,10.2049399,580,-100,525.284344170237,580,-100,600.593,0.03
20260412_195515,kuka,kuka_main,71,10.6323246,580,-100,518.58027467775,580,-100,600.593,0.03
20260412_195515,kuka,kuka_main,72,10.6831466,580,-100,513.011876115409,580.002808,-100.000481,600.555664,0.03
20260412_195515,kuka,kuka_main,73,10.7360761,580,-100,508.55820066632,580.618164,-100.105934,591.27356,0.03
20260412_195515,kuka,kuka_main,74,10.9381126,580,-100,505.168375060886,580.906189,-100.155289,585.843628,0.03
20260412_195515,kuka,kuka_main,75,10.9899334,580,-100,502.759206540587,581.206665,-100.206787,578.621094,0.03
20260412_195515,kuka,kuka_main,76,11.2506754,580,-100,501.212788821766,580.506653,-100.086823,525.895752,0.03
20260412_195515,kuka,kuka_main,77,11.455393,580,-100,500.374108059413,580.289551,-100.049614,522.578552,0.03
20260412_195515,kuka,kuka_main,78,11.5086066,580,-100,500.048648810947,580.145203,-100.024879,520.532593,0.03
20260412_195515,kuka,kuka_main,79,11.5612679,580,-100,500,580,-100,518.58,0.03
20260412_195515,kuka,kuka_main,80,11.7591388,580,-100,500.048648810947,580.002441,-100.00042,518.434509,0.03
20260412_195515,kuka,kuka_main,81,12.028181,580,-100,500.374108059413,580.064209,-100.010986,505.328674,0.03
20260412_195515,kuka,kuka_main,82,12.0813524,580,-100,501.212788821766,580.000061,-100.000015,500.004028,0.03
20260412_195515,kuka,kuka_main,83,12.2827393,580,-100,502.759206540587,580,-100,500,0.03
20260412_195515,kuka,kuka_main,84,12.3338989,580,-100,505.168375060886,580,-100,500,0.03
20260412_195515,kuka,kuka_main,85,12.3871842,580,-100,508.55820066632,580.005371,-100.000931,503.432281,0.03
20260412_195515,kuka,kuka_main,86,12.8025705,580,-100,513.011876115409,580,-100,505.168,0.03
20260412_195515,kuka,kuka_main,87,12.8538286,580,-100,518.58027467775,580.000122,-100.000023,505.18396,0.03
20260412_195515,kuka,kuka_main,88,12.9063651,580,-100,525.284344170238,580.009583,-100.001656,511.28418,0.03
20260412_195515,kuka,kuka_main,89,13.1196811,580,-100,533.117500993276,580.002319,-100.000397,512.674744,0.03
20260412_195515,kuka,kuka_main,90,13.1707253,580,-100,542.048024166998,580,-100,513.012,0.03
20260412_195515,kuka,kuka_main,91,13.439813,580,-100,552.021449367481,580,-100,513.012,0.03
20260412_195515,kuka,kuka_main,92,13.6825691,580,-100,562.962962962963,580.00061,-100.000099,513.028625,0.03
20260412_195515,kuka,kuka_main,93,13.7331871,580,-100,574.77979605006,580.014038,-100.002411,513.407471,0.03
20260412_195515,kuka,kuka_main,94,13.7859059,580,-100,587.36361848998,580.286926,-100.0494,524.33728,0.03
20260412_195515,kuka,kuka_main,95,14.0040659,580,-100,600.592932944741,580.33429,-100.057549,528.668823,0.03
20260412_195515,kuka,kuka_main,96,14.2587324,580,-100,614.33546891339,580.054504,-100.009384,550.419373,0.03
20260412_195515,kuka,kuka_main,97,14.3100849,580,-100,628.450576768213,580,-100,552.021,0.03
20260412_195515,kuka,kuka_main,98,14.5046218,580,-100,642.791621790957,580.003906,-100.000671,552.075317,0.03
20260412_195515,kuka,kuka_main,99,14.5575401,580,-100,657.208378209043,580.041565,-100.007164,552.607849,0.03
20260412_195515,kuka,kuka_main,100,14.6105223,580,-100,671.549423231787,580.75415,-100.129852,564.736267,0.03
20260412_195515,kuka,kuka_main,101,15.0266872,580,-100,685.66453108661,581.267944,-100.218307,599.470703,0.03
20260412_195515,kuka,kuka_main,102,15.0778223,580,-100,699.407067055259,581.010315,-100.173943,609.269531,0.03
20260412_195515,kuka,kuka_main,103,15.143291,580,-100,712.63638151002,580.055481,-100.009552,627.650391,0.03
20260412_195515,kuka,kuka_main,104,15.3677338,580,-100,725.22020394994,580.003418,-100.000595,628.401917,0.03
20260412_195515,kuka,kuka_main,105,15.4182876,580,-100,737.037037037037,580,-100,628.451,0.03
20260412_195515,kuka,kuka_main,106,15.6767483,580,-100,747.978550632519,580,-100,628.451,0.03
20260412_195515,kuka,kuka_main,107,15.8835533,580,-100,757.951975833003,580.003906,-100.000679,628.485535,0.03
20260412_195515,kuka,kuka_main,108,15.9356436,580,-100,766.882499006725,580.058228,-100.010033,628.9646,0.03
20260412_195515,kuka,kuka_main,109,15.9883578,580,-100,774.715655829763,581.182,-100.203606,639.989807,0.03
20260412_195515,kuka,kuka_main,110,16.2093622,580,-100,781.41972532225,581.724182,-100.297,646.381348,0.03
20260412_195515,kuka,kuka_main,111,16.4834215,580,-100,786.988123884591,583.326477,-100.572968,684.049316,0.03
20260412_195515,kuka,kuka_main,112,16.5365272,580,-100,791.44179933368,582.126831,-100.36631,723.97937,0.03
20260412_195515,kuka,kuka_main,113,16.7419803,580,-100,794.831624939114,582.126831,-100.36631,723.97937,0.03
20260412_195515,kuka,kuka_main,114,16.7925766,580,-100,797.240793459413,581.089294,-100.187614,737.152344,0.03
20260412_195515,kuka,kuka_main,115,16.8464776,580,-100,798.787211178234,580.004,-100.000694,747.942566,0.03
20260412_195515,kuka,kuka_main,116,17.2551637,580,-100,799.625891940587,580,-100,747.979,0.03
20260412_195515,kuka,kuka_main,117,17.3071799,580,-100,799.951351189053,580,-100,747.979,0.03
20260412_195515,kuka,kuka_main,118,17.3599994,580,-100,800,580.27063,-100.046631,754.307129,0.03
20260412_195515,kuka,kuka_main,119,17.5732097,580,-99.9862161702317,800,580.413208,-100.071198,758.683655,0.03
20260412_195515,kuka,kuka_main,120,17.6374868,580,-99.8940027164996,800,580.548096,-100.094444,764.592896,0.03
20260412_195515,kuka,kuka_main,121,17.909098,580,-99.6563765004996,800,580.002075,-100.000366,799.582397,0.03
20260412_195515,kuka,kuka_main,122,18.1149186,580,-99.2182248135004,800,580,-100,799.626,0.03
20260412_195515,kuka,kuka_main,123,18.1673729,580,-98.5356270660824,800,580,-100,799.626,0.03
20260412_195515,kuka,kuka_main,124,18.2210521,580,-97.575176477876,800,580,-98.536,800,0.03
20260412_195515,kuka,kuka_main,125,18.4526012,580,-96.3133017673008,800,580,-98.510437,800,0.03
20260412_195515,kuka,kuka_main,126,18.7167033,580,-94.7355888413041,800,580,-98.510437,800,0.03
20260412_195515,kuka,kuka_main,127,18.7717624,580,-92.8361024850994,800,580,-94.735817,800,0.03
20260412_195515,kuka,kuka_main,128,19.0090797,580,-90.6167080519052,800,580,-94.736,800,0.03
20260412_195515,kuka,kuka_main,129,19.0596634,580,-88.086393152684,800,580.000122,-94.6981583,800,0.03
20260412_195515,kuka,kuka_main,130,19.1123549,580,-85.2605893458805,800,580,-90.6169891,800,0.03
20260412_195515,kuka,kuka_main,131,19.5368981,580,-82.1604938271605,800,580,-90.617,800,0.03
20260412_195515,kuka,kuka_main,132,19.5890705,580,-78.8123911191498,800,580.000244,-90.5792236,800,0.03
20260412_195515,kuka,kuka_main,133,19.6417527,580,-75.2469747611724,800,580.004,-82.7536545,800.000061,0.03
20260412_195515,kuka,kuka_main,134,19.8543119,580,-71.49866899899,800,580.000122,-82.1759338,800,0.03
20260412_195515,kuka,kuka_main,135,19.9071098,580,-67.6049504745395,800,580,-82.16,800,0.03
20260412_195515,kuka,kuka_main,136,20.1646882,580,-63.6056699156731,800,580,-82.16,800,0.03
20260412_195515,kuka,kuka_main,137,20.3774705,580,-59.5423738258956,800,580.00116,-82.0863876,800,0.03
20260412_195515,kuka,kuka_main,138,20.4292637,580,-55.4576261741044,800,580.00116,-82.0863876,800,0.03
20260412_195515,kuka,kuka_main,139,20.4817269,580,-51.3943300843269,800,580.00116,-82.0863876,800,0.03
20260412_195515,kuka,kuka_main,140,20.6903715,580,-47.3950495254605,800,580.00116,-82.0863876,800,0.03
20260412_195515,kuka,kuka_main,141,20.9578243,580,-43.5013310010101,800,580.00116,-82.0863876,800,0.03
20260412_195515,kuka,kuka_main,142,21.0123903,580,-39.7530252388276,800,580.00116,-82.0863876,800,0.03
20260412_195515,kuka,kuka_main,143,21.2144809,580,-36.1876088808502,800,580.00116,-82.0863876,800,0.03
20260412_195515,kuka,kuka_main,144,21.2650504,580,-32.8395061728395,800,580.00116,-82.0863876,800,0.03
20260412_195515,kuka,kuka_main,145,21.317625,580,-29.7394106541195,800,580,-43.5010262,800,0.03
20260412_195515,kuka,kuka_main,146,21.723866,580,-26.913606847316,800,580,-43.5010262,800,0.03
20260412_195515,kuka,kuka_main,147,21.7756836,580,-24.3832919480947,800,580,-43.5010262,800,0.03
20260412_195515,kuka,kuka_main,148,21.8271849,580,-22.1638975149006,800,580.059082,-34.6673889,800.000244,0.03
20260412_195515,kuka,kuka_main,149,22.0306765,580,-20.2644111586959,800,580.059082,-34.6673889,800.000244,0.03
20260412_195515,kuka,kuka_main,150,22.0821616,580,-18.6866982326992,800,580.012756,-27.8582954,800.000061,0.03
20260412_195515,kuka,kuka_main,151,22.3505787,580,-17.4248235221241,800,580,-26.914,800,0.03
20260412_195515,kuka,kuka_main,152,22.5531255,580,-16.4643729339177,800,580.000305,-26.8767014,800,0.03
20260412_195515,kuka,kuka_main,153,22.6038553,580,-15.7817751864995,800,580.007385,-25.9057083,800,0.03
20260412_195515,kuka,kuka_main,154,22.6693248,580,-15.3436234995004,800,580.000488,-17.4868107,800,0.03
20260412_195515,kuka,kuka_main,155,22.875186,580,-15.1059972835003,800,580,-17.4250011,800,0.03
20260412_195515,kuka,kuka_main,156,23.1308863,580,-15.0137838297682,800,580,-17.425,800,0.03
20260412_195515,kuka,kuka_main,157,23.1842556,580,-15,800,580,-15.0240145,800,0.03
20260412_195515,kuka,kuka_main,158,23.389817,580,-14.9862161702317,800,580,-15.0240145,800,0.03
20260412_195515,kuka,kuka_main,159,23.4403288,580,-14.8940027164996,800,580,-15.014,800,0.03
20260412_195515,kuka,kuka_main,160,23.4921905,580,-14.6563765004996,800,580,-14.8939981,800,0.03
20260412_195515,kuka,kuka_main,161,23.9123949,580,-14.2182248135004,800,580,-14.656,800,0.03
20260412_195515,kuka,kuka_main,162,23.9634683,580,-13.5356270660823,800,580,-14.6311131,800,0.03
20260412_195515,kuka,kuka_main,163,24.0160089,580,-12.575176477876,800,580,-14.218,800,0.03
20260412_195515,kuka,kuka_main,164,24.2336719,580,-11.3133017673008,800,580.000061,-14.1651525,800,0.03
20260412_195515,kuka,kuka_main,165,24.2858116,580,-9.73558884130409,800,580.000549,-13.4777164,800,0.03
20260412_195515,kuka,kuka_main,166,24.5413372,580,-7.83610248509937,800,580,-12.5749979,800,0.03
20260412_195515,kuka,kuka_main,167,24.7439616,580,-5.61670805190523,800,580.000366,-12.4779739,800,0.03
20260412_195515,kuka,kuka_main,168,24.7961898,580,-3.08639315268401,800,580.00293,-11.684411,800,0.03
20260412_195515,kuka,kuka_main,169,24.8482675,580,-0.260589345880478,800,580.00293,-11.684411,800,0.03
20260412_195515,kuka,kuka_main,170,25.1190096,580,2.8395061728395,800,580.001282,-7.63334656,800,0.03
20260412_195515,kuka,kuka_main,171,25.4021098,580,6.18760888085025,800,580,-0.260818481,800,0.03
20260412_195515,kuka,kuka_main,172,25.4560316,580,9.75302523882756,800,580,-0.261,800,0.03
20260412_195515,kuka,kuka_main,173,25.6567456,580,13.5013310010101,800,580.000305,-0.223870963,800,0.03
20260412_195515,kuka,kuka_main,174,25.7099332,580,17.3950495254605,800,580.006226,0.523516834,800,0.03
20260412_195515,kuka,kuka_main,175,25.7624129,580,21.3943300843269,800,580.001,9.63806629,800,0.03
20260412_195515,kuka,kuka_main,176,26.1845316,580,25.4576261741044,800,580,9.753,800,0.03
20260412_195515,kuka,kuka_main,177,26.2353759,580,29.5423738258956,800,580.000488,9.79014397,800,0.03
20260412_195515,kuka,kuka_main,178,26.2884012,580,33.6056699156731,800,580.05188,18.8207245,800.000061,0.03
20260412_195515,kuka,kuka_main,179,26.489052,580,37.6049504745395,800,580.032776,22.4664745,800.000061,0.03
20260412_195515,kuka,kuka_main,180,26.5419386,580,41.4986689989899,800,580.005554,25.0347214,800,0.03
20260412_195515,kuka,kuka_main,181,26.8132279,580,45.2469747611724,800,580,25.458,800,0.03
20260412_195515,kuka,kuka_main,182,27.0215105,580,48.8123911191498,800,580,25.458,800,0.03
20260412_195515,kuka,kuka_main,183,27.0716361,580,52.1604938271605,800,580.008545,25.9701881,800.000061,0.03
20260412_195515,kuka,kuka_main,184,27.1241423,580,55.2605893458805,800,580.071045,39.290802,800.000244,0.03
20260412_195515,kuka,kuka_main,185,27.3303557,580,58.086393152684,800,580.037415,42.7335892,800.000122,0.03
20260412_195515,kuka,kuka_main,186,27.5890254,580,60.6167080519053,800,580,45.247,800,0.03
20260412_195515,kuka,kuka_main,187,27.6422561,580,62.8361024850994,800,580.049805,51.7937088,800.000427,0.03
20260412_195515,kuka,kuka_main,188,27.8606942,580,64.7355888413041,800,580.042114,56.126461,800.000366,0.03
20260412_195515,kuka,kuka_main,189,27.9122695,580,66.3133017673008,800,580.020813,58.8401184,800.000183,0.03
20260412_195515,kuka,kuka_main,190,27.9662532,580,67.5751764778759,800,580.020813,58.8401184,800.000183,0.03
20260412_195515,kuka,kuka_main,191,28.3959461,580,68.5356270660823,800,580.00116,67.3807449,800,0.03
20260412_195515,kuka,kuka_main,192,28.4474676,580,69.2182248135005,800,580,67.5752258,800,0.03
20260412_195515,kuka,kuka_main,193,28.5004576,580,69.6563765004996,800,580,67.575,800,0.03
20260412_195515,kuka,kuka_main,194,28.7022644,580,69.8940027164997,800,580.000183,67.672821,800,0.03
20260412_195515,kuka,kuka_main,195,28.7538687,580,69.9862161702318,800,580.000854,68.3487854,800,0.03
20260412_195515,kuka,kuka_main,196,29.0167155,580,70,800,580,69.656,800,0.03
20260412_195515,kuka,kuka_main,197,29.2553527,580,70.0275676595367,800,580,69.6807556,800,0.03
20260412_195515,kuka,kuka_main,198,29.3062934,580,70.2119945670008,800,580,69.9165115,800,0.03
20260412_195515,kuka,kuka_main,199,29.3578984,580,70.6872469990008,800,580,70,800,0.03
20260412_195515,kuka,kuka_main,200,29.6265653,580,71.5635503729992,800,580.000061,70.0724335,800,0.03
20260412_195515,kuka,kuka_main,201,29.8997532,580,72.9287458678353,800,580,70.687,800,0.03
20260412_195515,kuka,kuka_main,202,29.9530213,580,74.8496470442481,800,580,72.9291458,800,0.03
20260412_195515,kuka,kuka_main,203,30.1837968,580,77.3733964653984,800,580,72.929,800,0.03
20260412_195515,kuka,kuka_main,204,30.2351288,580,80.5288223173918,800,580.000488,73.0561752,800,0.03
20260412_195515,kuka,kuka_main,205,30.3000963,580,84.3277950298013,800,580,77.3729858,800,0.03
20260412_195515,kuka,kuka_main,206,30.7247686,580,88.7665838961895,800,580,77.373,800,0.03
20260412_195515,kuka,kuka_main,207,30.7770148,580,93.827213694632,800,580.000244,77.3982086,800,0.03
20260412_195515,kuka,kuka_main,208,30.8288858,580,99.478821308239,800,580.020264,86.0630493,800.000427,0.03
20260412_195515,kuka,kuka_main,209,31.0384024,580,105.679012345679,800,580.020264,86.0630493,800.000427,0.03
20260412_195515,kuka,kuka_main,210,31.0899056,580,112.3752177617,800,580.000061,88.7637,800,0.03
20260412_195515,kuka,kuka_main,211,31.3619354,580,119.506050477655,800,580,88.767,800,0.03
20260412_195515,kuka,kuka_main,212,31.5642522,580,127.00266200202,800,580.001,88.8046265,800.000061,0.03
20260412_195515,kuka,kuka_main,213,31.6159769,580,134.790099050921,800,580.018066,89.4620819,800.000549,0.03
20260412_195515,kuka,kuka_main,214,31.6688611,580,142.788660168654,800,580.204041,104.42849,800.006531,0.03
20260412_195515,kuka,kuka_main,215,31.8717309,580,150.915252348209,800,580.175781,109.853188,800.005615,0.03
20260412_195515,kuka,kuka_main,216,32.1279801,580,159.084747651791,800,580,119.506,800,0.03
20260412_195515,kuka,kuka_main,217,32.18136,580,167.211339831346,800,580.141418,124.178696,800.007935,0.03
20260412_195515,kuka,kuka_main,218,32.3806315,580,175.209900949079,800,580.233215,128.227,800.013,0.03
20260412_195515,kuka,kuka_main,219,32.4330084,580,182.99733799798,800,580.310364,133.529602,800.017273,0.03
20260412_195515,kuka,kuka_main,220,32.4846503,580,190.493949522345,800,580.098328,155.96286,800.005432,0.03
20260412_195515,kuka,kuka_main,221,32.9011149,580,197.6247822383,800,580,159.085403,800,0.03
20260412_195515,kuka,kuka_main,222,32.9656032,580,204.320987654321,800,580.005676,159.254395,800.000488,0.03
20260412_195515,kuka,kuka_main,223,33.0194752,580,210.521178691761,800,580.277222,171.159119,800.024475,0.03
20260412_195515,kuka,kuka_main,224,33.2211663,580,216.172786305368,800,580.320923,177.342834,800.028259,0.03
20260412_195515,kuka,kuka_main,225,33.2726942,580,221.233416103811,800,580.287048,184.660873,800.025208,0.03
20260412_195515,kuka,kuka_main,226,33.5322987,580,225.672204970199,800,580,197.625,800,0.03
20260412_195515,kuka,kuka_main,227,33.7363206,580,229.471177682608,800,580,197.625,800,0.03
20260412_195515,kuka,kuka_main,228,33.7871798,580,232.626603534602,800,580.017456,198.358963,800.002075,0.03
20260412_195515,kuka,kuka_main,229,33.8403791,580,235.150352955752,800,580.168701,213.094757,800.020142,0.03
20260412_195515,kuka,kuka_main,230,34.0406356,580,237.071254132165,800,580.168701,213.094757,800.020142,0.03
20260412_195515,kuka,kuka_main,231,34.3095043,580,238.436449627001,800,580,225.672,800,0.03
20260412_195515,kuka,kuka_main,232,34.364111,580,239.312753000999,800,580.035034,231.460068,800.004883,0.03
20260412_195515,kuka,kuka_main,233,34.5622486,580,239.788005432999,800,580.028259,234.912384,800.003967,0.03
20260412_195515,kuka,kuka_main,234,34.6138049,580,239.972432340464,800,580.009033,237.557281,800.001282,0.03
20260412_195515,kuka,kuka_main,235,34.6671136,580,240,800,580,238.436,800,0.03
20260412_195515,kuka,kuka_main,236,35.0818076,580,240,799.951351189053,580,240,800,0.03
20260412_195515,kuka,kuka_main,237,35.133233,580,240,799.625891940587,580,240,799.978149,0.03
20260412_195515,kuka,kuka_main,238,35.1870845,580,240,798.787211178234,580,240,799.951,0.03
20260412_195515,kuka,kuka_main,239,35.401616,580,240,797.240793459413,580.000061,240.000031,799.872,0.03
20260412_195515,kuka,kuka_main,240,35.4532999,580,240,794.831624939114,580.000244,240.000092,799.087646,0.03
20260412_195515,kuka,kuka_main,241,35.721634,580,240,791.44179933368,580,240,798.787,0.03
20260412_195515,kuka,kuka_main,242,35.9320125,580,240,786.988123884591,580.000244,240.000107,798.746399,0.03
20260412_195515,kuka,kuka_main,243,35.9837845,580,240,781.41972532225,580.004272,240.001785,798.036072,0.03
20260412_195515,kuka,kuka_main,244,36.0367539,580,240,774.715655829762,580.001343,240.000549,791.658081,0.03
20260412_195515,kuka,kuka_main,245,36.2370001,580,240,766.882499006724,580,240,791.443054,0.03
20260412_195515,kuka,kuka_main,246,36.4948076,580,240,757.951975833002,580,240,791.442,0.03
20260412_195515,kuka,kuka_main,247,36.5477353,580,240,747.978550632519,580.14,240.058029,785.546936,0.03
20260412_195515,kuka,kuka_main,248,36.7464142,580,240,737.037037037037,580.204041,240.084549,781.294189,0.03
20260412_195515,kuka,kuka_main,249,36.7978811,580,240,725.22020394994,580.204041,240.084549,781.294189,0.03
20260412_195515,kuka,kuka_main,250,36.8497704,580,240,712.63638151002,580.076416,240.031662,760.840698,0.03
20260412_195515,kuka,kuka_main,251,37.2714421,580,240,699.407067055259,580,240,757.952,0.03
20260412_195515,kuka,kuka_main,252,37.3233599,580,240,685.66453108661,580.002,240.000854,757.910767,0.03
20260412_195515,kuka,kuka_main,253,37.3762988,580,240,671.549423231787,580.460388,240.190948,746.399963,0.03
20260412_195515,kuka,kuka_main,254,37.5890073,580,240,657.208378209043,580.616943,240.255875,740.09314,0.03
20260412_195515,kuka,kuka_main,255,37.6405746,580,240,642.791621790957,580.725525,240.300903,730.673218,0.03
20260412_195515,kuka,kuka_main,256,37.9123417,580,240,628.450576768213,580.017517,240.007278,699.758789,0.03
20260412_195515,kuka,kuka_main,257,38.1298829,580,240,614.33546891339,580.00061,240.000259,699.419617,0.03
20260412_195515,kuka,kuka_main,258,38.1812619,580,240,600.592932944741,580,240,699.407,0.03
20260412_195515,kuka,kuka_main,259,38.235038,580,240,587.36361848998,580,240,699.407,0.03
20260412_195515,kuka,kuka_main,260,38.4404742,580,240,574.77979605006,580,240,699.407,0.03
20260412_195515,kuka,kuka_main,261,38.7689224,580,240,562.962962962963,580,240,699.407,0.03
20260412_195515,kuka,kuka_main,262,38.8214795,580,240,552.021449367481,580,240,699.407,0.03
20260412_195515,kuka,kuka_main,263,39.034319,580,240,542.048024166997,582.241,240.931076,621.94342,0.03
20260412_195515,kuka,kuka_main,264,39.086182,580,240,533.117500993275,580,240,533.118,0.03
20260412_195515,kuka,kuka_main,265,39.1378011,580,240,525.284344170237,580.253723,240.105423,590.11145,0.03
20260412_195515,kuka,kuka_main,266,39.6321876,580,240,518.58027467775,580,240,587.364,0.03
20260412_195515,kuka,kuka_main,267,39.6851969,580,240,513.011876115409,580.001404,240.00058,587.338623,0.03
20260412_195515,kuka,kuka_main,268,39.7380665,580,240,508.55820066632,580.558411,240.23262,575.120789,0.03
20260412_195515,kuka,kuka_main,269,39.9697894,580,240,505.168375060886,580.762939,240.31781,568.406311,0.03
20260412_195515,kuka,kuka_main,270,40.0225066,580,240,502.759206540587,580.920288,240.383362,559.703857,0.03
20260412_195515,kuka,kuka_main,271,40.2935732,580,240,501.212788821766,580.077271,240.032196,519.984253,0.03
20260412_195515,kuka,kuka_main,272,40.5097064,580,240,500.374108059413,580.008545,240.003555,518.732056,0.03
20260412_195515,kuka,kuka_main,273,40.5749147,580,240,500.048648810947,580,240,518.5802,0.03
20260412_195515,kuka,kuka_main,274,40.6278702,580,240,500,580,240,518.58,0.03
20260412_195515,kuka,kuka_main,275,40.8388579,580,240,500.048648810947,580.000366,240.000153,518.556458,0.03
20260412_195515,kuka,kuka_main,276,41.0974166,580,240,500.374108059413,580.060608,240.025284,506.049652,0.03
20260412_195515,kuka,kuka_main,277,41.1507023,580,240,501.212788821766,580.000366,240.000153,500.024811,0.03
20260412_195515,kuka,kuka_main,278,41.3586887,580,240,502.759206540587,580,240,500,0.03
20260412_195515,kuka,kuka_main,279,41.4106553,580,240,505.168375060886,580,240,500,0.03
20260412_195515,kuka,kuka_main,280,41.4636212,580,240,508.55820066632,580.003906,240.001633,503.92038,0.03
20260412_195515,kuka,kuka_main,281,41.8949993,580,240,513.011876115409,580,240,505.168,0.03
20260412_195515,kuka,kuka_main,282,41.9472446,580,240,518.58027467775,580.000061,240.000031,505.177948,0.03
20260412_195515,kuka,kuka_main,283,42.0008209,580,240,525.284344170238,580.009705,240.004059,510.879486,0.03
20260412_195515,kuka,kuka_main,284,42.2145221,580,240,533.117500993276,580.002563,240.001068,512.58252,0.03
20260412_195515,kuka,kuka_main,285,42.2675961,580,240,542.048024166998,580.000061,240.000031,513.003235,0.03
20260412_195515,kuka,kuka_main,286,42.5264054,580,240,552.021449367481,580,240,513.012,0.03
20260412_195515,kuka,kuka_main,287,42.7343129,580,240,562.962962962963,580.000488,240.000214,513.028198,0.03
20260412_195515,kuka,kuka_main,288,42.7850609,580,240,574.77979605006,580.012,240.005,513.396606,0.03
20260412_195515,kuka,kuka_main,289,42.8388565,580,240,587.36361848998,580.253052,240.105499,524.353088,0.03
20260412_195515,kuka,kuka_main,290,43.065054,580,240,600.592932944741,580.253052,240.105499,524.353088,0.03
20260412_195515,kuka,kuka_main,291,43.3352865,580,240,614.33546891339,580.025574,240.010651,551.187,0.03
20260412_195515,kuka,kuka_main,292,43.3894253,580,240,628.450576768213,580,240,552.021,0.03
20260412_195515,kuka,kuka_main,293,43.6037578,580,240,642.791621790957,580.002441,240.001,552.059143,0.03
20260412_195515,kuka,kuka_main,294,43.6552011,580,240,657.208378209043,580.035583,240.014801,552.58728,0.03
20260412_195515,kuka,kuka_main,295,43.7085028,580,240,671.549423231787,580.649597,240.270264,564.29248,0.03
20260412_195515,kuka,kuka_main,296,44.1278811,580,240,685.66453108661,581.146545,240.477,597.926941,0.03
20260412_195515,kuka,kuka_main,297,44.1797966,580,240,699.407067055259,580.983276,240.409073,606.253601,0.03
20260412_195515,kuka,kuka_main,298,44.2336237,580,240,712.63638151002,580.031738,240.013214,627.936768,0.03
20260412_195515,kuka,kuka_main,299,44.4848419,580,240,725.22020394994,580.001343,240.000549,628.42981,0.03
20260412_195515,kuka,kuka_main,300,44.5355518,580,240,737.037037037037,580,240,628.451,0.03
20260412_195515,kuka,kuka_main,301,44.8083173,580,240,747.978550632519,580,240,628.451,0.03
20260412_195515,kuka,kuka_main,302,45.0244655,580,240,757.951975833003,580.001648,240.000687,628.467163,0.03
20260412_195515,kuka,kuka_main,303,45.0772609,580,240,766.882499006725,580.001648,240.000687,628.467163,0.03
20260412_195515,kuka,kuka_main,304,45.1293411,580,240,774.715655829763,581.02478,240.425369,639.520813,0.03
20260412_195515,kuka,kuka_main,305,45.3470683,580,240,781.41972532225,581.360901,240.564865,643.772034,0.03
20260412_195515,kuka,kuka_main,306,45.6077156,580,240,786.988123884591,582.970398,241.232925,681.13739,0.03
20260412_195515,kuka,kuka_main,307,45.6718714,580,240,791.44179933368,582.039612,240.846558,721.875427,0.03
20260412_195515,kuka,kuka_main,308,45.8867769,580,240,794.831624939114,581.508606,240.62616,730.232117,0.03
20260412_195515,kuka,kuka_main,309,45.9386172,580,240,797.240793459413,581.065186,240.442108,736.123535,0.03
20260412_195515,kuka,kuka_main,310,45.9920523,580,240,798.787211178234,580.000244,240.000107,747.97644,0.03
20260412_195515,kuka,kuka_main,311,46.4274656,580,240,799.625891940587,580,240,747.979,0.03
20260412_195515,kuka,kuka_main,312,46.4793766,580,240,799.951351189053,580.002625,240.001083,748.03772,0.03
20260412_195515,kuka,kuka_main,313,46.5322484,580,240,800,580.271301,240.112411,755.007507,0.03
20260412_195515,kuka,kuka_main,314,46.7443367,579.995135118905,239.961080951242,799.975675594526,580.377563,240.156448,758.63385,0.03
20260412_195515,kuka,kuka_main,315,46.796941,579.962589194059,239.700713552469,799.812945970293,580.475525,240.197021,763.014893,0.03
20260412_195515,kuka,kuka_main,316,47.0553837,579.878721117823,239.029768942587,799.393605589117,580.004211,240.001755,799.53064,0.03
20260412_195515,kuka,kuka_main,317,47.2678218,579.724079345941,237.792634767531,798.620396729707,580,240,799.626099,0.03
20260412_195515,kuka,kuka_main,318,47.3195822,579.483162493911,235.865299951291,797.415812469557,580,240,799.626,0.03
20260412_195515,kuka,kuka_main,319,47.3717325,579.144179933368,233.153439466944,795.72089966684,579.502563,236.015671,797.496704,0.03
20260412_195515,kuka,kuka_main,320,47.5858307,578.698812388459,229.590499107673,793.494061942296,579.483,235.864975,797.416,0.03
20260412_195515,kuka,kuka_main,321,47.8557088,578.141972532225,225.1357802578,790.709862661125,579.483,235.865,797.416,0.03
20260412_195515,kuka,kuka_main,322,47.9083781,577.471565582976,219.77252466381,787.357827914881,579.483,235.865,797.416,0.03
20260412_195515,kuka,kuka_main,323,48.1154186,576.688249900672,213.505999205379,783.441249503362,578.41748,227.154495,791.975586,0.03
20260412_195515,kuka,kuka_main,324,48.1795552,575.7951975833,206.361580666402,778.975987916501,578.41748,227.154495,791.975586,0.03
20260412_195515,kuka,kuka_main,325,48.2335359,574.797855063252,198.382840506015,773.98927531626,578.142,225.136,790.71,0.03
20260412_195515,kuka,kuka_main,326,48.6559233,573.703703703704,189.62962962963,768.518518518518,576.926758,213.568542,783.514587,0.03
20260412_195515,kuka,kuka_main,327,48.7089645,572.522020394994,180.176163159952,762.61010197497,576.324,208.799835,780.533508,0.03
20260412_195515,kuka,kuka_main,328,48.7612071,571.263638151002,170.109105208016,756.31819075501,574.810669,198.462112,774.038879,0.03
20260412_195515,kuka,kuka_main,329,48.976019,569.940706705526,159.525653644207,749.703533527629,574.798,198.382935,773.988953,0.03
20260412_195515,kuka,kuka_main,330,49.0275124,568.566453108661,148.531624869288,742.832265543305,574.798,198.382889,773.988953,0.03
20260412_195515,kuka,kuka_main,331,49.2989841,567.154942323179,137.23953858543,735.774711615894,570.467041,159.282898,749.615967,0.03
20260412_195515,kuka,kuka_main,332,49.5603847,565.720837820904,125.766702567235,728.604189104522,569.803955,155.326706,747.124451,0.03
20260412_195515,kuka,kuka_main,333,49.6122248,564.279162179096,114.233297432765,721.395810895478,569.227051,152.07431,745.071899,0.03
20260412_195515,kuka,kuka_main,334,49.6651,562.845057676821,102.76046141457,714.225288384106,568.566,148.532,742.832,0.03
20260412_195515,kuka,kuka_main,335,49.8757711,561.433546891339,91.4683751307118,707.167734456695,568.566,148.532,742.832,0.03
20260412_195515,kuka,kuka_main,336,50.135424,560.059293294474,80.4743463557931,700.296466472371,567.872375,137.741714,736.121704,0.03
20260412_195515,kuka,kuka_main,337,50.1889767,558.736361848998,69.8908947919838,693.68180924499,563.998535,105.539085,716.014648,0.03
20260412_195515,kuka,kuka_main,338,50.4354686,557.477979605006,59.8238368400477,687.38989802503,563.154358,100.56778,712.89447,0.03
20260412_195515,kuka,kuka_main,339,50.4897696,556.296296296296,50.3703703703705,681.481481481482,562.401794,96.4377213,710.298,0.03
20260412_195515,kuka,kuka_main,340,50.5458364,555.202144936748,41.6171594939846,676.01072468374,561.434,91.4676208,707.167786,0.03
20260412_195515,kuka,kuka_main,341,51.0435062,554.2048024167,33.6384193335981,671.024012083499,560.495544,79.0372696,699.405212,0.03
20260412_195515,kuka,kuka_main,342,51.0966975,553.311750099328,26.4940007946204,666.558750496638,559.885803,72.9226608,695.587341,0.03
20260412_195515,kuka,kuka_main,343,51.150059,552.528434417024,20.2274753361898,662.642172085119,556.386841,48.0829849,680.061462,0.03
20260412_195515,kuka,kuka_main,344,51.364537,551.858027467775,14.8642197422001,659.290137338875,555.807495,44.8427811,678.032349,0.03
20260412_195515,kuka,kuka_main,345,51.4157874,551.301187611541,10.4095008923271,656.505938057704,555.415771,42.738533,676.713928,0.03
20260412_195515,kuka,kuka_main,346,51.6768121,550.855820066632,6.84656053305616,654.27910033316,555.202,41.617,676.011,0.03
20260412_195515,kuka,kuka_main,347,51.8861703,550.516837506089,4.13470004870868,652.584187530443,555.196411,41.5457458,675.96637,0.03
20260412_195515,kuka,kuka_main,348,51.9389369,550.275920654059,2.20736523246927,651.379603270293,555.132141,40.7433281,675.464294,0.03
20260412_195515,kuka,kuka_main,349,51.9925769,550.121278882177,0.970231057412775,650.606394410883,553.537,25.077158,665.67,0.03
20260412_195515,kuka,kuka_main,350,52.2034305,550.037410805941,0.299286447530335,650.187054029706,552.594482,17.9432602,661.212708,0.03
20260412_195515,kuka,kuka_main,351,52.4714929,550.004864881095,0.0389190487572932,650.024324405473,550.856,6.84685564,654.278931,0.03
20260412_195515,kuka,kuka_main,352,52.5234762,550,0,650,550.856,6.84699869,654.279,0.03
20260412_195658,kuka,kuka_main,1,5.2e-06,550,0,650,550,-2.12232575e-16,650,0.03
20260412_195658,kuka,kuka_main,2,0.269448,549.972432340463,-0.0162162703156833,650.022702778442,550,-2.6095391e-16,650,0.03
20260412_195658,kuka,kuka_main,3,0.3206621,549.788005432999,-0.124702686471065,650.174583761059,549.992188,-0.00445150025,650.006409,0.03
20260412_195658,kuka,kuka_main,4,0.3897778,549.312753000999,-0.404262940588699,650.565968116824,549.992188,-0.00445150025,650.006409,0.03
20260412_195658,kuka,kuka_main,5,0.6003061,548.436449627001,-0.919735513528915,651.28762971894,549.942627,-0.0333003402,650.047241,0.03
20260412_195658,kuka,kuka_main,6,0.8491535,547.071254132165,-1.72279168696194,652.411908361747,549.942627,-0.0333003402,650.047241,0.03
20260412_195658,kuka,kuka_main,7,0.9001896,545.150352955752,-2.85273355544004,653.993826977616,549.942627,-0.0333003402,650.047241,0.03
20260412_195658,kuka,kuka_main,8,1.1023981,542.626603534602,-4.33729203846964,656.072208853858,548.858765,-0.673999786,650.943604,0.03
20260412_195658,kuka,kuka_main,9,1.1560413,539.471177682608,-6.19342489258342,658.670794849617,548.858765,-0.673999786,650.943604,0.03
20260412_195658,kuka,kuka_main,10,1.2075935,535.672204970199,-8.42811472341251,661.799360612777,545.15,-2.853,653.994,0.03
20260412_195658,kuka,kuka_main,11,1.6659636,531.23341610381,-11.0391669977585,665.454833796862,545.15,-2.853,653.994,0.03
20260412_195658,kuka,kuka_main,12,1.7177136,526.172786305368,-14.0160080556659,669.622411277932,545.111,-2.87686753,654.027283,0.03
20260412_195658,kuka,kuka_main,13,1.7705936,520.521178691761,-17.3404831224936,674.276676371491,540.454346,-5.68901873,657.953247,0.03
20260412_195658,kuka,kuka_main,14,1.9834548,514.320987654321,-20.9876543209877,679.382716049383,538.023254,-7.12727451,659.965515,0.03
20260412_195658,kuka,kuka_main,15,2.0356292,507.6247822383,-24.9265986833532,684.897238156695,535.630127,-8.52345371,661.922,0.03
20260412_195658,kuka,kuka_main,16,2.2947103,500.493949522345,-29.1212061633265,690.769688628657,531.233,-11.039,665.455,0.03
20260412_195658,kuka,kuka_main,17,2.4994008,492.99733799798,-33.5309776482471,696.943368707546,531.167603,-11.0812426,665.513184,0.03
20260412_195658,kuka,kuka_main,18,2.5628961,485.209900949079,-38.11182297113,703.356552159582,531.167603,-11.0812426,665.513184,0.03
20260412_195658,kuka,kuka_main,19,2.6148052,477.211339831346,-42.8168589227376,709.943602491833,524.036133,-15.5873137,671.741699,0.03
20260412_195658,kuka,kuka_main,20,2.8184455,469.084747651791,-47.5972072636522,716.636090169113,520.533752,-17.7281,674.717407,0.03
20260412_195658,kuka,kuka_main,21,3.0870871,460.915252348209,-52.4027927363478,723.363909830887,503.727234,-27.3774509,688.286621,0.03
20260412_195658,kuka,kuka_main,22,3.1398085,452.788660168654,-57.1831410772624,730.056397508167,500.493927,-29.1210251,690.770081,0.03
20260412_195658,kuka,kuka_main,23,3.3343691,444.790099050921,-61.8881770288701,736.643447840418,500.493927,-29.1210251,690.770081,0.03
20260412_195658,kuka,kuka_main,24,3.3845568,437.00266200202,-66.4690223517529,743.056631292454,500.463531,-29.1427269,690.798767,0.03
20260412_195658,kuka,kuka_main,25,3.4379759,429.506050477655,-70.8787938366734,749.230311371343,496.424591,-31.9832058,694.568909,0.03
20260412_195658,kuka,kuka_main,26,3.8425504,422.3752177617,-75.0734013166468,755.102761843306,479.126312,-43.2592278,709.850769,0.03
20260412_195658,kuka,kuka_main,27,3.8944087,415.679012345679,-79.0123456790123,760.617283950617,474.068115,-46.301506,714.075073,0.03
20260412_195658,kuka,kuka_main,28,3.9464052,409.478821308239,-82.6595168775064,765.723323628509,455.287384,-56.6776733,728.898743,0.03
20260412_195658,kuka,kuka_main,29,4.1457707,403.827213694632,-85.9839919443342,770.377588722068,451.833618,-58.4366608,731.487244,0.03
20260412_195658,kuka,kuka_main,30,4.1976904,398.766583896189,-88.9608330022415,774.545166203138,448.515,-60.0852127,733.936707,0.03
20260412_195658,kuka,kuka_main,31,4.4703132,394.327795029801,-91.5718852765876,778.200639387223,444.79,-61.888,736.643,0.03
20260412_195658,kuka,kuka_main,32,4.6691391,390.528822317392,-93.8065751074166,781.329205150383,444.778,-61.8966789,736.654114,0.03
20260412_195658,kuka,kuka_main,33,4.7200205,387.373396465398,-95.6627079615304,783.927791146143,444.504364,-62.0945396,736.907227,0.03
20260412_195658,kuka,kuka_main,34,4.7718397,384.849647044248,-97.1472664445599,786.006173022384,437.218323,-67.1972809,743.5177,0.03
20260412_195658,kuka,kuka_main,35,4.9835591,382.928745867835,-98.2772083130381,787.588091638253,433.849762,-69.4523163,746.493958,0.03
20260412_195658,kuka,kuka_main,36,5.2425054,381.563550372999,-99.0802644864711,788.71237028106,409.51947,-83.9558487,766.655518,0.03
20260412_195658,kuka,kuka_main,37,5.2978424,380.687246999001,-99.5957370594113,789.434031883176,396.709747,-90.4455643,776.438477,0.03
20260412_195658,kuka,kuka_main,38,5.4969387,380.211994567001,-99.875297313529,789.825416238941,395.308441,-91.1112747,777.477539,0.03
20260412_195658,kuka,kuka_main,39,5.5483934,380.027567659536,-99.9837837296845,789.977297221558,394.501587,-91.4907303,778.07312,0.03
20260412_195658,kuka,kuka_main,40,5.6013573,380,-100,790,394.501587,-91.4907303,778.07312,0.03
20260412_195658,kuka,kuka_main,41,6.0142516,380,-100,789.951351189053,394.501587,-91.4907303,778.07312,0.03
20260412_195658,kuka,kuka_main,42,6.0648642,380,-100,789.625891940587,394.501587,-91.4907303,778.07312,0.03
20260412_195658,kuka,kuka_main,43,6.1187918,380,-100,788.787211178234,380.003754,-99.9979324,789.997,0.03
20260412_195658,kuka,kuka_main,44,6.3176957,380,-100,787.240793459413,380,-100,790,0.03
20260412_195658,kuka,kuka_main,45,6.368711,380,-100,784.831624939114,380,-100,790,0.03
20260412_195658,kuka,kuka_main,46,6.6301522,380,-100,781.44179933368,380,-100,784.832,0.03
20260412_195658,kuka,kuka_main,47,6.8444548,380,-100,776.988123884591,380.000153,-100.000038,784.790955,0.03
20260412_195658,kuka,kuka_main,48,6.8953524,380,-100,771.41972532225,380.001801,-100.000473,784.17865,0.03
20260412_195658,kuka,kuka_main,49,6.9471783,380,-100,764.715655829762,380,-100,781.442,0.03
20260412_195658,kuka,kuka_main,50,7.1510573,380,-100,756.882499006724,380,-100,781.442,0.03
20260412_195658,kuka,kuka_main,51,7.4191446,380,-100,747.951975833002,380.155304,-100.040771,769.307434,0.03
20260412_195658,kuka,kuka_main,52,7.4834661,380,-100,737.978550632519,380.03,-100.007874,758.128296,0.03
20260412_195658,kuka,kuka_main,53,7.6849792,380,-100,727.037037037037,380.006897,-100.001808,757.156555,0.03
20260412_195658,kuka,kuka_main,54,7.7359455,380,-100,715.22020394994,380.006897,-100.001808,757.156555,0.03
20260412_195658,kuka,kuka_main,55,7.7874426,380,-100,702.63638151002,380.006897,-100.001808,757.156555,0.03
20260412_195658,kuka,kuka_main,56,8.2289691,380,-100,689.407067055259,380.566589,-100.148705,744.240173,0.03
20260412_195658,kuka,kuka_main,57,8.2797177,380,-100,675.66453108661,380.716583,-100.188072,738.20929,0.03
20260412_195658,kuka,kuka_main,58,8.3307527,380,-100,661.549423231787,380.550507,-100.144493,714.638,0.03
20260412_195658,kuka,kuka_main,59,8.5341613,380,-100,647.208378209043,380.415833,-100.109146,710.96759,0.03
20260412_195658,kuka,kuka_main,60,8.5846082,380,-100,632.791621790957,380.415833,-100.109146,710.96759,0.03
20260412_195658,kuka,kuka_main,61,8.852819,380,-100,618.450576768213,380.415833,-100.109146,710.96759,0.03
20260412_195658,kuka,kuka_main,62,9.0485869,380,-100,604.33546891339,380.008453,-100.00222,702.549,0.03
20260412_195658,kuka,kuka_main,63,9.0993837,380,-100,590.592932944741,380.090637,-100.023773,701.695313,0.03
20260412_195658,kuka,kuka_main,64,9.1509771,380,-100,577.36361848998,381.355896,-100.355682,685.153687,0.03
20260412_195658,kuka,kuka_main,65,9.3457443,380,-100,564.77979605006,381.763977,-100.462746,676.629883,0.03
20260412_195658,kuka,kuka_main,66,9.6029537,380,-100,552.962962962963,381.506622,-100.395287,638.210571,0.03
20260412_195658,kuka,kuka_main,67,9.6559438,380,-100,542.021449367481,380.334686,-100.087814,621.927368,0.03
20260412_195658,kuka,kuka_main,68,9.8596669,380,-100,532.048024166997,380.11261,-100.029549,619.586426,0.03
20260412_195658,kuka,kuka_main,69,9.9220857,380,-100,523.117500993275,380.02005,-100.005257,618.650635,0.03
20260412_195658,kuka,kuka_main,70,9.9759773,380,-100,515.284344170237,380,-100,618.451,0.03
20260412_195658,kuka,kuka_main,71,10.390091,380,-100,508.58027467775,381.126404,-100.295143,608.868835,0.03
20260412_195658,kuka,kuka_main,72,10.4408582,380,-100,503.011876115409,381.626068,-100.426079,603.857666,0.03
20260412_195658,kuka,kuka_main,73,10.4933937,380,-100,498.55820066632,383.295105,-100.863449,575.160767,0.03
20260412_195658,kuka,kuka_main,74,10.6968997,380,-100,495.168375060886,383.395142,-100.889679,565.988647,0.03
20260412_195658,kuka,kuka_main,75,10.7488585,380,-100,492.759206540587,383.395142,-100.889679,565.988647,0.03
20260412_195658,kuka,kuka_main,76,11.0103534,380,-100,491.212788821766,380.002472,-100.000641,515.302124,0.03
20260412_195658,kuka,kuka_main,77,11.274922,380,-100,490.374108059413,380,-100,515.284,0.03
20260412_195658,kuka,kuka_main,78,11.3274553,380,-100,490.048648810947,380,-100,515.284,0.03
20260412_195658,kuka,kuka_main,79,11.3823088,380,-100,490,380.143616,-100.037567,509.741516,0.03
20260412_195658,kuka,kuka_main,80,11.6176583,380,-100,490.048648810947,380.197723,-100.05172,505.69751,0.03
20260412_195658,kuka,kuka_main,81,11.8857207,380,-100,490.374108059413,380.023682,-100.006195,490.777405,0.03
20260412_195658,kuka,kuka_main,82,11.9386729,380,-100,491.212788821766,380,-100,490.049,0.03
20260412_195658,kuka,kuka_main,83,12.1351172,380,-100,492.759206540587,380.000031,-100.000008,490.064148,0.03
20260412_195658,kuka,kuka_main,84,12.1860695,380,-100,495.168375060886,380.000366,-100.000099,490.40506,0.03
20260412_195658,kuka,kuka_main,85,12.239136,380,-100,498.55820066632,380,-100,491.213,0.03
20260412_195658,kuka,kuka_main,86,12.6574633,380,-100,503.011876115409,380.013,-100.003418,496.792847,0.03
20260412_195658,kuka,kuka_main,87,12.7095125,380,-100,508.58027467775,380.003906,-100.001022,498.131348,0.03
20260412_195658,kuka,kuka_main,88,12.7621773,380,-100,515.284344170238,380,-100,498.558,0.03
20260412_195658,kuka,kuka_main,89,12.9676302,380,-100,523.117500993276,380.000519,-100.000137,498.581573,0.03
20260412_195658,kuka,kuka_main,90,13.0193934,380,-100,532.048024166998,380.015106,-100.003975,499.272186,0.03
20260412_195658,kuka,kuka_main,91,13.2934762,380,-100,542.021449367481,380,-100,515.283569,0.03
20260412_195658,kuka,kuka_main,92,13.4951292,380,-100,552.962962962963,380,-100,515.284,0.03
20260412_195658,kuka,kuka_main,93,13.5475056,380,-100,564.77979605006,380.000854,-100.000229,515.301392,0.03
20260412_195658,kuka,kuka_main,94,13.6003102,380,-100,577.36361848998,380.271362,-100.071304,521.966736,0.03
20260412_195658,kuka,kuka_main,95,13.8113133,380,-100,590.592932944741,380.380157,-100.099884,526.112854,0.03
20260412_195658,kuka,kuka_main,96,14.0693387,380,-100,604.33546891339,380.163727,-100.043022,549.237488,0.03
20260412_195658,kuka,kuka_main,97,14.1215999,380,-100,618.450576768213,380,-100,552.963,0.03
20260412_195658,kuka,kuka_main,98,14.3281419,380,-100,632.791621790957,380,-100,552.963,0.03
20260412_195658,kuka,kuka_main,99,14.3790584,380,-100,647.208378209043,380.002045,-100.000534,552.983032,0.03
20260412_195658,kuka,kuka_main,100,14.4323413,380,-100,661.549423231787,380.761414,-100.200096,561.340393,0.03
20260412_195658,kuka,kuka_main,101,14.850544,380,-100,675.66453108661,381.991058,-100.523201,594.15332,0.03
20260412_195658,kuka,kuka_main,102,14.9018003,380,-100,689.407067055259,381.776825,-100.466904,605.759216,0.03
20260412_195658,kuka,kuka_main,103,14.9671473,380,-100,702.63638151002,380.377289,-100.099136,628.761,0.03
20260412_195658,kuka,kuka_main,104,15.1792523,380,-100,715.22020394994,380.13031,-100.034241,631.446167,0.03
20260412_195658,kuka,kuka_main,105,15.231034,380,-100,727.037037037037,380.02243,-100.005898,632.563538,0.03
20260412_195658,kuka,kuka_main,106,15.4873578,380,-100,737.978550632519,380,-100,632.792,0.03
20260412_195658,kuka,kuka_main,107,15.6892341,380,-100,747.951975833003,380.003021,-100.000793,632.816711,0.03
20260412_195658,kuka,kuka_main,108,15.7403754,380,-100,756.882499006725,380.003021,-100.000793,632.816711,0.03
20260412_195658,kuka,kuka_main,109,15.7933068,380,-100,764.715655829763,381.054016,-100.277016,642.27832,0.03
20260412_195658,kuka,kuka_main,110,15.9884025,380,-100,771.41972532225,381.534729,-100.403351,647.425781,0.03
20260412_195658,kuka,kuka_main,111,16.2590087,380,-100,776.988123884591,383.153351,-100.828682,683.635864,0.03
20260412_195658,kuka,kuka_main,112,16.3120586,380,-100,781.44179933368,383.153351,-100.828682,683.635864,0.03
20260412_195658,kuka,kuka_main,113,16.5158648,380,-100,784.831624939114,383.153351,-100.828682,683.635864,0.03
20260412_195658,kuka,kuka_main,114,16.5658119,380,-100,787.240793459413,383.153351,-100.828682,683.635864,0.03
20260412_195658,kuka,kuka_main,115,16.6166494,380,-100,788.787211178234,383.153351,-100.828682,683.635864,0.03
20260412_195658,kuka,kuka_main,116,17.022704,380,-100,789.625891940587,383.153351,-100.828682,683.635864,0.03
20260412_195658,kuka,kuka_main,117,17.0740142,380,-100,789.951351189053,380.002411,-100.000633,738.02356,0.03
20260412_195658,kuka,kuka_main,118,17.1264495,380,-100,790,380.002411,-100.000633,738.02356,0.03
20260412_195658,kuka,kuka_main,119,17.3249054,380,-99.9918918648422,790,380.419495,-100.110252,747.561584,0.03
20260412_195658,kuka,kuka_main,120,17.3883003,380,-99.9376486567645,790,380.584564,-100.153641,753.585815,0.03
20260412_195658,kuka,kuka_main,121,17.6592367,380,-99.7978685297057,790,380.00354,-100.000923,789.559753,0.03
20260412_195658,kuka,kuka_main,122,17.8694604,380,-99.5401322432355,790,380,-100,789.626,0.03
20260412_195658,kuka,kuka_main,123,17.9208033,380,-99.138604156519,790,380,-100,789.626,0.03
20260412_195658,kuka,kuka_main,124,17.973451,380,-98.57363322228,790,380,-99.139,790,0.03
20260412_195658,kuka,kuka_main,125,18.1791697,380,-97.8313539807652,790,380,-99.139,790,0.03
20260412_195658,kuka,kuka_main,126,18.4351156,380,-96.9032875537083,790,380,-97.831,790,0.03
20260412_195658,kuka,kuka_main,127,18.488056,380,-95.7859426382937,790,380,-97.831,790,0.03
20260412_195658,kuka,kuka_main,128,18.6906649,380,-94.4804165011207,790,380,-96.903,790,0.03
20260412_195658,kuka,kuka_main,129,18.7421289,380,-92.9919959721671,790,380.000122,-96.8588562,790,0.03
20260412_195658,kuka,kuka_main,130,18.7943712,380,-91.3297584387532,790,380.000122,-96.8588562,790,0.03
20260412_195658,kuka,kuka_main,131,19.2150636,380,-89.5061728395062,790,380,-94.48,790,0.03
20260412_195658,kuka,kuka_main,132,19.2668021,380,-87.5367006583234,790,380,-94.48,790,0.03
20260412_195658,kuka,kuka_main,133,19.3194676,380,-85.4393969183367,790,380.000977,-89.6632462,790.000061,0.03
20260412_195658,kuka,kuka_main,134,19.5175673,380,-83.2345111758764,790,380,-89.5056458,790,0.03
20260412_195658,kuka,kuka_main,135,19.5703959,380,-80.944088514435,790,380,-89.506,790,0.03
20260412_195658,kuka,kuka_main,136,19.8322351,380,-78.5915705386312,790,380,-80.944,790,0.03
20260412_195658,kuka,kuka_main,137,20.0427777,380,-76.2013963681739,790,380,-80.944,790,0.03
20260412_195658,kuka,kuka_main,138,20.0937969,380,-73.7986036318261,790,380.000183,-80.9135208,790,0.03
20260412_195658,kuka,kuka_main,139,20.1466595,380,-71.4084294613688,790,380.000427,-76.2719269,790,0.03
20260412_195658,kuka,kuka_main,140,20.351938,380,-69.055911485565,790,380,-76.201004,790,0.03
20260412_195658,kuka,kuka_main,141,20.6184663,380,-66.7654888241236,790,380,-76.201,790,0.03
20260412_195658,kuka,kuka_main,142,20.6727773,380,-64.5606030816633,790,380.029083,-71.6355286,790.000732,0.03
20260412_195658,kuka,kuka_main,143,20.8768653,380,-62.4632993416766,790,380.020599,-68.9339294,790.000488,0.03
20260412_195658,kuka,kuka_main,144,20.9280406,380,-60.4938271604939,790,380.006104,-67.2872543,790.000183,0.03
20260412_195658,kuka,kuka_main,145,20.9809289,380,-58.6702415612468,790,380,-66.765,790,0.03
20260412_195658,kuka,kuka_main,146,21.3922741,380,-57.0080040278329,790,380.009,-59.6345444,790.000183,0.03
20260412_195658,kuka,kuka_main,147,21.4448864,380,-55.5195834988792,790,380.000977,-58.7623291,790,0.03
20260412_195658,kuka,kuka_main,148,21.4988702,380,-54.2140573617062,790,380,-58.67,790,0.03
20260412_195658,kuka,kuka_main,149,21.7029046,380,-53.0967124462917,790,380.000183,-58.6400795,790,0.03
20260412_195658,kuka,kuka_main,150,21.7539608,380,-52.1686460192348,790,380.004211,-57.7646561,790.000061,0.03
20260412_195658,kuka,kuka_main,151,22.025869,380,-51.42636677772,790,380,-54.214,790,0.03
20260412_195658,kuka,kuka_main,152,22.2284207,380,-50.861395843481,790,380.000061,-54.1939,790,0.03
20260412_195658,kuka,kuka_main,153,22.2802662,380,-50.4598677567644,790,380.001953,-53.4996529,790,0.03
20260412_195658,kuka,kuka_main,154,22.3447217,380,-50.2021314702943,790,380,-51.426,790,0.03
20260412_195658,kuka,kuka_main,155,22.5557845,380,-50.0623513432355,790,380.000061,-51.3962097,790,0.03
20260412_195658,kuka,kuka_main,156,22.8153356,380,-50.0081081351578,790,380,-50.202,790,0.03
20260412_195658,kuka,kuka_main,157,22.8704023,380,-50,790,380,-50.008,790,0.03
20260412_195658,kuka,kuka_main,158,23.0786491,380,-49.9918918648422,790,380,-50.0055,790,0.03
20260412_195658,kuka,kuka_main,159,23.1290047,380,-49.9376486567645,790,380,-50.0000076,790,0.03
20260412_195658,kuka,kuka_main,160,23.181982,380,-49.7978685297057,790,380,-50,790,0.03
20260412_195658,kuka,kuka_main,161,23.6032797,380,-49.5401322432355,790,380,-50,790,0.03
20260412_195658,kuka,kuka_main,162,23.6554561,380,-49.138604156519,790,380,-49.7457771,790,0.03
20260412_195658,kuka,kuka_main,163,23.7079472,380,-48.57363322228,790,380,-49.7457771,790,0.03
20260412_195658,kuka,kuka_main,164,23.9492792,380,-47.8313539807652,790,380.000061,-49.4979324,790,0.03
20260412_195658,kuka,kuka_main,165,24.0007295,380,-46.9032875537083,790,380.000305,-48.997715,790,0.03
20260412_195658,kuka,kuka_main,166,24.2591878,380,-45.7859426382937,790,380,-48.574,790,0.03
20260412_195658,kuka,kuka_main,167,24.4609138,380,-44.4804165011207,790,380.000122,-48.5444603,790,0.03
20260412_195658,kuka,kuka_main,168,24.5128827,380,-42.9919959721671,790,380.00177,-47.9503403,790,0.03
20260412_195658,kuka,kuka_main,169,24.5677053,380,-41.3297584387532,790,380,-45.786,790,0.03
20260412_195658,kuka,kuka_main,170,24.797212,380,-39.5061728395062,790,380.000732,-45.6577377,790,0.03
20260412_195658,kuka,kuka_main,171,25.0765765,380,-37.5367006583234,790,380,-41.329998,790,0.03
20260412_195658,kuka,kuka_main,172,25.1310361,380,-35.4393969183367,790,380,-41.33,790,0.03
20260412_195658,kuka,kuka_main,173,25.3375217,380,-33.2345111758764,790,380,-41.33,790,0.03
20260412_195658,kuka,kuka_main,174,25.3889292,380,-30.944088514435,790,380.003815,-40.7868843,790,0.03
20260412_195658,kuka,kuka_main,175,25.4422454,380,-28.5915705386312,790,380.000031,-35.4439697,790,0.03
20260412_195658,kuka,kuka_main,176,25.8530529,380,-26.2013963681739,790,380.000031,-35.4439697,790,0.03
20260412_195658,kuka,kuka_main,177,25.9061232,380,-23.7986036318261,790,380.000031,-35.4439697,790,0.03
20260412_195658,kuka,kuka_main,178,25.9591831,380,-21.4084294613688,790,380.019073,-28.2072296,790.000122,0.03
20260412_195658,kuka,kuka_main,179,26.1647211,380,-19.055911485565,790,380.006165,-26.740797,790,0.03
20260412_195658,kuka,kuka_main,180,26.2167046,380,-16.7654888241236,790,380.000031,-26.2044697,790,0.03
20260412_195658,kuka,kuka_main,181,26.4863625,380,-14.5606030816633,790,380,-26.201,790,0.03
20260412_195658,kuka,kuka_main,182,26.6920426,380,-12.4632993416766,790,380.000305,-26.1813202,790,0.03
20260412_195658,kuka,kuka_main,183,26.7432225,380,-10.4938271604939,790,380.000305,-26.1813202,790,0.03
20260412_195658,kuka,kuka_main,184,26.7961543,380,-8.67024156124678,790,380.021301,-16.1758842,790.000061,0.03
20260412_195658,kuka,kuka_main,185,27.0005132,380,-7.00800402783292,790,380.005341,-14.9213715,790,0.03
20260412_195658,kuka,kuka_main,186,27.2623909,380,-5.51958349887924,790,380,-14.5609989,790,0.03
20260412_195658,kuka,kuka_main,187,27.3173363,380,-4.21405736170621,790,380.026184,-9.31795216,790,0.03
20260412_195658,kuka,kuka_main,188,27.5301369,380,-3.09671244629168,790,380.014496,-6.97154856,790,0.03
20260412_195658,kuka,kuka_main,189,27.5816998,380,-2.16864601923481,790,380.002777,-5.76086855,790,0.03
20260412_195658,kuka,kuka_main,190,27.6351372,380,-1.42636677772003,790,380,-5.51999855,790,0.03
20260412_195658,kuka,kuka_main,191,28.0759825,380,-0.86139584348097,790,380.000031,-1.43136787,790,0.03
20260412_195658,kuka,kuka_main,192,28.127862,380,-0.459867756764432,790,380,-1.42599905,790,0.03
20260412_195658,kuka,kuka_main,193,28.1808548,380,-0.202131470294333,790,380,-1.426,790,0.03
20260412_195658,kuka,kuka_main,194,28.3867847,380,-0.0623513432354912,790,380.000031,-1.39688766,790,0.03
20260412_195658,kuka,kuka_main,195,28.439284,380,-0.00810813515776942,790,380.000488,-0.852051377,790,0.03
20260412_195658,kuka,kuka_main,196,28.6989778,380,0,790,380,-0.202,790,0.03
20260412_195658,kuka,kuka_main,197,28.9047085,380,0.0162162703156833,790,380,-0.165069118,790,0.03
20260412_195658,kuka,kuka_main,198,28.9561054,380,0.124702686471065,790,380,-0.0125895394,790,0.03
20260412_195658,kuka,kuka_main,199,29.0091184,380,0.404262940588699,790,380,-8.21009e-14,790,0.03
20260412_195658,kuka,kuka_main,200,29.2123911,380,0.919735513528915,790,380.000031,0.0553980209,790,0.03
20260412_195658,kuka,kuka_main,201,29.4801488,380,1.72279168696194,790,380,0.404,790,0.03
20260412_195658,kuka,kuka_main,202,29.5328351,380,2.85273355544004,790,380,1.72307122,790,0.03
20260412_195658,kuka,kuka_main,203,29.7479162,380,4.33729203846964,790,380,1.72300124,790,0.03
20260412_195658,kuka,kuka_main,204,29.7992902,380,6.19342489258342,790,380.000397,1.84867275,790,0.03
20260412_195658,kuka,kuka_main,205,29.8640866,380,8.42811472341251,790,380,4.3369956,790,0.03
20260412_195658,kuka,kuka_main,206,30.2742636,380,11.0391669977585,790,380,4.337,790,0.03
20260412_195658,kuka,kuka_main,207,30.3268845,380,14.0160080556659,790,380.000244,4.36589813,790,0.03
20260412_195658,kuka,kuka_main,208,30.3791728,380,17.3404831224936,790,380.006958,10.1228628,790,0.03
20260412_195658,kuka,kuka_main,209,30.5806085,380,20.9876543209877,790,380.000763,10.953002,790,0.03
20260412_195658,kuka,kuka_main,210,30.6324373,380,24.9265986833532,790,380,11.0389853,790,0.03
20260412_195658,kuka,kuka_main,211,30.901772,380,29.1212061633265,790,380,11.039,790,0.03
20260412_195658,kuka,kuka_main,212,31.1039717,380,33.5309776482471,790,380.001343,11.0955849,790,0.03
20260412_195658,kuka,kuka_main,213,31.1558613,380,38.11182297113,790,380.014038,11.6500673,790,0.03
20260412_195658,kuka,kuka_main,214,31.2083049,380,42.8168589227376,790,380.096,23.0322361,790.000183,0.03
20260412_195658,kuka,kuka_main,215,31.4130073,380,47.5972072636522,790,380.058197,26.2004528,790.000122,0.03
20260412_195658,kuka,kuka_main,216,31.6706515,380,52.4027927363478,790,380,29.121,790,0.03
20260412_195658,kuka,kuka_main,217,31.7238417,380,57.1831410772624,790,380.105194,33.3149681,790.000916,0.03
20260412_195658,kuka,kuka_main,218,31.922883,380,61.8881770288701,790,380.152283,36.3365402,790.001282,0.03
20260412_195658,kuka,kuka_main,219,31.9742191,380,66.4690223517529,790,380.177856,40.5026054,790.001526,0.03
20260412_195658,kuka,kuka_main,220,32.0272034,380,70.8787938366734,790,380.000061,52.4011154,790,0.03
20260412_195658,kuka,kuka_main,221,32.4851863,380,75.0734013166468,790,380,52.4033051,790,0.03
20260412_195658,kuka,kuka_main,222,32.5487575,380,79.0123456790123,790,380.004761,52.5641823,790.000122,0.03
20260412_195658,kuka,kuka_main,223,32.6015112,380,82.6595168775064,790,380.163818,61.8913689,790.003418,0.03
20260412_195658,kuka,kuka_main,224,32.805793,380,85.9839919443342,790,380.156433,66.7322693,790.003296,0.03
20260412_195658,kuka,kuka_main,225,32.8585481,380,88.9608330022415,790,380.111267,70.329422,790.002319,0.03
20260412_195658,kuka,kuka_main,226,33.1174692,380,91.5718852765876,790,380,75.073,790,0.03
20260412_195658,kuka,kuka_main,227,33.3176612,380,93.8065751074166,790,380.000641,75.1030884,790,0.03
20260412_195658,kuka,kuka_main,228,33.3693645,380,95.6627079615304,790,380.011566,75.6287308,790.000427,0.03
20260412_195658,kuka,kuka_main,229,33.4222018,380,97.1472664445599,790,380.072205,86.8847656,790.002563,0.03
20260412_195658,kuka,kuka_main,230,33.6278071,380,98.2772083130381,790,380.031555,89.9436111,790.001099,0.03
20260412_195658,kuka,kuka_main,231,33.8989905,380,99.0802644864711,790,380,91.572,790,0.03
20260412_195658,kuka,kuka_main,232,33.9523746,380,99.5957370594113,790,380.018311,95.4782639,790.000854,0.03
20260412_195658,kuka,kuka_main,233,34.1497548,380,99.875297313529,790,380.010681,97.7510757,790.000488,0.03
20260412_195658,kuka,kuka_main,234,34.2026603,380,99.9837837296845,790,380.00177,98.8925781,790.000061,0.03
20260412_195658,kuka,kuka_main,235,34.2551679,380,100,790,380,99.08,790,0.03
20260412_195658,kuka,kuka_main,236,34.6662393,380,100,789.951351189053,380,100,790,0.03
20260412_195658,kuka,kuka_main,237,34.7181888,380,100,789.625891940587,380,100,789.988098,0.03
20260412_195658,kuka,kuka_main,238,34.7711158,380,100,788.787211178234,380,100,789.951,0.03
20260412_195658,kuka,kuka_main,239,34.9896025,380,100,787.240793459413,380.000183,100.000046,789.777771,0.03
20260412_195658,kuka,kuka_main,240,35.0425733,380,100,784.831624939114,380.000214,100.000053,788.998474,0.03
20260412_195658,kuka,kuka_main,241,35.3133724,380,100,781.44179933368,380,100,788.787,0.03
20260412_195658,kuka,kuka_main,242,35.517613,380,100,776.988123884591,380.000122,100.000038,788.769348,0.03
20260412_195658,kuka,kuka_main,243,35.5705988,380,100,771.41972532225,380.003876,100.001022,788.222168,0.03
20260412_195658,kuka,kuka_main,244,35.6241746,380,100,764.715655829762,380.00177,100.000465,781.687378,0.03
20260412_195658,kuka,kuka_main,245,35.8254961,380,100,756.882499006724,380.000061,100.000015,781.449219,0.03
20260412_195658,kuka,kuka_main,246,36.0834814,380,100,747.951975833002,380,100,781.442,0.03
20260412_195658,kuka,kuka_main,247,36.1372269,380,100,737.978550632519,380.190308,100.050385,774.501221,0.03
20260412_195658,kuka,kuka_main,248,36.342002,380,100,727.037037037037,380.190308,100.050385,774.501221,0.03
20260412_195658,kuka,kuka_main,249,36.3935317,380,100,715.22020394994,380.190308,100.050385,774.501221,0.03
20260412_195658,kuka,kuka_main,250,36.4449218,380,100,702.63638151002,380.190308,100.050385,774.501221,0.03
20260412_195658,kuka,kuka_main,251,36.8606462,380,100,689.407067055259,380.190308,100.050385,774.501221,0.03
20260412_195658,kuka,kuka_main,252,36.9114724,380,100,675.66453108661,380.190308,100.050385,774.501221,0.03
20260412_195658,kuka,kuka_main,253,36.9642971,380,100,661.549423231787,380.533661,100.141403,737.832397,0.03
20260412_195658,kuka,kuka_main,254,37.1645947,380,100,647.208378209043,380.74649,100.197784,731.809875,0.03
20260412_195658,kuka,kuka_main,255,37.2160648,380,100,632.791621790957,380.911469,100.24147,723.473511,0.03
20260412_195658,kuka,kuka_main,256,37.4871441,380,100,618.450576768213,380.046783,100.012398,690.139709,0.03
20260412_195658,kuka,kuka_main,257,37.6895885,380,100,604.33546891339,380.005432,100.001434,689.490845,0.03
20260412_195658,kuka,kuka_main,258,37.7421105,380,100,590.592932944741,380,100,689.40686,0.03
20260412_195658,kuka,kuka_main,259,37.7951835,380,100,577.36361848998,380,100,689.407,0.03
20260412_195658,kuka,kuka_main,260,38.0148994,380,100,564.77979605006,380.007874,100.00209,689.347595,0.03
20260412_195658,kuka,kuka_main,261,38.2825239,380,100,552.962962962963,381.972351,100.523247,671.845825,0.03
20260412_195658,kuka,kuka_main,262,38.3349002,380,100,542.021449367481,383.775,101.00116,635.105042,0.03
20260412_195658,kuka,kuka_main,263,38.5364487,380,100,532.048024166997,383.723267,100.987358,625.756165,0.03
20260412_195658,kuka,kuka_main,264,38.5881409,380,100,523.117500993275,383.46759,100.919495,616.600891,0.03
20260412_195658,kuka,kuka_main,265,38.6414966,380,100,515.284344170237,383.46759,100.919495,616.600891,0.03
20260412_195658,kuka,kuka_main,266,39.1036153,380,100,508.58027467775,380,100,577.364,0.03
20260412_195658,kuka,kuka_main,267,39.1570538,380,100,503.011876115409,380,100,577.364,0.03
20260412_195658,kuka,kuka_main,268,39.2110468,380,100,498.55820066632,380.45108,100.119926,572.275513,0.03
20260412_195658,kuka,kuka_main,269,39.4283646,380,100,495.168375060886,380.730377,100.194183,568.684692,0.03
20260412_195658,kuka,kuka_main,270,39.4813538,380,100,492.759206540587,381.108,100.294563,562.971558,0.03
20260412_195658,kuka,kuka_main,271,39.7560127,380,100,491.212788821766,380.793976,100.211029,512.295044,0.03
20260412_195658,kuka,kuka_main,272,39.959511,380,100,490.374108059413,380.445953,100.11853,507.882324,0.03
20260412_195658,kuka,kuka_main,273,40.0219121,380,100,490.048648810947,380.22168,100.058922,505.344177,0.03
20260412_195658,kuka,kuka_main,274,40.0743362,380,100,490,380,100,503.012,0.03
20260412_195658,kuka,kuka_main,275,40.2766177,380,100,490.048648810947,380.000275,100.000076,502.995331,0.03
20260412_195658,kuka,kuka_main,276,40.536722,380,100,490.374108059413,380.045044,100.012009,493.633362,0.03
20260412_195658,kuka,kuka_main,277,40.5900802,380,100,491.212788821766,380,100,490,0.03
20260412_195658,kuka,kuka_main,278,40.7941628,380,100,492.759206540587,380,100,490,0.03
20260412_195658,kuka,kuka_main,279,40.8453847,380,100,495.168375060886,380,100,490,0.03
20260412_195658,kuka,kuka_main,280,40.8965189,380,100,498.55820066632,380,100,492.759125,0.03
20260412_195658,kuka,kuka_main,281,41.3227458,380,100,503.011876115409,380,100,492.759,0.03
20260412_195658,kuka,kuka_main,282,41.3747476,380,100,508.58027467775,380.00061,100.00016,492.803864,0.03
20260412_195658,kuka,kuka_main,283,41.4280799,380,100,515.284344170238,380.032898,100.008766,499.040192,0.03
20260412_195658,kuka,kuka_main,284,41.6314634,380,100,523.117500993276,380.020355,100.005417,501.178711,0.03
20260412_195658,kuka,kuka_main,285,41.6834609,380,100,532.048024166998,380.005859,100.001564,502.55777,0.03
20260412_195658,kuka,kuka_main,286,41.941905,380,100,542.021449367481,380,100,503.012,0.03
20260412_195658,kuka,kuka_main,287,42.1466184,380,100,552.962962962963,380.001282,100.000336,503.036713,0.03
20260412_195658,kuka,kuka_main,288,42.1970601,380,100,564.77979605006,380.017365,100.004623,503.352325,0.03
20260412_195658,kuka,kuka_main,289,42.2498985,380,100,577.36361848998,380.418823,100.111412,514.682373,0.03
20260412_195658,kuka,kuka_main,290,42.4777729,380,100,590.592932944741,380.4953,100.13176,521.106567,0.03
20260412_195658,kuka,kuka_main,291,42.7528327,380,100,604.33546891339,380.05127,100.013641,540.980774,0.03
20260412_195658,kuka,kuka_main,292,42.8074381,380,100,618.450576768213,380,100,542.021,0.03
20260412_195658,kuka,kuka_main,293,43.0157849,380,100,632.791621790957,380.000763,100.000206,542.02887,0.03
20260412_195658,kuka,kuka_main,294,43.0667764,380,100,647.208378209043,380.035248,100.009354,542.380493,0.03
20260412_195658,kuka,kuka_main,295,43.1183914,380,100,661.549423231787,380.920197,100.244232,553.000061,0.03
20260412_195658,kuka,kuka_main,296,43.5193918,380,100,675.66453108661,381.774445,100.471062,587.373596,0.03
20260412_195658,kuka,kuka_main,297,43.5714214,380,100,689.407067055259,381.52121,100.403854,595.979187,0.03
20260412_195658,kuka,kuka_main,298,43.6258752,380,100,702.63638151002,380.238434,100.063316,615.858643,0.03
20260412_195658,kuka,kuka_main,299,43.8335537,380,100,715.22020394994,380.058777,100.015602,617.828308,0.03
20260412_195658,kuka,kuka_main,300,43.8868545,380,100,727.037037037037,380.001,100.000275,618.440247,0.03
20260412_195658,kuka,kuka_main,301,44.1556899,380,100,737.978550632519,380,100,618.451,0.03
20260412_195658,kuka,kuka_main,302,44.3647407,380,100,747.951975833003,380.00238,100.000626,618.467834,0.03
20260412_195658,kuka,kuka_main,303,44.4165576,380,100,756.882499006725,380.048431,100.012833,618.795288,0.03
20260412_195658,kuka,kuka_main,304,44.4693935,380,100,764.715655829763,381.239227,100.328308,628.048584,0.03
20260412_195658,kuka,kuka_main,305,44.6716748,380,100,771.41972532225,381.776428,100.470657,632.877197,0.03
20260412_195658,kuka,kuka_main,306,44.9291746,380,100,776.988123884591,384.038452,101.070335,669.989624,0.03
20260412_195658,kuka,kuka_main,307,44.9944266,380,100,781.44179933368,382.894531,100.767433,710.27063,0.03
20260412_195658,kuka,kuka_main,308,45.1965767,380,100,784.831624939114,382.26947,100.601753,717.878,0.03
20260412_195658,kuka,kuka_main,309,45.2479844,380,100,787.240793459413,381.593292,100.422485,724.759766,0.03
20260412_195658,kuka,kuka_main,310,45.3002554,380,100,788.787211178234,380.008942,100.002373,737.91272,0.03
20260412_195658,kuka,kuka_main,311,45.7167387,380,100,789.625891940587,380,100,737.979,0.03
20260412_195658,kuka,kuka_main,312,45.7682676,380,100,789.951351189053,380.000824,100.000221,737.994324,0.03
20260412_195658,kuka,kuka_main,313,45.8215046,380,100,790,380.27182,100.071953,743.661438,0.03
20260412_195658,kuka,kuka_main,314,46.0249505,380.027567659537,99.9837837296843,789.977297221558,380.389282,100.103043,746.699585,0.03
20260412_195658,kuka,kuka_main,315,46.0756466,380.211994567001,99.8752973135289,789.825416238941,380.524292,100.138786,751.067932,0.03
20260412_195658,kuka,kuka_main,316,46.3370922,380.687246999001,99.5957370594113,789.434031883176,380.023193,100.006142,789.186768,0.03
20260412_195658,kuka,kuka_main,317,46.5399322,381.563550372999,99.0802644864711,788.71237028106,380.000641,100.000175,789.613708,0.03
20260412_195658,kuka,kuka_main,318,46.5919539,382.928745867835,98.2772083130381,787.588091638253,380,100,789.626,0.03
20260412_195658,kuka,kuka_main,319,46.6447694,384.849647044248,97.14726644456,786.006173022384,380,100,789.626,0.03
20260412_195658,kuka,kuka_main,320,46.8468653,387.373396465398,95.6627079615304,783.927791146142,380,100,789.626,0.03
20260412_195658,kuka,kuka_main,321,47.1156996,390.528822317392,93.8065751074166,781.329205150383,384.841,97.1524124,786.012756,0.03
20260412_195658,kuka,kuka_main,322,47.1683544,394.327795029801,91.5718852765875,778.200639387223,384.85,97.147,786.006,0.03
20260412_195658,kuka,kuka_main,323,47.3698364,398.76658389619,88.9608330022415,774.545166203138,384.947723,97.0920563,785.927124,0.03
20260412_195658,kuka,kuka_main,324,47.4321744,403.827213694632,85.9839919443341,770.377588722068,385.607544,96.7196884,785.393677,0.03
20260412_195658,kuka,kuka_main,325,47.4840497,409.478821308239,82.6595168775064,765.723323628509,393.933075,91.814415,778.532593,0.03
20260412_195658,kuka,kuka_main,326,47.9386032,415.679012345679,79.0123456790124,760.617283950617,393.933075,91.814415,778.532593,0.03
20260412_195658,kuka,kuka_main,327,47.9912769,422.3752177617,75.0734013166468,755.102761843305,393.933075,91.814415,778.532593,0.03
20260412_195658,kuka,kuka_main,328,48.04499,429.506050477655,70.8787938366735,749.230311371343,399.945892,88.4996719,773.731689,0.03
20260412_195658,kuka,kuka_main,329,48.2519472,437.00266200202,66.4690223517529,743.056631292454,403.381958,86.5411,770.944946,0.03
20260412_195658,kuka,kuka_main,330,48.304875,444.790099050921,61.88817702887,736.643447840418,407.472565,84.1283875,767.572449,0.03
20260412_195658,kuka,kuka_main,331,48.5749496,452.788660168654,57.1831410772624,730.056397508167,415.679,79.012,760.617,0.03
20260412_195658,kuka,kuka_main,332,48.7893524,460.915252348209,52.4027927363478,723.363909830887,415.708649,78.9971,760.594543,0.03
20260412_195658,kuka,kuka_main,333,48.8402311,469.084747651791,47.5972072636522,716.636090169113,415.708649,78.9971,760.594543,0.03
20260412_195658,kuka,kuka_main,334,48.8919988,477.211339831346,42.8168589227376,709.943602491833,424.335205,74.5031433,753.94043,0.03
20260412_195658,kuka,kuka_main,335,49.0981671,485.209900949079,38.1118229711299,703.356552159582,428.064,72.45755,750.985718,0.03
20260412_195658,kuka,kuka_main,336,49.3558253,492.99733799798,33.5309776482471,696.943368707546,447.425171,60.7634659,734.808533,0.03
20260412_195658,kuka,kuka_main,337,49.4093958,500.493949522345,29.1212061633266,690.769688628657,452.728058,57.2245636,730.110718,0.03
20260412_195658,kuka,kuka_main,338,49.6146613,507.6247822383,24.9265986833532,684.897238156694,452.789032,57.1829681,730.055969,0.03
20260412_195658,kuka,kuka_main,339,49.6680877,514.320987654321,20.9876543209877,679.382716049383,452.789,57.183,730.056,0.03
20260412_195658,kuka,kuka_main,340,49.7209221,520.521178691761,17.3404831224936,674.276676371491,457.144775,55.1055,726.935486,0.03
20260412_195658,kuka,kuka_main,341,50.1567397,526.172786305368,14.0160080556658,669.622411277932,476.210815,45.2096405,712.520935,0.03
20260412_195658,kuka,kuka_main,342,50.2077719,531.233416103811,11.0391669977585,665.454833796862,481.997162,41.9335556,707.885498,0.03
20260412_195658,kuka,kuka_main,343,50.2620257,535.672204970199,8.42811472341242,661.799360612777,500.748413,30.3616238,691.92926,0.03
20260412_195658,kuka,kuka_main,344,50.4620823,539.471177682608,6.19342489258337,658.670794849617,504.278748,28.008667,688.752,0.03
20260412_195658,kuka,kuka_main,345,50.5136025,542.626603534602,4.33729203846963,656.072208853857,507.260864,25.9753246,686.022095,0.03
20260412_195658,kuka,kuka_main,346,50.7743495,545.150352955752,2.85273355544007,653.993826977616,514.321,20.988,679.383,0.03
20260412_195658,kuka,kuka_main,347,51.0132194,547.071254132165,1.72279168696194,652.411908361747,514.321,20.988,679.383,0.03
20260412_195658,kuka,kuka_main,348,51.0632907,548.436449627001,0.919735513528863,651.28762971894,514.321,20.988,679.383,0.03
20260412_195658,kuka,kuka_main,349,51.1146171,549.312753000999,0.404262940588666,650.565968116824,514.321,20.988,679.383,0.03
20260412_195658,kuka,kuka_main,350,51.3785555,549.788005432999,0.124702686470982,650.174583761059,514.321,20.988,679.383,0.03
20260412_195658,kuka,kuka_main,351,51.6487383,549.972432340464,0.0162162703155388,650.022702778442,543.517395,3.90020919,655.442383,0.03
20260412_195658,kuka,kuka_main,352,51.7014807,550,0,650,543.517395,3.90020919,655.442383,0.03
20260412_200759_roarm_1_ep01,roarm,roarm_1,1,0,210,160,130,210.062599358311,161.41486653012,129.772048183655,0.2
20260412_200759_roarm_1_ep01,roarm,roarm_1,2,0.2,217.5,156.666666666667,135,218.36522884768,156.925312080997,135.585028267652,0.2
20260412_200759_roarm_1_ep01,roarm,roarm_1,3,0.4,225,153.333333333333,140,224.259799034437,155.840226544028,140.396610858283,0.2
20260412_200759_roarm_1_ep01,roarm,roarm_1,4,0.6,232.5,150,145,232.711514622195,148.214102075264,144.806851333858,0.2
20260412_200759_roarm_1_ep01,roarm,roarm_1,5,0.8,240,146.666666666667,150,237.831591250626,146.233785429004,148.7708595785,0.2
20260412_200759_roarm_1_ep01,roarm,roarm_1,6,1,247.5,143.333333333333,155,247.40405124409,143.561643705593,154.515453896816,0.2
20260412_200759_roarm_1_ep01,roarm,roarm_1,7,1.2,255,140,160,257.449346756545,142.05334325904,161.413900768347,0.2
20260412_200759_roarm_1_ep01,roarm,roarm_1,8,1.4,262.5,136.666666666667,165,263.386092862211,137.836669859441,164.342755782878,0.2
20260412_200759_roarm_1_ep01,roarm,roarm_1,9,1.6,270,133.333333333333,170,270.197721394655,131.649707576829,170.239846434417,0.2
20260412_200759_roarm_1_ep01,roarm,roarm_1,10,1.8,277.5,130,175,279.213234169948,128.348700093749,174.791117544989,0.2
20260412_200759_roarm_1_ep01,roarm,roarm_1,11,2,285,126.666666666667,180,282.800877959989,127.576088170938,181.230829436123,0.2
20260412_200759_roarm_1_ep01,roarm,roarm_1,12,2.2,292.5,123.333333333333,185,294.215177594426,121.794834857669,184.290965181876,0.2
20260412_200759_roarm_1_ep01,roarm,roarm_1,13,2.4,300,120,190,299.846762218804,119.407314910003,189.472445708903,0.2
20260412_200759_roarm_1_ep01,roarm,roarm_1,14,2.6,300,120,190,296.213197581177,120.955015092102,189.765577824941,0.2
20260412_200759_roarm_1_ep01,roarm,roarm_1,15,2.8,298.333333333333,110,195,299.373375482569,110.396792887934,192.021455995657,0.2
20260412_200759_roarm_1_ep01,roarm,roarm_1,16,3,296.666666666667,100,200,296.214696968286,101.179127463037,201.04516547758,0.2
20260412_200759_roarm_1_ep01,roarm,roarm_1,17,3.2,295,90,205,294.524171317559,90.780773458165,205.237981083767,0.2
20260412_200759_roarm_1_ep01,roarm,roarm_1,18,3.4,293.333333333333,80,210,294.716144971462,82.945406205876,209.088564738093,0.2
20260412_200759_roarm_1_ep01,roarm,roarm_1,19,3.6,291.666666666667,70,215,294.816571462047,70.3216961427443,214.200965447195,0.2
20260412_200759_roarm_1_ep01,roarm,roarm_1,20,3.8,290,60,220,288.784490649856,60.1766524714648,220.138022894447,0.2
20260412_200759_roarm_1_ep01,roarm,roarm_1,21,4,288.333333333333,50,225,288.94970026594,51.2405100460994,225.361593114062,0.2
20260412_200759_roarm_1_ep01,roarm,roarm_1,22,4.2,286.666666666667,40,230,285.129901679737,38.9647613297948,229.241111368187,0.2
20260412_200759_roarm_1_ep01,roarm,roarm_1,23,4.4,285,30,235,284.11432088774,30.5327294169887,235.340715748662,0.2
20260412_200759_roarm_1_ep01,roarm,roarm_1,24,4.6,283.333333333333,20,240,282.992026081723,18.501746061514,239.674150411667,0.2
20260412_200759_roarm_1_ep01,roarm,roarm_1,25,4.8,281.666666666667,10,245,282.56223800515,9.80559104916479,246.440339763546,0.2
20260412_200759_roarm_1_ep01,roarm,roarm_1,26,5,280,0,250,278.772409790215,0.441268813633589,251.151372070145,0.2
20260412_200759_roarm_1_ep01,roarm,roarm_1,27,5.2,280,0,250,278.709602033893,-0.0841426793815572,248.785252955389,0.2
20260412_200759_roarm_1_ep01,roarm,roarm_1,28,5.4,281.666666666667,10,245,280.270011407481,7.82907025376937,244.065250950475,0.2
20260412_200759_roarm_1_ep01,roarm,roarm_1,29,5.6,283.333333333333,20,240,283.88478018541,19.6397733303402,240.583039619924,0.2
20260412_200759_roarm_1_ep01,roarm,roarm_1,30,5.8,285,30,235,286.541609936843,30.5438353429506,235.775481009928,0.2
20260412_200759_roarm_1_ep01,roarm,roarm_1,31,6,286.666666666667,40,230,287.799139271985,43.5359777002523,230.757204413042,0.2
20260412_200759_roarm_1_ep01,roarm,roarm_1,32,6.2,288.333333333333,50,225,286.095335193834,50.4436528410418,225.667410121547,0.2
20260412_200759_roarm_1_ep01,roarm,roarm_1,33,6.4,290,60,220,291.413984033496,61.2257078489576,219.508093869491,0.2
20260412_200759_roarm_1_ep01,roarm,roarm_1,34,6.6,291.666666666667,70,215,291.708203842768,70.5177932262089,215.215736983932,0.2
20260412_200759_roarm_1_ep01,roarm,roarm_1,35,6.8,293.333333333333,80,210,296.376826499929,77.5932240267571,210.855678862748,0.2
20260412_200759_roarm_1_ep01,roarm,roarm_1,36,7,295,90,205,296.779635423793,89.1141013941799,205.49565592385,0.2
20260412_200759_roarm_1_ep01,roarm,roarm_1,37,7.2,296.666666666667,100,200,296.533164154422,98.4498589819688,200.100672296614,0.2
20260412_200759_roarm_1_ep01,roarm,roarm_1,38,7.4,298.333333333333,110,195,300.835533245605,109.401279329062,195.627519815541,0.2
20260412_200759_roarm_1_ep01,roarm,roarm_1,39,7.6,300,120,190,298.317990684405,118.617511329634,188.760954520955,0.2
20260412_200759_roarm_1_ep01,roarm,roarm_1,40,7.8,300,120,190,297.847973493724,118.586213141847,189.100356973342,0.2
20260412_200759_roarm_1_ep02,roarm,roarm_1,41,8,300,-120,190,299.239720053904,-121.162378027638,189.206267976774,0.2
20260412_200759_roarm_1_ep02,roarm,roarm_1,42,8.2,295.833333333333,-110,192.5,295.358079013284,-108.242348738249,192.495202124016,0.2
20260412_200759_roarm_1_ep02,roarm,roarm_1,43,8.4,291.666666666667,-100,195,292.29820832688,-97.6217541352937,195.684602384651,0.2
20260412_200759_roarm_1_ep02,roarm,roarm_1,44,8.6,287.5,-90,197.5,287.694080275299,-88.3709742635016,199.729872637885,0.2
20260412_200759_roarm_1_ep02,roarm,roarm_1,45,8.8,283.333333333333,-80,200,282.557886260834,-78.727440717098,199.186005939222,0.2
20260412_200759_roarm_1_ep02,roarm,roarm_1,46,9,279.166666666667,-70,202.5,277.293968801005,-71.0161134873023,202.426268037306,0.2
20260412_200759_roarm_1_ep02,roarm,roarm_1,47,9.2,275,-60,205,272.057403159195,-62.3978920543638,204.942933854852,0.2
20260412_200759_roarm_1_ep02,roarm,roarm_1,48,9.4,270.833333333333,-50,207.5,271.734178744471,-48.8218209137538,207.937340297669,0.2
20260412_200759_roarm_1_ep02,roarm,roarm_1,49,9.6,266.666666666667,-40,210,266.396959625328,-39.2049762358406,212.492850202461,0.2
20260412_200759_roarm_1_ep02,roarm,roarm_1,50,9.8,262.5,-30,212.5,265.465222091283,-30.0890720283664,213.914432228409,0.2
20260412_200759_roarm_1_ep02,roarm,roarm_1,51,10,258.333333333333,-20,215,257.402457588372,-19.4737975589873,215.144422740311,0.2
20260412_200759_roarm_1_ep02,roarm,roarm_1,52,10.2,254.166666666667,-10,217.5,255.311612433333,-11.8224076911236,218.124257037745,0.2
20260412_200759_roarm_1_ep02,roarm,roarm_1,53,10.4,250,0,220,250.252939354006,0.493137888921734,218.97138849032,0.2
20260412_200759_roarm_1_ep02,roarm,roarm_1,54,10.6,250,0,220,249.40963550205,-2.31621053382315,219.266137419231,0.2
20260412_200759_roarm_1_ep02,roarm,roarm_1,55,10.8,252.5,0,222.5,251.045150087155,-0.524440349993992,222.669241310611,0.2
20260412_200759_roarm_1_ep02,roarm,roarm_1,56,11,255,0,225,256.271938026512,-1.60359423054754,225.293622183604,0.2
20260412_200759_roarm_1_ep02,roarm,roarm_1,57,11.2,257.5,0,227.5,259.129728341428,1.44197284978126,225.905553641909,0.2
20260412_200759_roarm_1_ep02,roarm,roarm_1,58,11.4,260,0,230,261.098026976713,-0.253150549072248,231.381407728451,0.2
20260412_200759_roarm_1_ep02,roarm,roarm_1,59,11.6,262.5,0,232.5,263.89395311023,-0.523268618948841,232.769422538668,0.2
20260412_200759_roarm_1_ep02,roarm,roarm_1,60,11.8,265,0,235,265.766277256467,-3.69176767715891,234.386011777444,0.2
20260412_200759_roarm_1_ep02,roarm,roarm_1,61,12,267.5,0,237.5,266.90682966571,-1.71713050854057,235.267631670435,0.2
20260412_200759_roarm_1_ep02,roarm,roarm_1,62,12.2,270,0,240,271.260056260654,-0.920678952317291,241.172159340214,0.2
20260412_200759_roarm_1_ep02,roarm,roarm_1,63,12.4,272.5,0,242.5,271.062639386005,1.42968869226628,243.203446627223,0.2
20260412_200759_roarm_1_ep02,roarm,roarm_1,64,12.6,275,0,245,275.839842567991,-1.55699685182942,244.821684356576,0.2
20260412_200759_roarm_1_ep02,roarm,roarm_1,65,12.8,277.5,0,247.5,276.795092181172,-1.43983010378281,247.054974702219,0.2
20260412_200759_roarm_1_ep02,roarm,roarm_1,66,13,280,0,250,277.568239388356,-0.236091575251014,249.802541745831,0.2
20260412_200759_roarm_1_ep02,roarm,roarm_1,67,13.2,280,0,250,278.752948823965,0.956000905025806,248.951401318838,0.2
20260412_200759_roarm_1_ep02,roarm,roarm_1,68,13.4,274.166666666667,13.3333333333333,240,273.794391889472,14.1207030717815,240.213223909375,0.2
20260412_200759_roarm_1_ep02,roarm,roarm_1,69,13.6,268.333333333333,26.6666666666667,230,264.737267759152,25.5080384075669,229.593896693016,0.2
20260412_200759_roarm_1_ep02,roarm,roarm_1,70,13.8,262.5,40,220,261.670020418875,37.9705510405245,219.956883771245,0.2
20260412_200759_roarm_1_ep02,roarm,roarm_1,71,14,256.666666666667,53.3333333333333,210,256.4152204808,55.252723026687,210.112219107279,0.2
20260412_200759_roarm_1_ep02,roarm,roarm_1,72,14.2,250.833333333333,66.6666666666667,200,251.891555421663,66.471071233465,198.174535570618,0.2
20260412_200759_roarm_1_ep02,roarm,roarm_1,73,14.4,245,80,190,242.790080934612,78.8728941222385,189.566270083766,0.2
20260412_200759_roarm_1_ep02,roarm,roarm_1,74,14.6,239.166666666667,93.3333333333333,180,240.031193227841,92.081649106447,179.371204638487,0.2
20260412_200759_roarm_1_ep02,roarm,roarm_1,75,14.8,233.333333333333,106.666666666667,170,233.717111022753,105.82359229226,168.771580136579,0.2
20260412_200759_roarm_1_ep02,roarm,roarm_1,76,15,227.5,120,160,226.668938593552,118.979586618744,160.691164599443,0.2
20260412_200759_roarm_1_ep02,roarm,roarm_1,77,15.2,221.666666666667,133.333333333333,150,221.999573748299,134.152230048265,149.540253001098,0.2
20260412_200759_roarm_1_ep02,roarm,roarm_1,78,15.4,215.833333333333,146.666666666667,140,219.008402335236,146.830318906439,139.080173954518,0.2
20260412_200759_roarm_1_ep02,roarm,roarm_1,79,15.6,210,160,130,208.01459100367,160.147975276668,129.593359971046,0.2
20260412_200759_roarm_1_ep02,roarm,roarm_1,80,15.8,210,160,130,207.972162251579,159.295277189269,128.371989226472,0.2
20260412_200759_roarm_1_ep03,roarm,roarm_1,81,16,210,-160,130,212.039468913394,-159.56345461589,127.781005288702,0.2
20260412_200759_roarm_1_ep03,roarm,roarm_1,82,16.2,210,-160,130,209.783059118066,-159.881949908131,130.562218061472,0.2
20260412_200759_roarm_1_ep03,roarm,roarm_1,83,16.4,210,-160,130,209.753586288608,-158.239445247052,128.671604888862,0.2
20260412_200759_roarm_1_ep03,roarm,roarm_1,84,16.6,210,-160,130,213.688820193634,-157.971692760686,129.753226713037,0.2
20260412_200759_roarm_1_ep03,roarm,roarm_1,85,16.8,210,-160,130,210.432025007853,-161.309011152278,129.06924429323,0.2
20260412_200759_roarm_1_ep03,roarm,roarm_1,86,17,210,-160,130,210.114233066587,-158.521503298524,130.92584155696,0.2
20260412_200759_roarm_1_ep03,roarm,roarm_1,87,17.2,210,-160,130,213.197249594621,-160.488749389315,129.776986536116,0.2
20260412_200759_roarm_1_ep03,roarm,roarm_1,88,17.4,210,-160,130,205.898548090286,-160.462822469262,130.146108341812,0.2
20260412_200759_roarm_1_ep03,roarm,roarm_1,89,17.6,210,-160,130,210.056599002488,-160.971469927675,128.712592984399,0.2
20260412_200759_roarm_1_ep03,roarm,roarm_1,90,17.8,210,-160,130,209.383476600523,-156.699181994325,129.070952912435,0.2
20260412_200759_roarm_1_ep03,roarm,roarm_1,91,18,210,-160,130,210.003996606053,-161.736432642251,131.164531251366,0.2
20260412_200759_roarm_1_ep03,roarm,roarm_1,92,18.2,210,-160,130,211.179654026314,-159.759487493792,129.95246140704,0.2
20260412_200759_roarm_1_ep03,roarm,roarm_1,93,18.4,210,-160,130,212.218312163216,-159.13334376414,129.996468247717,0.2
20260412_200759_roarm_1_ep03,roarm,roarm_1,94,18.6,210,-160,130,210.204997454853,-157.691524307961,130.49483838109,0.2
20260412_200759_roarm_1_ep03,roarm,roarm_1,95,18.8,210,-160,130,210.403289360511,-159.147140895249,129.901409042296,0.2
20260412_200759_roarm_1_ep03,roarm,roarm_1,96,19,210,-160,130,208.519165476174,-159.448588069233,128.377700315965,0.2
20260412_200759_roarm_1_ep03,roarm,roarm_1,97,19.2,210,-160,130,208.958778386556,-158.413086338938,129.305421739829,0.2
20260412_200759_roarm_1_ep03,roarm,roarm_1,98,19.4,210,-160,130,210.405169012904,-160.322904156609,130.277456758445,0.2
20260412_200759_roarm_1_ep03,roarm,roarm_1,99,19.6,210,-160,130,210.635399684627,-160.751385097081,127.875432384119,0.2
20260412_200759_roarm_1_ep03,roarm,roarm_1,100,19.8,210,-160,130,211.531729115475,-160.836880077014,130.284803326388,0.2
20260412_200759_roarm_1_ep03,roarm,roarm_1,101,20,210,-160,130,211.454347497802,-161.623601866194,131.25616781056,0.2
20260412_200759_roarm_1_ep03,roarm,roarm_1,102,20.2,210,-160,130,211.111748369858,-159.816429868087,129.641210029338,0.2
20260412_200759_roarm_1_ep03,roarm,roarm_1,103,20.4,210,-160,130,211.807792499394,-159.33132483994,130.532335162571,0.2
20260412_200759_roarm_1_ep03,roarm,roarm_1,104,20.6,210,-160,130,214.039326373684,-159.168044046946,131.176518450723,0.2
20260412_200759_roarm_1_ep03,roarm,roarm_1,105,20.8,210,-160,130,209.923973718773,-157.296601676937,129.904902517139,0.2
20260412_200759_roarm_1_ep03,roarm,roarm_1,106,21,210,-160,130,208.507509147417,-160.024964625211,128.283952975033,0.2
20260412_200759_roarm_1_ep03,roarm,roarm_1,107,21.2,210,-160,130,211.886393620722,-161.776233764987,130.281644961979,0.2
20260412_200759_roarm_1_ep03,roarm,roarm_1,108,21.4,217.5,-136.666666666667,135,218.871524189078,-135.942545180058,135.373550607694,0.2
20260412_200759_roarm_1_ep03,roarm,roarm_1,109,21.6,225,-113.333333333333,140,223.703285369505,-113.415909117085,140.930401081905,0.2
20260412_200759_roarm_1_ep03,roarm,roarm_1,110,21.8,232.5,-90,145,231.354628808276,-91.8535467091657,144.301333236211,0.2
20260412_200759_roarm_1_ep03,roarm,roarm_1,111,22,240,-66.6666666666667,150,241.28166155127,-67.0785150850146,150.222871093046,0.2
20260412_200759_roarm_1_ep03,roarm,roarm_1,112,22.2,247.5,-43.3333333333333,155,244.882748196195,-44.4922802279278,154.300519489636,0.2
20260412_200759_roarm_1_ep03,roarm,roarm_1,113,22.4,255,-20,160,253.101104440913,-18.2390472105737,161.039894421065,0.2
20260412_200759_roarm_1_ep03,roarm,roarm_1,114,22.6,262.5,3.33333333333334,165,260.149175132937,3.70813638212327,164.03444737483,0.2
20260412_200759_roarm_1_ep03,roarm,roarm_1,115,22.8,270,26.6666666666667,170,269.751381483573,26.7351848363014,171.709555165718,0.2
20260412_200759_roarm_1_ep03,roarm,roarm_1,116,23,277.5,50,175,278.0556546749,49.0153203428421,175.831383083084,0.2
20260412_200759_roarm_1_ep03,roarm,roarm_1,117,23.2,285,73.3333333333333,180,286.314001277769,73.5407953073149,182.242231433706,0.2
20260412_200759_roarm_1_ep03,roarm,roarm_1,118,23.4,292.5,96.6666666666667,185,292.249849972623,95.9780970448088,185.546193455364,0.2
20260412_200759_roarm_1_ep03,roarm,roarm_1,119,23.6,300,120,190,298.046545801879,119.38271397167,189.459922324482,0.2
20260412_200759_roarm_1_ep03,roarm,roarm_1,120,23.8,300,120,190,302.049704876033,121.060273797132,190.607570216406,0.2
20260412_200759_roarm_1_ep04,roarm,roarm_1,121,24,280,0,250,277.478709685109,0.0566717783629124,251.663462461093,0.2
20260412_200759_roarm_1_ep04,roarm,roarm_1,122,24.2,274.166666666667,-13.3333333333333,240,275.41316620704,-11.7618513740578,241.793817583182,0.2
20260412_200759_roarm_1_ep04,roarm,roarm_1,123,24.4,268.333333333333,-26.6666666666667,230,267.605650651398,-27.6171103910485,231.101900361676,0.2
20260412_200759_roarm_1_ep04,roarm,roarm_1,124,24.6,262.5,-40,220,261.424468238756,-36.6999677829753,220.890616835987,0.2
20260412_200759_roarm_1_ep04,roarm,roarm_1,125,24.8,256.666666666667,-53.3333333333333,210,255.713519034178,-53.8935873972398,210.521876377998,0.2
20260412_200759_roarm_1_ep04,roarm,roarm_1,126,25,250.833333333333,-66.6666666666667,200,251.902682478952,-64.9140573486177,200.339968228337,0.2
20260412_200759_roarm_1_ep04,roarm,roarm_1,127,25.2,245,-80,190,243.477905372135,-79.8602816902009,188.463794700576,0.2
20260412_200759_roarm_1_ep04,roarm,roarm_1,128,25.4,239.166666666667,-93.3333333333333,180,240.030993151995,-92.4752401541494,180.14668006838,0.2
20260412_200759_roarm_1_ep04,roarm,roarm_1,129,25.6,233.333333333333,-106.666666666667,170,231.944748098944,-104.756955795637,170.987920865547,0.2
20260412_200759_roarm_1_ep04,roarm,roarm_1,130,25.8,227.5,-120,160,226.432207247434,-122.001454636363,161.004236668243,0.2
20260412_200759_roarm_1_ep04,roarm,roarm_1,131,26,221.666666666667,-133.333333333333,150,222.579432679524,-133.279446697202,150.255350053986,0.2
20260412_200759_roarm_1_ep04,roarm,roarm_1,132,26.2,215.833333333333,-146.666666666667,140,216.879076627911,-147.313435754414,141.553913166647,0.2
20260412_200759_roarm_1_ep04,roarm,roarm_1,133,26.4,210,-160,130,210.519976133116,-161.149727650237,129.506547799987,0.2
20260412_200759_roarm_1_ep04,roarm,roarm_1,134,26.6,210,-160,130,212.256805004721,-160.974785082424,128.939513145735,0.2
20260412_200759_roarm_1_ep04,roarm,roarm_1,135,26.8,210,-133.333333333333,130,211.73209023242,-132.854447882075,132.203528462584,0.2
20260412_200759_roarm_1_ep04,roarm,roarm_1,136,27,210,-106.666666666667,130,209.598139820979,-105.709584556705,129.98063084574,0.2
20260412_200759_roarm_1_ep04,roarm,roarm_1,137,27.2,210,-80,130,210.648382791522,-82.3846117756261,130.24965047371,0.2
20260412_200759_roarm_1_ep04,roarm,roarm_1,138,27.4,210,-53.3333333333334,130,211.144663804985,-53.3419317268139,129.640310152028,0.2
20260412_200759_roarm_1_ep04,roarm,roarm_1,139,27.6,210,-26.6666666666666,130,210.038856696816,-29.800552205643,131.241868281687,0.2
20260412_200759_roarm_1_ep04,roarm,roarm_1,140,27.8,210,0,130,210.51321391549,0.825889156516024,130.654700748902,0.2
20260412_200759_roarm_1_ep04,roarm,roarm_1,141,28,210,26.6666666666667,130,210.430216801563,28.7942030633944,128.88106818402,0.2
20260412_200759_roarm_1_ep04,roarm,roarm_1,142,28.2,210,53.3333333333333,130,209.88796848328,54.9595125617516,129.98545043761,0.2
20260412_200759_roarm_1_ep04,roarm,roarm_1,143,28.4,210,80,130,210.964388312159,77.5701961357588,130.348747529205,0.2
20260412_200759_roarm_1_ep04,roarm,roarm_1,144,28.6,210,106.666666666667,130,211.62512023872,103.306486872565,129.764355720041,0.2
20260412_200759_roarm_1_ep04,roarm,roarm_1,145,28.8,210,133.333333333333,130,208.1202430733,131.788039233515,130.592835691529,0.2
20260412_200759_roarm_1_ep04,roarm,roarm_1,146,29,210,160,130,211.635378866011,159.685807894238,129.480778787939,0.2
20260412_200759_roarm_1_ep04,roarm,roarm_1,147,29.2,210,160,130,212.70336912728,159.87081226507,130.380610430313,0.2
20260412_200759_roarm_1_ep04,roarm,roarm_1,148,29.4,213.333333333333,146.666666666667,137.5,212.811445089024,147.427661198052,136.277832497298,0.2
20260412_200759_roarm_1_ep04,roarm,roarm_1,149,29.6,216.666666666667,133.333333333333,145,216.699013118556,132.004770831596,144.808377183289,0.2
20260412_200759_roarm_1_ep04,roarm,roarm_1,150,29.8,220,120,152.5,221.034271830052,122.938997993362,152.047958575499,0.2
20260412_200759_roarm_1_ep04,roarm,roarm_1,151,30,223.333333333333,106.666666666667,160,224.133215273503,105.981083500186,160.089446131547,0.2
20260412_200759_roarm_1_ep04,roarm,roarm_1,152,30.2,226.666666666667,93.3333333333333,167.5,230.840545840069,93.6053270353929,166.90305484864,0.2
20260412_200759_roarm_1_ep04,roarm,roarm_1,153,30.4,230,80,175,231.50333657672,81.3872181505378,173.478320527411,0.2
20260412_200759_roarm_1_ep04,roarm,roarm_1,154,30.6,233.333333333333,66.6666666666667,182.5,232.37320532677,65.9946438521522,182.246333316813,0.2
20260412_200759_roarm_1_ep04,roarm,roarm_1,155,30.8,236.666666666667,53.3333333333333,190,236.824030642688,52.4927907089379,190.433441572067,0.2
20260412_200759_roarm_1_ep04,roarm,roarm_1,156,31,240,40,197.5,240.706134527726,38.7361443208587,197.875919009427,0.2
20260412_200759_roarm_1_ep04,roarm,roarm_1,157,31.2,243.333333333333,26.6666666666667,205,241.650548626554,27.904001052518,204.786153237971,0.2
20260412_200759_roarm_1_ep04,roarm,roarm_1,158,31.4,246.666666666667,13.3333333333333,212.5,247.746704503258,11.8431309568199,213.28186481729,0.2
20260412_200759_roarm_1_ep04,roarm,roarm_1,159,31.6,250,0,220,249.585599211025,-0.108961934580366,219.728276252573,0.2
20260412_200759_roarm_1_ep04,roarm,roarm_1,160,31.8,250,0,220,251.006861455727,2.70407961000427,220.896098517312,0.2
20260412_200759_roarm_1_ep05,roarm,roarm_1,161,32,210,160,130,209.868964212822,161.413109377266,129.912501539642,0.2
20260412_200759_roarm_1_ep05,roarm,roarm_1,162,32.2,217.5,156.666666666667,135,219.289164009429,155.919414343685,135.43754626973,0.2
20260412_200759_roarm_1_ep05,roarm,roarm_1,163,32.4,225,153.333333333333,140,225.495066283326,151.233120543123,139.478118915947,0.2
20260412_200759_roarm_1_ep05,roarm,roarm_1,164,32.6,232.5,150,145,234.007377590352,148.293315921364,144.846752002406,0.2
20260412_200759_roarm_1_ep05,roarm,roarm_1,165,32.8,240,146.666666666667,150,238.538625980685,145.19741488292,149.078547915531,0.2
20260412_200759_roarm_1_ep05,roarm,roarm_1,166,33,247.5,143.333333333333,155,248.734707582473,143.343180948095,155.374132781704,0.2
20260412_200759_roarm_1_ep05,roarm,roarm_1,167,33.2,255,140,160,254.167207171795,139.813042300957,160.836974250432,0.2
20260412_200759_roarm_1_ep05,roarm,roarm_1,168,33.4,262.5,136.666666666667,165,260.568785695401,135.528897535336,166.02057708971,0.2
20260412_200759_roarm_1_ep05,roarm,roarm_1,169,33.6,270,133.333333333333,170,272.541641088665,132.038550912876,170.439280577504,0.2
20260412_200759_roarm_1_ep05,roarm,roarm_1,170,33.8,277.5,130,175,275.629682942137,130.98655265766,175.133127764681,0.2
20260412_200759_roarm_1_ep05,roarm,roarm_1,171,34,285,126.666666666667,180,283.479314903409,127.430116593649,181.264501024758,0.2
20260412_200759_roarm_1_ep05,roarm,roarm_1,172,34.2,292.5,123.333333333333,185,292.263592461488,121.985386459505,183.882033700953,0.2
20260412_200759_roarm_1_ep05,roarm,roarm_1,173,34.4,300,120,190,298.137174895198,120.597682950468,190.339393132932,0.2
20260412_200759_roarm_1_ep05,roarm,roarm_1,174,34.6,300,120,190,298.824634375911,121.131042799682,188.93441628235,0.2
20260412_200759_roarm_1_ep05,roarm,roarm_1,175,34.8,292.5,123.333333333333,185,294.731044255784,120.141734694792,184.726225555955,0.2
20260412_200759_roarm_1_ep05,roarm,roarm_1,176,35,285,126.666666666667,180,286.129964454101,126.685079256151,180.049070103964,0.2
20260412_200759_roarm_1_ep05,roarm,roarm_1,177,35.2,277.5,130,175,276.737219675325,132.947886321498,174.539664879946,0.2
20260412_200759_roarm_1_ep05,roarm,roarm_1,178,35.4,270,133.333333333333,170,271.046997267303,135.150218215002,169.660240879182,0.2
20260412_200759_roarm_1_ep05,roarm,roarm_1,179,35.6,262.5,136.666666666667,165,264.672968370491,137.332532512162,163.51219762351,0.2
20260412_200759_roarm_1_ep05,roarm,roarm_1,180,35.8,255,140,160,254.293086466204,139.78217733391,160.637923187089,0.2
20260412_200759_roarm_1_ep05,roarm,roarm_1,181,36,247.5,143.333333333333,155,248.569060779243,144.378929572136,153.553001191617,0.2
20260412_200759_roarm_1_ep05,roarm,roarm_1,182,36.2,240,146.666666666667,150,237.711371916606,148.68493414897,150.823446603204,0.2
20260412_200759_roarm_1_ep05,roarm,roarm_1,183,36.4,232.5,150,145,233.118276823476,152.319284631204,146.846948717749,0.2
20260412_200759_roarm_1_ep05,roarm,roarm_1,184,36.6,225,153.333333333333,140,223.841555953349,153.396187603916,140.431067421694,0.2
20260412_200759_roarm_1_ep05,roarm,roarm_1,185,36.8,217.5,156.666666666667,135,217.680548049747,156.970874588887,135.194154727169,0.2
20260412_200759_roarm_1_ep05,roarm,roarm_1,186,37,210,160,130,211.629857008037,155.876914538536,129.994108197459,0.2
20260412_200759_roarm_1_ep05,roarm,roarm_1,187,37.2,210,160,130,209.624350540054,159.296943967753,130.144009406188,0.2
20260412_200759_roarm_1_ep05,roarm,roarm_1,188,37.4,217.5,156.666666666667,135,218.301316441923,156.239256029925,135.018133548859,0.2
20260412_200759_roarm_1_ep05,roarm,roarm_1,189,37.6,225,153.333333333333,140,222.525123285984,151.661896922596,139.626689288569,0.2
20260412_200759_roarm_1_ep05,roarm,roarm_1,190,37.8,232.5,150,145,232.244428429114,148.399534301392,143.819355654437,0.2
20260412_200759_roarm_1_ep05,roarm,roarm_1,191,38,240,146.666666666667,150,240.919375222225,146.868909646456,151.376903270127,0.2
20260412_200759_roarm_1_ep05,roarm,roarm_1,192,38.2,247.5,143.333333333333,155,248.318608177819,141.584879552731,152.78142672051,0.2
20260412_200759_roarm_1_ep05,roarm,roarm_1,193,38.4,255,140,160,255.208855054537,139.659287589286,160.554559503688,0.2
20260412_200759_roarm_1_ep05,roarm,roarm_1,194,38.6,262.5,136.666666666667,165,263.870958274465,136.366391551607,165.148786991661,0.2
20260412_200759_roarm_1_ep05,roarm,roarm_1,195,38.8,270,133.333333333333,170,268.917963776113,135.135272978611,170.051885203916,0.2
20260412_200759_roarm_1_ep05,roarm,roarm_1,196,39,277.5,130,175,276.701116129919,129.313819785271,176.818272819446,0.2
20260412_200759_roarm_1_ep05,roarm,roarm_1,197,39.2,285,126.666666666667,180,285.761937920657,127.297327088053,180.336928312392,0.2
20260412_200759_roarm_1_ep05,roarm,roarm_1,198,39.4,292.5,123.333333333333,185,293.181495162286,124.041714872955,185.006376235234,0.2
20260412_200759_roarm_1_ep05,roarm,roarm_1,199,39.6,300,120,190,302.567385910126,119.640856430841,189.15656189556,0.2
20260412_200759_roarm_1_ep05,roarm,roarm_1,200,39.8,300,120,190,299.380873060391,121.774449109705,190.781520642854,0.2
20260412_200759_roarm_1_ep06,roarm,roarm_1,201,40,280,0,250,281.418395047575,-0.161230763790688,250.056038543574,0.2
20260412_200759_roarm_1_ep06,roarm,roarm_1,202,40.2,281.666666666667,-10,245,283.18690846791,-10.4100589409991,245.430841310456,0.2
20260412_200759_roarm_1_ep06,roarm,roarm_1,203,40.4,283.333333333333,-20,240,282.25656153984,-20.7977590274482,240.541662508855,0.2
20260412_200759_roarm_1_ep06,roarm,roarm_1,204,40.6,285,-30,235,284.682341707959,-32.3484757858663,234.462134933907,0.2
20260412_200759_roarm_1_ep06,roarm,roarm_1,205,40.8,286.666666666667,-40,230,291.030930407306,-39.2607592193089,230.215098339176,0.2
20260412_200759_roarm_1_ep06,roarm,roarm_1,206,41,288.333333333333,-50,225,287.719811217514,-52.7291764538169,225.135598306814,0.2
20260412_200759_roarm_1_ep06,roarm,roarm_1,207,41.2,290,-60,220,285.38155517367,-61.3850721875477,218.544877531953,0.2
20260412_200759_roarm_1_ep06,roarm,roarm_1,208,41.4,291.666666666667,-70,215,291.346725891051,-68.3895741186182,215.515949709249,0.2
20260412_200759_roarm_1_ep06,roarm,roarm_1,209,41.6,293.333333333333,-80,210,292.667834403573,-82.4398069364264,209.466831889386,0.2
20260412_200759_roarm_1_ep06,roarm,roarm_1,210,41.8,295,-90,205,293.221632510742,-89.3557772417394,204.414379385144,0.2
20260412_200759_roarm_1_ep06,roarm,roarm_1,211,42,296.666666666667,-100,200,298.791782771121,-100.176065432812,198.481139813354,0.2
20260412_200759_roarm_1_ep06,roarm,roarm_1,212,42.2,298.333333333333,-110,195,298.452187528632,-108.923948498245,194.504061176485,0.2
20260412_200759_roarm_1_ep06,roarm,roarm_1,213,42.4,300,-120,190,300.926607561868,-119.491043912355,190.384447387877,0.2
20260412_200759_roarm_1_ep06,roarm,roarm_1,214,42.6,300,-120,190,299.510175902862,-120.191466798938,189.865732609739,0.2
20260412_200759_roarm_1_ep06,roarm,roarm_1,215,42.8,292.5,-96.6666666666667,185,292.307281831909,-98.8502674422208,184.981734009652,0.2
20260412_200759_roarm_1_ep06,roarm,roarm_1,216,43,285,-73.3333333333333,180,283.214344770271,-73.1414134630536,178.833554667414,0.2
20260412_200759_roarm_1_ep06,roarm,roarm_1,217,43.2,277.5,-50,175,279.544147827008,-48.7685372663401,174.460806875296,0.2
20260412_200759_roarm_1_ep06,roarm,roarm_1,218,43.4,270,-26.6666666666667,170,273.096918948151,-24.9576309882511,170.853397161099,0.2
20260412_200759_roarm_1_ep06,roarm,roarm_1,219,43.6,262.5,-3.33333333333331,165,259.39087390959,-5.2319643423006,164.297719163863,0.2
20260412_200759_roarm_1_ep06,roarm,roarm_1,220,43.8,255,20,160,254.508459471629,18.032672953473,160.655080616885,0.2
20260412_200759_roarm_1_ep06,roarm,roarm_1,221,44,247.5,43.3333333333333,155,246.715931933324,43.0852756312072,154.451454300204,0.2
20260412_200759_roarm_1_ep06,roarm,roarm_1,222,44.2,240,66.6666666666667,150,239.86761092577,68.724936591338,148.169528559175,0.2
20260412_200759_roarm_1_ep06,roarm,roarm_1,223,44.4,232.5,90,145,231.057803304866,89.293628077997,145.554739930696,0.2
20260412_200759_roarm_1_ep06,roarm,roarm_1,224,44.6,225,113.333333333333,140,223.465372290787,112.546162155149,140.703483761092,0.2
20260412_200759_roarm_1_ep06,roarm,roarm_1,225,44.8,217.5,136.666666666667,135,215.658097923367,138.238080143599,135.342178667824,0.2
20260412_200759_roarm_1_ep06,roarm,roarm_1,226,45,210,160,130,210.854868616554,159.977666547036,129.002548041584,0.2
20260412_200759_roarm_1_ep06,roarm,roarm_1,227,45.2,210,160,130,207.600708532497,160.230071052769,130.715557352603,0.2
20260412_200759_roarm_1_ep06,roarm,roarm_1,228,45.4,213.333333333333,146.666666666667,137.5,214.419637400432,146.537598045072,139.148136441247,0.2
20260412_200759_roarm_1_ep06,roarm,roarm_1,229,45.6,216.666666666667,133.333333333333,145,216.944208391106,132.728855217947,145.105222786684,0.2
20260412_200759_roarm_1_ep06,roarm,roarm_1,230,45.8,220,120,152.5,219.076044780015,121.031295825655,154.056752773717,0.2
20260412_200759_roarm_1_ep06,roarm,roarm_1,231,46,223.333333333333,106.666666666667,160,224.893462606251,107.039059088897,158.639196372025,0.2
20260412_200759_roarm_1_ep06,roarm,roarm_1,232,46.2,226.666666666667,93.3333333333333,167.5,225.711659220013,93.9378998324308,167.423400025509,0.2
20260412_200759_roarm_1_ep06,roarm,roarm_1,233,46.4,230,80,175,232.073653752593,80.9912841182434,173.56630638915,0.2
20260412_200759_roarm_1_ep06,roarm,roarm_1,234,46.6,233.333333333333,66.6666666666667,182.5,234.282797217151,67.6695809269546,184.250700220071,0.2
20260412_200759_roarm_1_ep06,roarm,roarm_1,235,46.8,236.666666666667,53.3333333333333,190,236.794655242172,53.7278562900473,188.424590873645,0.2
20260412_200759_roarm_1_ep06,roarm,roarm_1,236,47,240,40,197.5,239.309491354052,37.759676184611,197.352034980246,0.2
20260412_200759_roarm_1_ep06,roarm,roarm_1,237,47.2,243.333333333333,26.6666666666667,205,242.164120051596,24.7345509256519,204.995514808527,0.2
20260412_200759_roarm_1_ep06,roarm,roarm_1,238,47.4,246.666666666667,13.3333333333333,212.5,245.405616724714,15.2350050900462,214.727383528359,0.2
20260412_200759_roarm_1_ep06,roarm,roarm_1,239,47.6,250,0,220,250.228993018708,0.423390450251319,218.041655051016,0.2
20260412_200759_roarm_1_ep06,roarm,roarm_1,240,47.8,250,0,220,252.246091081605,-0.935738440614916,220.390898555416,0.2
20260412_200759_roarm_2_ep01,roarm,roarm_2,1,0,300,-120,190,298.403915009315,-119.800957791996,188.511629970984,0.2
20260412_200759_roarm_2_ep01,roarm,roarm_2,2,0.2,292.5,-96.6666666666667,185,292.337150175715,-96.3927822316119,184.721554386828,0.2
20260412_200759_roarm_2_ep01,roarm,roarm_2,3,0.4,285,-73.3333333333333,180,285.488579294655,-72.0058403236344,178.406001478268,0.2
20260412_200759_roarm_2_ep01,roarm,roarm_2,4,0.6,277.5,-50,175,275.316958988982,-50.9296635341702,175.428207743879,0.2
20260412_200759_roarm_2_ep01,roarm,roarm_2,5,0.8,270,-26.6666666666667,170,270.518554745167,-27.1996777991695,170.580104779823,0.2
20260412_200759_roarm_2_ep01,roarm,roarm_2,6,1,262.5,-3.33333333333331,165,265.618158496667,-4.95190737738866,164.153915069452,0.2
20260412_200759_roarm_2_ep01,roarm,roarm_2,7,1.2,255,20,160,252.255005781408,20.2004161169485,160.794793543289,0.2
20260412_200759_roarm_2_ep01,roarm,roarm_2,8,1.4,247.5,43.3333333333333,155,246.942748759315,44.968406965642,154.768439245382,0.2
20260412_200759_roarm_2_ep01,roarm,roarm_2,9,1.6,240,66.6666666666667,150,240.365556525393,68.1874918113699,150.587913046781,0.2
20260412_200759_roarm_2_ep01,roarm,roarm_2,10,1.8,232.5,90,145,232.973527667402,92.1397150988492,144.085941487351,0.2
20260412_200759_roarm_2_ep01,roarm,roarm_2,11,2,225,113.333333333333,140,224.302878306105,113.777634557322,139.642957465605,0.2
20260412_200759_roarm_2_ep01,roarm,roarm_2,12,2.2,217.5,136.666666666667,135,216.654214991778,137.747239658645,134.492364941939,0.2
20260412_200759_roarm_2_ep01,roarm,roarm_2,13,2.4,210,160,130,210.592592273419,159.724943092664,129.564197561423,0.2
20260412_200759_roarm_2_ep01,roarm,roarm_2,14,2.6,210,160,130,210.685881259373,160.436647516803,128.026292934795,0.2
20260412_200759_roarm_2_ep01,roarm,roarm_2,15,2.8,217.5,136.666666666667,135,216.991415168091,135.04874702699,135.111895664686,0.2
20260412_200759_roarm_2_ep01,roarm,roarm_2,16,3,225,113.333333333333,140,223.923801795963,113.312094728416,141.253577956647,0.2
20260412_200759_roarm_2_ep01,roarm,roarm_2,17,3.2,232.5,90,145,235.052629242228,91.1978187946119,143.401880256213,0.2
20260412_200759_roarm_2_ep01,roarm,roarm_2,18,3.4,240,66.6666666666667,150,242.200798023438,68.2792740979782,150.253438093813,0.2
20260412_200759_roarm_2_ep01,roarm,roarm_2,19,3.6,247.5,43.3333333333333,155,251.145708277289,42.6419052434768,156.793683151494,0.2
20260412_200759_roarm_2_ep01,roarm,roarm_2,20,3.8,255,20,160,253.340251016323,19.4041520156756,158.827445500103,0.2
20260412_200759_roarm_2_ep01,roarm,roarm_2,21,4,262.5,-3.33333333333334,165,263.343921395308,-2.78741947004289,164.348782139666,0.2
20260412_200759_roarm_2_ep01,roarm,roarm_2,22,4.2,270,-26.6666666666667,170,267.889543005715,-30.7130870435183,169.04637869804,0.2
20260412_200759_roarm_2_ep01,roarm,roarm_2,23,4.4,277.5,-50,175,275.34820608237,-49.0083748291383,176.077427719808,0.2
20260412_200759_roarm_2_ep01,roarm,roarm_2,24,4.6,285,-73.3333333333333,180,281.996755955336,-75.9544149141344,179.521051829778,0.2
20260412_200759_roarm_2_ep01,roarm,roarm_2,25,4.8,292.5,-96.6666666666667,185,293.921005991401,-94.7868692977931,186.47047307727,0.2
20260412_200759_roarm_2_ep01,roarm,roarm_2,26,5,300,-120,190,299.405414258305,-120.986420546402,188.966243755882,0.2
20260412_200759_roarm_2_ep01,roarm,roarm_2,27,5.2,300,-120,190,300.826394999893,-118.852801620308,188.469854599507,0.2
20260412_200759_roarm_2_ep01,roarm,roarm_2,28,5.4,292.5,-96.6666666666667,185,292.290259828067,-97.4636282696885,185.602158530773,0.2
20260412_200759_roarm_2_ep01,roarm,roarm_2,29,5.6,285,-73.3333333333333,180,286.715833775797,-71.5340648719565,180.48749067626,0.2
20260412_200759_roarm_2_ep01,roarm,roarm_2,30,5.8,277.5,-50,175,276.871923347159,-50.7164835275012,173.825664695058,0.2
20260412_200759_roarm_2_ep01,roarm,roarm_2,31,6,270,-26.6666666666667,170,271.746521684757,-28.0142035281851,168.052658691609,0.2
20260412_200759_roarm_2_ep01,roarm,roarm_2,32,6.2,262.5,-3.33333333333331,165,261.259481895178,-1.15674993695938,165.252831523413,0.2
20260412_200759_roarm_2_ep01,roarm,roarm_2,33,6.4,255,20,160,254.449862250234,20.3064468768601,160.388439249802,0.2
20260412_200759_roarm_2_ep01,roarm,roarm_2,34,6.6,247.5,43.3333333333333,155,248.156920303475,43.0629102015949,157.284422644887,0.2
20260412_200759_roarm_2_ep01,roarm,roarm_2,35,6.8,240,66.6666666666667,150,241.587349770531,62.9512468259525,149.048586637529,0.2
20260412_200759_roarm_2_ep01,roarm,roarm_2,36,7,232.5,90,145,232.451262862429,90.745767107657,144.715248914886,0.2
20260412_200759_roarm_2_ep01,roarm,roarm_2,37,7.2,225,113.333333333333,140,224.931203091337,112.845960368942,138.683634205546,0.2
20260412_200759_roarm_2_ep01,roarm,roarm_2,38,7.4,217.5,136.666666666667,135,220.694642057582,136.372482581734,137.324657675937,0.2
20260412_200759_roarm_2_ep01,roarm,roarm_2,39,7.6,210,160,130,208.664671481371,159.614222536627,128.691158742547,0.2
20260412_200759_roarm_2_ep01,roarm,roarm_2,40,7.8,210,160,130,208.716594278568,161.353056623011,130.755764982562,0.2
20260412_200759_roarm_2_ep02,roarm,roarm_2,41,8,300,120,190,298.846012968654,122.333663969646,188.449648634347,0.2
20260412_200759_roarm_2_ep02,roarm,roarm_2,42,8.2,292.5,123.333333333333,185,292.936119023746,121.063796311972,184.274346485118,0.2
20260412_200759_roarm_2_ep02,roarm,roarm_2,43,8.4,285,126.666666666667,180,283.386587008398,128.989892996874,179.837479087688,0.2
20260412_200759_roarm_2_ep02,roarm,roarm_2,44,8.6,277.5,130,175,277.98873119667,127.837137849429,174.039925446022,0.2
20260412_200759_roarm_2_ep02,roarm,roarm_2,45,8.8,270,133.333333333333,170,270.521366618405,133.17865613885,170.660631387969,0.2
20260412_200759_roarm_2_ep02,roarm,roarm_2,46,9,262.5,136.666666666667,165,264.235665078297,135.28758303191,164.02947564043,0.2
20260412_200759_roarm_2_ep02,roarm,roarm_2,47,9.2,255,140,160,255.6841466629,139.81877656103,160.012898734542,0.2
20260412_200759_roarm_2_ep02,roarm,roarm_2,48,9.4,247.5,143.333333333333,155,246.171653845679,141.910454984823,155.446796010439,0.2
20260412_200759_roarm_2_ep02,roarm,roarm_2,49,9.6,240,146.666666666667,150,242.340219671334,146.14689300493,151.1081698996,0.2
20260412_200759_roarm_2_ep02,roarm,roarm_2,50,9.8,232.5,150,145,234.5545677715,151.60799728389,146.516416174146,0.2
20260412_200759_roarm_2_ep02,roarm,roarm_2,51,10,225,153.333333333333,140,225.538170948663,150.911969161557,139.176231208293,0.2
20260412_200759_roarm_2_ep02,roarm,roarm_2,52,10.2,217.5,156.666666666667,135,217.268160495221,154.488742821566,134.475795168417,0.2
20260412_200759_roarm_2_ep02,roarm,roarm_2,53,10.4,210,160,130,211.912045272454,158.829290559581,130.20297983674,0.2
20260412_200759_roarm_2_ep02,roarm,roarm_2,54,10.6,210,160,130,210.421925133844,162.767870150025,129.748176722219,0.2
20260412_200759_roarm_2_ep02,roarm,roarm_2,55,10.8,217.5,156.666666666667,135,218.468041387924,154.819644210974,134.122858274344,0.2
20260412_200759_roarm_2_ep02,roarm,roarm_2,56,11,225,153.333333333333,140,225.489824379073,154.119862554428,139.527832350802,0.2
20260412_200759_roarm_2_ep02,roarm,roarm_2,57,11.2,232.5,150,145,232.912101156822,148.990902009855,145.574249115548,0.2
20260412_200759_roarm_2_ep02,roarm,roarm_2,58,11.4,240,146.666666666667,150,238.946478628244,147.043615403024,150.352412892789,0.2
20260412_200759_roarm_2_ep02,roarm,roarm_2,59,11.6,247.5,143.333333333333,155,249.649321531149,141.669152687549,155.213758738923,0.2
20260412_200759_roarm_2_ep02,roarm,roarm_2,60,11.8,255,140,160,252.410389431257,140.190249711821,160.784311139905,0.2
20260412_200759_roarm_2_ep02,roarm,roarm_2,61,12,262.5,136.666666666667,165,260.899225943172,136.35894998841,166.228617418902,0.2
20260412_200759_roarm_2_ep02,roarm,roarm_2,62,12.2,270,133.333333333333,170,272.483684143826,133.336407059174,171.485826052187,0.2
20260412_200759_roarm_2_ep02,roarm,roarm_2,63,12.4,277.5,130,175,277.262170852536,128.689097181924,174.8961591617,0.2
20260412_200759_roarm_2_ep02,roarm,roarm_2,64,12.6,285,126.666666666667,180,282.386098886414,125.427285109362,179.378776385184,0.2
20260412_200759_roarm_2_ep02,roarm,roarm_2,65,12.8,292.5,123.333333333333,185,294.567642297477,123.667165693817,187.044141994074,0.2
20260412_200759_roarm_2_ep02,roarm,roarm_2,66,13,300,120,190,300.667700768721,120.530455058836,189.776267070653,0.2
20260412_200759_roarm_2_ep02,roarm,roarm_2,67,13.2,300,120,190,298.662688864324,120.254206949899,189.623861036755,0.2
20260412_200759_roarm_2_ep02,roarm,roarm_2,68,13.4,298.333333333333,110,195,295.99745321872,110.772405387576,194.835008986618,0.2
20260412_200759_roarm_2_ep02,roarm,roarm_2,69,13.6,296.666666666667,100,200,297.059663691061,99.2194061970978,200.685396227504,0.2
20260412_200759_roarm_2_ep02,roarm,roarm_2,70,13.8,295,90,205,294.102193688707,90.533679145934,205.668191547896,0.2
20260412_200759_roarm_2_ep02,roarm,roarm_2,71,14,293.333333333333,80,210,293.145307251674,78.6194471899383,210.238640030875,0.2
20260412_200759_roarm_2_ep02,roarm,roarm_2,72,14.2,291.666666666667,70,215,293.282456299503,66.7329431672692,215.114004895584,0.2
20260412_200759_roarm_2_ep02,roarm,roarm_2,73,14.4,290,60,220,290.211706147479,60.5249301186136,219.62132402995,0.2
20260412_200759_roarm_2_ep02,roarm,roarm_2,74,14.6,288.333333333333,50,225,288.840605126582,49.1688673553741,225.255297226119,0.2
20260412_200759_roarm_2_ep02,roarm,roarm_2,75,14.8,286.666666666667,40,230,288.388874689594,39.8638462428616,228.920778275286,0.2
20260412_200759_roarm_2_ep02,roarm,roarm_2,76,15,285,30,235,284.844942908136,30.6511440109729,234.729775660214,0.2
20260412_200759_roarm_2_ep02,roarm,roarm_2,77,15.2,283.333333333333,20,240,285.82525372073,19.3382460003632,239.57492250017,0.2
20260412_200759_roarm_2_ep02,roarm,roarm_2,78,15.4,281.666666666667,10,245,284.111165363933,10.4479607611791,245.535309374887,0.2
20260412_200759_roarm_2_ep02,roarm,roarm_2,79,15.6,280,0,250,282.000452607833,-0.982776281698624,249.814299380428,0.2
20260412_200759_roarm_2_ep02,roarm,roarm_2,80,15.8,280,0,250,281.304237016588,-1.19498992363216,250.238861611391,0.2
20260412_200759_roarm_2_ep03,roarm,roarm_2,81,16,300,120,190,299.396599855993,122.491628087765,189.061995290931,0.2
20260412_200759_roarm_2_ep03,roarm,roarm_2,82,16.2,298.333333333333,110,195,297.768445326192,109.950814449134,195.606995054782,0.2
20260412_200759_roarm_2_ep03,roarm,roarm_2,83,16.4,296.666666666667,100,200,295.033102437351,98.5483353718077,200.304440516627,0.2
20260412_200759_roarm_2_ep03,roarm,roarm_2,84,16.6,295,90,205,294.716287964434,87.4859901340584,203.276400802698,0.2
20260412_200759_roarm_2_ep03,roarm,roarm_2,85,16.8,293.333333333333,80,210,290.73514577852,80.0297145767414,210.453133076046,0.2
20260412_200759_roarm_2_ep03,roarm,roarm_2,86,17,291.666666666667,70,215,292.667269367429,68.4070184715186,212.989160588362,0.2
20260412_200759_roarm_2_ep03,roarm,roarm_2,87,17.2,290,60,220,290.888347178203,59.8736920962288,219.982253291999,0.2
20260412_200759_roarm_2_ep03,roarm,roarm_2,88,17.4,288.333333333333,50,225,287.724190735742,49.5326541107797,226.901754920402,0.2
20260412_200759_roarm_2_ep03,roarm,roarm_2,89,17.6,286.666666666667,40,230,286.435892113396,40.7661826422403,227.828702254698,0.2
20260412_200759_roarm_2_ep03,roarm,roarm_2,90,17.8,285,30,235,282.768987817051,28.8274446208147,235.146792795663,0.2
20260412_200759_roarm_2_ep03,roarm,roarm_2,91,18,283.333333333333,20,240,283.875820760495,23.7646787583947,238.242666491714,0.2
20260412_200759_roarm_2_ep03,roarm,roarm_2,92,18.2,281.666666666667,10,245,279.074446894792,9.57822846065582,244.130575391171,0.2
20260412_200759_roarm_2_ep03,roarm,roarm_2,93,18.4,280,0,250,278.4421223423,1.42934085491997,249.573321842403,0.2
20260412_200759_roarm_2_ep03,roarm,roarm_2,94,18.6,280,0,250,280.70278242232,0.305167918846165,248.399345214562,0.2
20260412_200759_roarm_2_ep03,roarm,roarm_2,95,18.8,280,0,250,281.148791885753,-0.38445873298917,249.337844953097,0.2
20260412_200759_roarm_2_ep03,roarm,roarm_2,96,19,280,0,250,279.770220102862,0.5900174261905,251.104958582191,0.2
20260412_200759_roarm_2_ep03,roarm,roarm_2,97,19.2,280,0,250,280.153134541442,-2.58701857942007,250.834326701498,0.2
20260412_200759_roarm_2_ep03,roarm,roarm_2,98,19.4,280,0,250,279.180283264454,2.7678075110963,250.610033868508,0.2
20260412_200759_roarm_2_ep03,roarm,roarm_2,99,19.6,280,0,250,280.981220179735,-0.511540059917088,249.156749875607,0.2
20260412_200759_roarm_2_ep03,roarm,roarm_2,100,19.8,280,0,250,278.905149869785,-1.94492106830222,249.17632257472,0.2
20260412_200759_roarm_2_ep03,roarm,roarm_2,101,20,280,0,250,281.772890779347,-0.897388872632207,249.940428324082,0.2
20260412_200759_roarm_2_ep03,roarm,roarm_2,102,20.2,280,0,250,282.336078135923,-0.748064995851969,249.798552737472,0.2
20260412_200759_roarm_2_ep03,roarm,roarm_2,103,20.4,280,0,250,281.03700600325,0.299115966919695,250.462601761425,0.2
20260412_200759_roarm_2_ep03,roarm,roarm_2,104,20.6,280,0,250,279.432461298463,-0.265340711110128,251.619900661175,0.2
20260412_200759_roarm_2_ep03,roarm,roarm_2,105,20.8,280,0,250,283.032237156167,-0.0515385347495347,249.225936999976,0.2
20260412_200759_roarm_2_ep03,roarm,roarm_2,106,21,280,0,250,279.863758202091,-0.866136248898928,249.281448234972,0.2
20260412_200759_roarm_2_ep03,roarm,roarm_2,107,21.2,280,0,250,277.038430809418,-2.32513918135009,249.970624610697,0.2
20260412_200759_roarm_2_ep03,roarm,roarm_2,108,21.4,281.666666666667,-10,245,280.696028811968,-8.0165755101601,243.148794092087,0.2
20260412_200759_roarm_2_ep03,roarm,roarm_2,109,21.6,283.333333333333,-20,240,281.940297896508,-19.245861154471,240.469004108269,0.2
20260412_200759_roarm_2_ep03,roarm,roarm_2,110,21.8,285,-30,235,284.339682130014,-31.505146679826,232.628753950483,0.2
20260412_200759_roarm_2_ep03,roarm,roarm_2,111,22,286.666666666667,-40,230,285.952929175447,-39.2956887174863,229.879033250091,0.2
20260412_200759_roarm_2_ep03,roarm,roarm_2,112,22.2,288.333333333333,-50,225,286.279540481134,-48.566365649114,225.736965286738,0.2
20260412_200759_roarm_2_ep03,roarm,roarm_2,113,22.4,290,-60,220,289.714451416226,-59.8766936471509,220.073649885297,0.2
20260412_200759_roarm_2_ep03,roarm,roarm_2,114,22.6,291.666666666667,-70,215,291.934238081954,-68.8422364319677,214.639678163461,0.2
20260412_200759_roarm_2_ep03,roarm,roarm_2,115,22.8,293.333333333333,-80,210,295.71682020268,-81.7171125215637,209.678048573542,0.2
20260412_200759_roarm_2_ep03,roarm,roarm_2,116,23,295,-90,205,293.79868840819,-90.9986136443982,203.348064174089,0.2
20260412_200759_roarm_2_ep03,roarm,roarm_2,117,23.2,296.666666666667,-100,200,298.415272175973,-99.8855773891985,199.873081257492,0.2
20260412_200759_roarm_2_ep03,roarm,roarm_2,118,23.4,298.333333333333,-110,195,298.477656305086,-111.066133330259,194.630046376768,0.2
20260412_200759_roarm_2_ep03,roarm,roarm_2,119,23.6,300,-120,190,301.346060557808,-120.099851454603,190.511022104962,0.2
20260412_200759_roarm_2_ep03,roarm,roarm_2,120,23.8,300,-120,190,300.983048145213,-118.457759765844,189.465027766858,0.2
20260412_200759_roarm_2_ep04,roarm,roarm_2,121,24,300,120,190,298.389992937902,121.637422489289,191.626449133576,0.2
20260412_200759_roarm_2_ep04,roarm,roarm_2,122,24.2,292.5,96.6666666666667,185,290.567255515855,98.4398371333925,185.518985009722,0.2
20260412_200759_roarm_2_ep04,roarm,roarm_2,123,24.4,285,73.3333333333333,180,285.173486395417,72.9763857986664,179.814298307495,0.2
20260412_200759_roarm_2_ep04,roarm,roarm_2,124,24.6,277.5,50,175,278.824378567765,49.0299479590008,174.390204037156,0.2
20260412_200759_roarm_2_ep04,roarm,roarm_2,125,24.8,270,26.6666666666667,170,274.635470283869,29.0539103999111,171.087255074264,0.2
20260412_200759_roarm_2_ep04,roarm,roarm_2,126,25,262.5,3.33333333333331,165,263.937012472206,3.29527277177021,163.260449786407,0.2
20260412_200759_roarm_2_ep04,roarm,roarm_2,127,25.2,255,-20,160,254.713457851591,-18.8578426224854,160.671556648882,0.2
20260412_200759_roarm_2_ep04,roarm,roarm_2,128,25.4,247.5,-43.3333333333333,155,249.906651925078,-41.500088358606,155.453827076499,0.2
20260412_200759_roarm_2_ep04,roarm,roarm_2,129,25.6,240,-66.6666666666667,150,239.172409596182,-67.0906736410301,150.510617655384,0.2
20260412_200759_roarm_2_ep04,roarm,roarm_2,130,25.8,232.5,-90,145,231.793488024649,-90.6671353044047,146.454372120747,0.2
20260412_200759_roarm_2_ep04,roarm,roarm_2,131,26,225,-113.333333333333,140,224.7993286233,-115.705190491355,137.807248575273,0.2
20260412_200759_roarm_2_ep04,roarm,roarm_2,132,26.2,217.5,-136.666666666667,135,217.867789941219,-137.385256958132,134.602579716703,0.2
20260412_200759_roarm_2_ep04,roarm,roarm_2,133,26.4,210,-160,130,209.790570510881,-159.944151113382,128.98089571633,0.2
20260412_200759_roarm_2_ep04,roarm,roarm_2,134,26.6,210,-160,130,209.961979701877,-163.293496251894,129.066125927196,0.2
20260412_200759_roarm_2_ep04,roarm,roarm_2,135,26.8,217.5,-136.666666666667,135,216.90875305041,-136.250584366473,135.277813773214,0.2
20260412_200759_roarm_2_ep04,roarm,roarm_2,136,27,225,-113.333333333333,140,226.900133777153,-110.809849128726,140.444960202297,0.2
20260412_200759_roarm_2_ep04,roarm,roarm_2,137,27.2,232.5,-90,145,231.260137869022,-89.2001106731149,146.252691531751,0.2
20260412_200759_roarm_2_ep04,roarm,roarm_2,138,27.4,240,-66.6666666666667,150,241.692376520075,-66.5129485969508,148.54439597756,0.2
20260412_200759_roarm_2_ep04,roarm,roarm_2,139,27.6,247.5,-43.3333333333333,155,245.566927970949,-43.8824906950451,155.520620472395,0.2
20260412_200759_roarm_2_ep04,roarm,roarm_2,140,27.8,255,-20,160,254.115888891058,-22.3532442156966,161.320989881657,0.2
20260412_200759_roarm_2_ep04,roarm,roarm_2,141,28,262.5,3.33333333333334,165,261.821157777158,4.83389358734254,165.437104294135,0.2
20260412_200759_roarm_2_ep04,roarm,roarm_2,142,28.2,270,26.6666666666667,170,268.042113929153,26.7493813851113,170.67386642579,0.2
20260412_200759_roarm_2_ep04,roarm,roarm_2,143,28.4,277.5,50,175,276.471402692116,48.9585249133225,175.320326000735,0.2
20260412_200759_roarm_2_ep04,roarm,roarm_2,144,28.6,285,73.3333333333333,180,283.443229191382,72.3107966187729,181.325808567259,0.2
20260412_200759_roarm_2_ep04,roarm,roarm_2,145,28.8,292.5,96.6666666666667,185,291.984256086346,97.3486533446541,184.511187446039,0.2
20260412_200759_roarm_2_ep04,roarm,roarm_2,146,29,300,120,190,297.684506597211,119.282336086169,189.438465264299,0.2
20260412_200759_roarm_2_ep04,roarm,roarm_2,147,29.2,300,120,190,300.301620884421,119.245429680466,191.010391615967,0.2
20260412_200759_roarm_2_ep04,roarm,roarm_2,148,29.4,298.333333333333,110,195,295.249622740777,110.583485082185,194.467777956515,0.2
20260412_200759_roarm_2_ep04,roarm,roarm_2,149,29.6,296.666666666667,100,200,298.113562633343,100.102366459427,201.631854524517,0.2
20260412_200759_roarm_2_ep04,roarm,roarm_2,150,29.8,295,90,205,294.387226178032,89.5237330164348,205.475253267057,0.2
20260412_200759_roarm_2_ep04,roarm,roarm_2,151,30,293.333333333333,80,210,294.913560237015,78.1880978019743,207.349954154965,0.2
20260412_200759_roarm_2_ep04,roarm,roarm_2,152,30.2,291.666666666667,70,215,291.381046062281,70.3733642664529,216.523186701654,0.2
20260412_200759_roarm_2_ep04,roarm,roarm_2,153,30.4,290,60,220,289.60895425398,60.1377213134273,220.670473354034,0.2
20260412_200759_roarm_2_ep04,roarm,roarm_2,154,30.6,288.333333333333,50,225,287.405619155699,48.4790053228882,224.770079185157,0.2
20260412_200759_roarm_2_ep04,roarm,roarm_2,155,30.8,286.666666666667,40,230,284.001700366428,40.7583179566041,228.963646875373,0.2
20260412_200759_roarm_2_ep04,roarm,roarm_2,156,31,285,30,235,282.666587056212,30.0878105667342,235.47839827988,0.2
20260412_200759_roarm_2_ep04,roarm,roarm_2,157,31.2,283.333333333333,20,240,282.981536125886,20.7963529244201,240.754179193018,0.2
20260412_200759_roarm_2_ep04,roarm,roarm_2,158,31.4,281.666666666667,10,245,282.68946696766,9.68811933142338,245.265347410625,0.2
20260412_200759_roarm_2_ep04,roarm,roarm_2,159,31.6,280,0,250,279.171594656975,2.26454037234208,249.280027432173,0.2
20260412_200759_roarm_2_ep04,roarm,roarm_2,160,31.8,280,0,250,278.271160939983,-0.939265682544975,249.30573824252,0.2
20260412_200759_roarm_2_ep05,roarm,roarm_2,161,32,250,0,220,252.294408915535,-1.38565013156214,221.067107680621,0.2
20260412_200759_roarm_2_ep05,roarm,roarm_2,162,32.2,254.166666666667,10,217.5,252.72899730235,12.3013562334425,217.208370951617,0.2
20260412_200759_roarm_2_ep05,roarm,roarm_2,163,32.4,258.333333333333,20,215,257.180352688883,21.9804507221679,214.442295231896,0.2
20260412_200759_roarm_2_ep05,roarm,roarm_2,164,32.6,262.5,30,212.5,262.513416509046,31.0907408294985,212.790380860777,0.2
20260412_200759_roarm_2_ep05,roarm,roarm_2,165,32.8,266.666666666667,40,210,265.708092417444,36.840560771482,209.217895272782,0.2
20260412_200759_roarm_2_ep05,roarm,roarm_2,166,33,270.833333333333,50,207.5,271.857079284121,51.6146249706678,207.745633669422,0.2
20260412_200759_roarm_2_ep05,roarm,roarm_2,167,33.2,275,60,205,276.390670033564,60.4842213742369,206.45225289538,0.2
20260412_200759_roarm_2_ep05,roarm,roarm_2,168,33.4,279.166666666667,70,202.5,281.415364824493,69.1250276028985,202.520161058637,0.2
20260412_200759_roarm_2_ep05,roarm,roarm_2,169,33.6,283.333333333333,80,200,284.23524723038,81.9249876028847,200.147652015778,0.2
20260412_200759_roarm_2_ep05,roarm,roarm_2,170,33.8,287.5,90,197.5,286.727751204745,89.9551439799462,196.167024547195,0.2
20260412_200759_roarm_2_ep05,roarm,roarm_2,171,34,291.666666666667,100,195,290.868364984632,98.7106994305506,195.182305453326,0.2
20260412_200759_roarm_2_ep05,roarm,roarm_2,172,34.2,295.833333333333,110,192.5,295.467135597311,111.718495711822,192.696432176987,0.2
20260412_200759_roarm_2_ep05,roarm,roarm_2,173,34.4,300,120,190,298.299698115974,120.658891063595,189.004787721548,0.2
20260412_200759_roarm_2_ep05,roarm,roarm_2,174,34.6,300,120,190,300.310974701451,123.66788859337,189.562357673785,0.2
20260412_200759_roarm_2_ep05,roarm,roarm_2,175,34.8,298.333333333333,110,195,298.635831809658,111.718718621377,193.98490806993,0.2
20260412_200759_roarm_2_ep05,roarm,roarm_2,176,35,296.666666666667,100,200,298.548151303146,99.3987584528715,200.832695096637,0.2
20260412_200759_roarm_2_ep05,roarm,roarm_2,177,35.2,295,90,205,294.199304199835,92.5960649043221,206.193196807244,0.2
20260412_200759_roarm_2_ep05,roarm,roarm_2,178,35.4,293.333333333333,80,210,292.30414329062,82.7438147543793,209.72056056735,0.2
20260412_200759_roarm_2_ep05,roarm,roarm_2,179,35.6,291.666666666667,70,215,292.876578835827,70.2668159224219,214.99512751034,0.2
20260412_200759_roarm_2_ep05,roarm,roarm_2,180,35.8,290,60,220,293.046492368612,57.6920740263875,218.482554125241,0.2
20260412_200759_roarm_2_ep05,roarm,roarm_2,181,36,288.333333333333,50,225,289.551154570809,46.754654351804,225.821655402748,0.2
20260412_200759_roarm_2_ep05,roarm,roarm_2,182,36.2,286.666666666667,40,230,288.627191359367,37.7703964989649,229.967473928124,0.2
20260412_200759_roarm_2_ep05,roarm,roarm_2,183,36.4,285,30,235,284.101855642472,31.3990189322671,234.366731757777,0.2
20260412_200759_roarm_2_ep05,roarm,roarm_2,184,36.6,283.333333333333,20,240,284.539016525906,18.8535430355927,241.077398518263,0.2
20260412_200759_roarm_2_ep05,roarm,roarm_2,185,36.8,281.666666666667,10,245,282.225887063523,8.22116773532605,243.848903820548,0.2
20260412_200759_roarm_2_ep05,roarm,roarm_2,186,37,280,0,250,280.084973128304,-2.96707399927813,250.915747256182,0.2
20260412_200759_roarm_2_ep05,roarm,roarm_2,187,37.2,280,0,250,282.21468806599,0.992021567047029,248.852525605399,0.2
20260412_200759_roarm_2_ep05,roarm,roarm_2,188,37.4,274.166666666667,13.3333333333333,240,274.527394981935,16.6898930242436,241.257680486728,0.2
20260412_200759_roarm_2_ep05,roarm,roarm_2,189,37.6,268.333333333333,26.6666666666667,230,269.152029953381,27.9778374350617,231.343414504616,0.2
20260412_200759_roarm_2_ep05,roarm,roarm_2,190,37.8,262.5,40,220,262.788113176217,39.8402258571209,219.730223476394,0.2
20260412_200759_roarm_2_ep05,roarm,roarm_2,191,38,256.666666666667,53.3333333333333,210,256.908964282221,52.9849163406129,209.235884187463,0.2
20260412_200759_roarm_2_ep05,roarm,roarm_2,192,38.2,250.833333333333,66.6666666666667,200,249.438845689346,67.578467349577,199.434889073828,0.2
20260412_200759_roarm_2_ep05,roarm,roarm_2,193,38.4,245,80,190,243.588231689462,77.9429947013761,188.626435117476,0.2
20260412_200759_roarm_2_ep05,roarm,roarm_2,194,38.6,239.166666666667,93.3333333333333,180,240.196579617704,92.7872514676853,180.619051052574,0.2
20260412_200759_roarm_2_ep05,roarm,roarm_2,195,38.8,233.333333333333,106.666666666667,170,235.156440756684,106.266421827054,170.725452410414,0.2
20260412_200759_roarm_2_ep05,roarm,roarm_2,196,39,227.5,120,160,231.843927505929,119.496949059207,160.447609643223,0.2
20260412_200759_roarm_2_ep05,roarm,roarm_2,197,39.2,221.666666666667,133.333333333333,150,221.208456579919,135.008755212536,149.599776705112,0.2
20260412_200759_roarm_2_ep05,roarm,roarm_2,198,39.4,215.833333333333,146.666666666667,140,215.207603703163,147.661135601835,139.978247226753,0.2
20260412_200759_roarm_2_ep05,roarm,roarm_2,199,39.6,210,160,130,208.973044307385,156.7497743115,128.592130399066,0.2
20260412_200759_roarm_2_ep05,roarm,roarm_2,200,39.8,210,160,130,209.189014005649,161.182470152716,130.698926572099,0.2
20260412_200759_roarm_2_ep06,roarm,roarm_2,201,40,210,-160,130,209.907218620336,-159.326153910869,129.8145004388,0.2
20260412_200759_roarm_2_ep06,roarm,roarm_2,202,40.2,215.833333333333,-146.666666666667,140,217.382495113473,-149.009197197458,142.361924374433,0.2
20260412_200759_roarm_2_ep06,roarm,roarm_2,203,40.4,221.666666666667,-133.333333333333,150,221.261283634594,-135.18149137258,148.854970838217,0.2
20260412_200759_roarm_2_ep06,roarm,roarm_2,204,40.6,227.5,-120,160,227.438097246194,-118.047299862218,159.056694265863,0.2
20260412_200759_roarm_2_ep06,roarm,roarm_2,205,40.8,233.333333333333,-106.666666666667,170,233.9618682467,-107.905325281601,170.954672223248,0.2
20260412_200759_roarm_2_ep06,roarm,roarm_2,206,41,239.166666666667,-93.3333333333333,180,238.339160387968,-94.5296058242137,182.176406653566,0.2
20260412_200759_roarm_2_ep06,roarm,roarm_2,207,41.2,245,-80,190,245.419214426662,-78.0376902231174,190.957490789307,0.2
20260412_200759_roarm_2_ep06,roarm,roarm_2,208,41.4,250.833333333333,-66.6666666666667,200,251.148736681371,-64.6365651241489,199.885917971362,0.2
20260412_200759_roarm_2_ep06,roarm,roarm_2,209,41.6,256.666666666667,-53.3333333333333,210,257.485750000723,-55.6639984653842,208.778037258282,0.2
20260412_200759_roarm_2_ep06,roarm,roarm_2,210,41.8,262.5,-40,220,263.647839237972,-40.5311524682156,219.589828717787,0.2
20260412_200759_roarm_2_ep06,roarm,roarm_2,211,42,268.333333333333,-26.6666666666667,230,268.909695717066,-30.6102433643831,229.639697012908,0.2
20260412_200759_roarm_2_ep06,roarm,roarm_2,212,42.2,274.166666666667,-13.3333333333333,240,272.546858275792,-12.6248394216781,240.030547890843,0.2
20260412_200759_roarm_2_ep06,roarm,roarm_2,213,42.4,280,0,250,277.701997019372,-0.149021605038906,249.774216762881,0.2
20260412_200759_roarm_2_ep06,roarm,roarm_2,214,42.6,280,0,250,280.786506955595,-0.938549865757019,248.650509270637,0.2
20260412_200759_roarm_2_ep06,roarm,roarm_2,215,42.8,281.666666666667,-10,245,281.553302886249,-9.24805425021044,245.360896023287,0.2
20260412_200759_roarm_2_ep06,roarm,roarm_2,216,43,283.333333333333,-20,240,284.324226542747,-21.4051219283885,239.14808041354,0.2
20260412_200759_roarm_2_ep06,roarm,roarm_2,217,43.2,285,-30,235,283.996303398728,-29.0741173298923,235.283640603624,0.2
20260412_200759_roarm_2_ep06,roarm,roarm_2,218,43.4,286.666666666667,-40,230,287.193130219718,-38.4737441286032,230.677656204983,0.2
20260412_200759_roarm_2_ep06,roarm,roarm_2,219,43.6,288.333333333333,-50,225,288.07209028707,-49.7575918237122,227.228081536255,0.2
20260412_200759_roarm_2_ep06,roarm,roarm_2,220,43.8,290,-60,220,292.162514762361,-60.6728033339125,218.135372466823,0.2
20260412_200759_roarm_2_ep06,roarm,roarm_2,221,44,291.666666666667,-70,215,291.07803529524,-69.7986544801919,213.002365059633,0.2
20260412_200759_roarm_2_ep06,roarm,roarm_2,222,44.2,293.333333333333,-80,210,295.287655328589,-77.8710060438649,209.988348333364,0.2
20260412_200759_roarm_2_ep06,roarm,roarm_2,223,44.4,295,-90,205,294.41174241007,-88.8728916401942,205.731076745066,0.2
20260412_200759_roarm_2_ep06,roarm,roarm_2,224,44.6,296.666666666667,-100,200,296.474531809628,-100.834498108814,200.257585856428,0.2
20260412_200759_roarm_2_ep06,roarm,roarm_2,225,44.8,298.333333333333,-110,195,301.125569324528,-112.18253936008,196.718034129317,0.2
20260412_200759_roarm_2_ep06,roarm,roarm_2,226,45,300,-120,190,297.245654521415,-121.255400816108,190.57447383153,0.2
20260412_200759_roarm_2_ep06,roarm,roarm_2,227,45.2,300,-120,190,301.664263570654,-121.295229819151,189.816199355781,0.2
20260412_200759_roarm_2_ep06,roarm,roarm_2,228,45.4,292.5,-123.333333333333,185,291.275727686544,-125.645158770266,186.140959998506,0.2
20260412_200759_roarm_2_ep06,roarm,roarm_2,229,45.6,285,-126.666666666667,180,284.277952113623,-126.620797525423,182.113024235603,0.2
20260412_200759_roarm_2_ep06,roarm,roarm_2,230,45.8,277.5,-130,175,278.012659788986,-130.039305110955,175.720278057718,0.2
20260412_200759_roarm_2_ep06,roarm,roarm_2,231,46,270,-133.333333333333,170,270.360479816221,-135.142948453179,170.734276072764,0.2
20260412_200759_roarm_2_ep06,roarm,roarm_2,232,46.2,262.5,-136.666666666667,165,262.512602079068,-136.800157503882,165.761916767756,0.2
20260412_200759_roarm_2_ep06,roarm,roarm_2,233,46.4,255,-140,160,255.293274774987,-140.821935694661,158.792597326874,0.2
20260412_200759_roarm_2_ep06,roarm,roarm_2,234,46.6,247.5,-143.333333333333,155,248.476781117785,-142.152161790533,155.203237318829,0.2
20260412_200759_roarm_2_ep06,roarm,roarm_2,235,46.8,240,-146.666666666667,150,240.137601203428,-146.801279604578,149.881693617319,0.2
20260412_200759_roarm_2_ep06,roarm,roarm_2,236,47,232.5,-150,145,232.184923252393,-147.84961242292,146.160610460784,0.2
20260412_200759_roarm_2_ep06,roarm,roarm_2,237,47.2,225,-153.333333333333,140,224.440718346734,-152.223748929377,139.420220585723,0.2
20260412_200759_roarm_2_ep06,roarm,roarm_2,238,47.4,217.5,-156.666666666667,135,216.424783241736,-156.850056612518,135.20727382887,0.2
20260412_200759_roarm_2_ep06,roarm,roarm_2,239,47.6,210,-160,130,209.1517999081,-162.158829158082,130.80034458716,0.2
20260412_200759_roarm_2_ep06,roarm,roarm_2,240,47.8,210,-160,130,209.330810666199,-159.965563693009,130.584728877092,0.2
